
*** baseline

*** /Users/korykehl/.rustup/toolchains/stable-aarch64-apple-darwin/bin/cargo test --no-run --verbose --package=nestweaver-daemon@7.0.0
       Fresh unicode-ident v1.0.24
       Fresh shlex v2.0.1
       Fresh find-msvc-tools v0.1.9
       Fresh cfg-if v1.0.4
       Fresh memchr v2.8.3
       Fresh libc v0.2.189
       Fresh itoa v1.0.18
       Fresh smallvec v1.15.2
       Fresh equivalent v1.0.2
       Fresh bitflags v2.13.1
       Fresh regex-syntax v0.8.11
       Fresh proc-macro2 v1.0.107
       Fresh jobserver v0.1.35
       Fresh foldhash v0.2.0
       Fresh allocator-api2 v0.2.21
       Fresh pin-project-lite v0.2.17
       Fresh autocfg v1.5.1
       Fresh pkg-config v0.3.33
       Fresh tree-sitter-language v0.1.7
       Fresh quote v1.0.47
       Fresh cc v1.2.67
       Fresh scopeguard v1.2.0
       Fresh fnv v1.0.7
       Fresh futures-core v0.3.34
       Fresh syn v2.0.119
       Fresh syn v3.0.0
       Fresh libm v0.2.16
       Fresh zmij v1.0.23
       Fresh lock_api v0.4.14
       Fresh parking_lot_core v0.9.12
       Fresh stable_deref_trait v1.2.1
       Fresh futures-sink v0.3.34
       Fresh serde_derive v1.0.229
       Fresh num-traits v0.2.19
       Fresh parking_lot v0.12.5
       Fresh crossbeam-utils v0.8.22
       Fresh tracing-core v0.1.36
       Fresh tracing-attributes v0.1.31
       Fresh siphasher v1.0.3
       Fresh synstructure v0.13.2
       Fresh serde v1.0.229
       Fresh tracing v0.1.44
       Fresh zerocopy-derive v0.8.54
       Fresh slab v0.4.12
       Fresh futures-channel v0.3.34
       Fresh aho-corasick v1.1.4
       Fresh fastrand v2.5.0
       Fresh getrandom v0.3.4
       Fresh zerocopy v0.8.54
       Fresh zerofrom-derive v0.1.7
       Fresh futures-macro v0.3.34
       Fresh cmake v0.1.58
       Fresh futures-task v0.3.34
       Fresh futures-io v0.3.34
       Fresh crossbeam-epoch v0.9.20
       Fresh zerofrom v0.1.8
   Compiling rustix v1.1.4
       Fresh futures-util v0.3.34
       Fresh yoke-derive v0.8.2
       Fresh ryu v1.0.23
       Fresh version_check v0.9.5
       Fresh heck v0.5.0
       Fresh bytemuck_derive v1.11.0
       Fresh strsim v0.11.1
     Running `/Users/korykehl/dev/workspaces/nw-x/target/debug/build/rustix-4de2fe605062e1bd/build-script-build`
       Fresh crossbeam-deque v0.8.7
       Fresh yoke v0.8.3
       Fresh byteorder v1.5.0
       Fresh ident_case v1.0.1
       Fresh bytemuck v1.25.1
       Fresh tokio-macros v2.7.1
       Fresh thiserror-impl v2.0.20
       Fresh signal-hook-registry v1.4.8
       Fresh rustversion v1.0.23
       Fresh rayon-core v1.13.0
       Fresh socket2 v0.6.5
       Fresh mio v1.2.2
       Fresh typenum v1.20.1
       Fresh hashbrown v0.17.1
       Fresh percent-encoding v2.3.2
       Fresh http v1.4.2
       Fresh core-foundation-sys v0.8.7
       Fresh thiserror v2.0.20
       Fresh indexmap v2.14.0
       Fresh hybrid-array v0.4.13
   Compiling tokio v1.53.1
       Fresh rayon v1.12.0
       Fresh fs_extra v1.3.0
       Fresh dunce v1.0.5
       Fresh rand_core v0.9.5
       Fresh ppv-lite86 v0.2.21
       Fresh http-body v1.1.0
     Running `/Users/korykehl/.rustup/toolchains/stable-aarch64-apple-darwin/bin/rustc --crate-name tokio --edition=2021 /Users/korykehl/.cargo/registry/src/index.crates.io-1949cf8c6b5b557f/tokio-1.53.1/src/lib.rs --error-format=json --json=diagnostic-rendered-ansi,artifacts,future-incompat --crate-type lib --emit=dep-info,metadata,link -C embed-bitcode=no -C debuginfo=2 -C split-debuginfo=unpacked --warn=unexpected_cfgs --check-cfg 'cfg(fuzzing)' --check-cfg 'cfg(loom)' --check-cfg 'cfg(mio_unsupported_force_poll_poll)' --check-cfg 'cfg(tokio_allow_from_blocking_fd)' --check-cfg 'cfg(tokio_internal_mt_counters)' --check-cfg 'cfg(tokio_no_parking_lot)' --check-cfg 'cfg(tokio_no_tuning_tests)' --check-cfg 'cfg(tokio_unstable)' --check-cfg 'cfg(target_os, values("cygwin"))' --cfg 'feature="bytes"' --cfg 'feature="default"' --cfg 'feature="fs"' --cfg 'feature="full"' --cfg 'feature="io-std"' --cfg 'feature="io-util"' --cfg 'feature="libc"' --cfg 'feature="macros"' --cfg 'feature="mio"' --cfg 'feature="net"' --cfg 'feature="parking_lot"' --cfg 'feature="process"' --cfg 'feature="rt"' --cfg 'feature="rt-multi-thread"' --cfg 'feature="signal"' --cfg 'feature="signal-hook-registry"' --cfg 'feature="socket2"' --cfg 'feature="sync"' --cfg 'feature="time"' --cfg 'feature="tokio-macros"' --check-cfg 'cfg(docsrs,test)' --check-cfg 'cfg(feature, values("bytes", "default", "fs", "full", "io-std", "io-uring", "io-util", "libc", "macros", "mio", "net", "parking_lot", "process", "rt", "rt-multi-thread", "schedule-latency", "signal", "signal-hook-registry", "socket2", "sync", "taskdump", "test-util", "time", "tokio-macros", "tracing", "windows-sys"))' -C metadata=859053f7033c7917 -C extra-filename=-75b377799b8d4e93 --out-dir /Users/korykehl/dev/workspaces/nw-x/target/debug/deps -L dependency=/Users/korykehl/dev/workspaces/nw-x/target/debug/deps --extern bytes=/Users/korykehl/dev/workspaces/nw-x/target/debug/deps/libbytes-018747fc49d302d0.rmeta --extern libc=/Users/korykehl/dev/workspaces/nw-x/target/debug/deps/liblibc-efbcba732f888a3d.rmeta --extern mio=/Users/korykehl/dev/workspaces/nw-x/target/debug/deps/libmio-1e110348b977d115.rmeta --extern parking_lot=/Users/korykehl/dev/workspaces/nw-x/target/debug/deps/libparking_lot-e7e9aaacc548ce27.rmeta --extern pin_project_lite=/Users/korykehl/dev/workspaces/nw-x/target/debug/deps/libpin_project_lite-2ef770aeba0ec911.rmeta --extern signal_hook_registry=/Users/korykehl/dev/workspaces/nw-x/target/debug/deps/libsignal_hook_registry-ea0ba638b09a1b46.rmeta --extern socket2=/Users/korykehl/dev/workspaces/nw-x/target/debug/deps/libsocket2-3c21cfc8319fbdb7.rmeta --extern tokio_macros=/Users/korykehl/dev/workspaces/nw-x/target/debug/deps/libtokio_macros-6bb9178438923766.dylib --cap-lints allow`
       Fresh anyhow v1.0.104
       Fresh rand_chacha v0.9.0
       Fresh crypto-common v0.2.2
       Fresh block-buffer v0.12.1
       Fresh zerovec-derive v0.11.3
       Fresh const-oid v0.10.2
       Fresh either v1.16.0
       Fresh rand v0.9.5
       Fresh zerovec v0.11.6
       Fresh num-complex v0.4.6
       Fresh displaydoc v0.2.6
       Fresh thiserror-impl v1.0.69
       Fresh zeroize v1.9.0
       Fresh tower-service v0.3.3
       Fresh base64 v0.22.1
       Fresh serde_core v1.0.229
       Fresh thiserror v1.0.69
       Fresh phf_shared v0.11.3
       Fresh prost-derive v0.14.4
       Fresh getrandom v0.2.17
       Fresh unicase v2.9.0
       Fresh rand_core v0.10.1
       Fresh lazy_static v1.5.0
       Fresh untrusted v0.9.0
       Fresh prettyplease v0.2.37
       Fresh rustls-pki-types v1.15.0
       Fresh aws-lc-sys v0.43.0
       Fresh deranged v0.5.8
       Fresh ring v0.17.14
       Fresh cpufeatures v0.3.0
       Fresh rand_core v0.6.4
       Fresh atomic-waker v1.1.2
       Fresh time-core v0.1.9
       Fresh cmov v0.5.4
       Fresh powerfmt v0.2.0
       Fresh try-lock v0.2.5
       Fresh num-conv v0.2.2
       Fresh httparse v1.10.1
       Fresh rand v0.8.7
       Fresh want v0.3.1
       Fresh time v0.3.55
       Fresh ctutils v0.4.2
       Fresh aws-lc-rs v1.17.3
       Fresh system-configuration-sys v0.6.0
       Fresh paste v1.0.15
       Fresh tinystr v0.8.3
       Fresh core-foundation v0.9.4
       Fresh itertools v0.14.0
       Fresh async-trait v0.1.92
       Fresh minimal-lexical v0.2.1
       Fresh litemap v0.8.2
       Fresh httpdate v1.0.3
       Fresh tower-layer v0.3.3
       Fresh mime v0.3.17
       Fresh writeable v0.6.3
       Fresh icu_locale_core v2.2.0
       Fresh nom v7.1.3
       Fresh phf_generator v0.11.3
       Fresh system-configuration v0.7.0
       Fresh rustls-webpki v0.103.13
       Fresh zerotrie v0.2.4
       Fresh potential_utf v0.1.5
       Fresh form_urlencoded v1.2.2
       Fresh sync_wrapper v1.0.2
       Fresh subtle v2.6.1
       Fresh ipnet v2.12.0
       Fresh utf8_iter v1.0.4
       Fresh vcpkg v0.2.15
       Fresh icu_provider v2.2.0
       Fresh serde_json v1.0.151
       Fresh icu_collections v2.2.0
       Fresh rustls v0.23.43
       Fresh rand_distr v0.5.1
       Fresh http-body-util v0.1.4
       Fresh hashbrown v0.16.1
       Fresh new_debug_unreachable v1.0.6
       Fresh unicode-width v0.1.14
       Fresh icu_normalizer_data v2.2.0
       Fresh icu_properties_data v2.2.0
       Fresh half v2.7.1
       Fresh phf_codegen v0.11.3
       Fresh string_cache_codegen v0.5.4
       Fresh enum-as-inner v0.6.1
       Fresh dyn-stack-macros v0.1.3
       Fresh reborrow v0.5.5
       Fresh mac v0.1.1
       Fresh same-file v1.0.6
       Fresh semver v1.0.28
       Fresh pulp-wasm-simd-flag v0.1.1
       Fresh futf v0.1.5
       Fresh crc32fast v1.5.0
       Fresh dyn-stack v0.13.2
       Fresh rustc_version v0.4.1
       Fresh walkdir v2.5.0
       Fresh pulp v0.22.3
       Fresh phf_generator v0.13.1
       Fresh sysctl v0.6.0
       Fresh crunchy v0.2.4
       Fresh ahash v0.8.12
       Fresh icu_normalizer v2.2.0
       Fresh icu_properties v2.2.0
       Fresh serde_urlencoded v0.7.1
       Fresh darling_core v0.23.0
   Compiling darling_core v0.20.11
       Fresh ownedbytes v0.9.0
       Fresh raw-cpuid v11.6.0
       Fresh errno v0.3.14
       Fresh seq-macro v0.3.6
     Running `/Users/korykehl/.rustup/toolchains/stable-aarch64-apple-darwin/bin/rustc --crate-name darling_core --edition=2021 /Users/korykehl/.cargo/registry/src/index.crates.io-1949cf8c6b5b557f/darling_core-0.20.11/src/lib.rs --error-format=json --json=diagnostic-rendered-ansi,artifacts,future-incompat --crate-type lib --emit=dep-info,metadata,link -C embed-bitcode=no --cfg 'feature="strsim"' --cfg 'feature="suggestions"' --check-cfg 'cfg(docsrs,test)' --check-cfg 'cfg(feature, values("diagnostics", "strsim", "suggestions"))' -C metadata=bd4dea89c030766f -C extra-filename=-11cf2169ad3ad5df --out-dir /Users/korykehl/dev/workspaces/nw-x/target/debug/deps -L dependency=/Users/korykehl/dev/workspaces/nw-x/target/debug/deps --extern fnv=/Users/korykehl/dev/workspaces/nw-x/target/debug/deps/libfnv-e060eddf16e26b46.rmeta --extern ident_case=/Users/korykehl/dev/workspaces/nw-x/target/debug/deps/libident_case-eb169d33889b8380.rmeta --extern proc_macro2=/Users/korykehl/dev/workspaces/nw-x/target/debug/deps/libproc_macro2-1a6012d91d294043.rmeta --extern quote=/Users/korykehl/dev/workspaces/nw-x/target/debug/deps/libquote-9b5ff352acdcb4e6.rmeta --extern strsim=/Users/korykehl/dev/workspaces/nw-x/target/debug/deps/libstrsim-a75ff745f29bb765.rmeta --extern syn=/Users/korykehl/dev/workspaces/nw-x/target/debug/deps/libsyn-3d13fa88701a9112.rmeta --cap-lints allow`
       Fresh bytes v1.12.1
       Fresh tinyvec_macros v0.1.1
       Fresh cxxbridge-flags v1.0.138
       Fresh termcolor v1.4.1
       Fresh utf-8 v0.7.6
       Fresh option-ext v0.2.0
       Fresh precomputed-hash v0.1.1
       Fresh darling_macro v0.23.0
       Fresh dirs-sys v0.5.0
       Fresh tendril v0.4.3
       Fresh codespan-reporting v0.11.1
       Fresh tinyvec v1.12.0
       Fresh hashbrown v0.15.5
       Fresh string_cache v0.8.9
       Fresh tantivy-common v0.11.0
       Fresh gemm-common v0.19.0
       Fresh idna_adapter v1.2.2
       Fresh scratch v1.0.9
       Fresh phf_codegen v0.13.1
       Fresh bitpacking v0.9.3
   Compiling pulldown-cmark v0.13.4
       Fresh getrandom v0.4.3
       Fresh prost v0.14.4
       Fresh phf v0.11.3
       Fresh num-integer v0.1.46
       Fresh memmap2 v0.9.11
       Fresh openssl-src v300.6.1+3.6.3
       Fresh regex-automata v0.4.18
     Running `/Users/korykehl/.rustup/toolchains/stable-aarch64-apple-darwin/bin/rustc --crate-name pulldown_cmark --edition=2021 /Users/korykehl/.cargo/registry/src/index.crates.io-1949cf8c6b5b557f/pulldown-cmark-0.13.4/src/lib.rs --error-format=json --json=diagnostic-rendered-ansi,artifacts,future-incompat --crate-type lib --emit=dep-info,metadata,link -C embed-bitcode=no --warn=unexpected_cfgs --check-cfg 'cfg(rustbuild)' --check-cfg 'cfg(docsrs,test)' --check-cfg 'cfg(feature, values("default", "gen-tests", "getopts", "html", "pulldown-cmark-escape", "serde", "simd"))' -C metadata=053f14964267e052 -C extra-filename=-69001e48a7e3c6e1 --out-dir /Users/korykehl/dev/workspaces/nw-x/target/debug/deps -L dependency=/Users/korykehl/dev/workspaces/nw-x/target/debug/deps --extern bitflags=/Users/korykehl/dev/workspaces/nw-x/target/debug/deps/libbitflags-aa80617355351bcd.rmeta --extern memchr=/Users/korykehl/dev/workspaces/nw-x/target/debug/deps/libmemchr-e5948309a90d7cec.rmeta --extern unicase=/Users/korykehl/dev/workspaces/nw-x/target/debug/deps/libunicase-20ca2f8d6e7f5038.rmeta --cap-lints allow`
       Fresh entities v1.0.1
       Fresh hex v0.4.3
       Fresh utf8-ranges v1.0.5
       Fresh once_cell v1.21.4
       Fresh fixedbitset v0.5.7
       Fresh rustc-hash v2.1.3
       Dirty nestweaver-schema v7.0.0 (/private/var/folders/wy/f399vst543dbrw08w_y3wmh00000gn/T/cargo-mutants-nw-x-PD9tpz.tmp/crates/nestweaver-schema): the file `crates/nestweaver-schema/src/edges.rs` has changed (1787673082.742682000s, 15m 35s after last build at 1787672147.106953529s)
   Compiling nestweaver-schema v7.0.0 (/private/var/folders/wy/f399vst543dbrw08w_y3wmh00000gn/T/cargo-mutants-nw-x-PD9tpz.tmp/crates/nestweaver-schema)
       Fresh tantivy-fst v0.5.0
       Fresh petgraph v0.8.3
       Fresh markup5ever v0.12.1
       Fresh regex v1.13.1
       Fresh cxx-build v1.0.138
       Fresh idna v1.1.0
       Fresh tantivy-bitpacker v0.10.0
       Fresh typeid v1.0.3
       Fresh unicode-normalization v0.1.25
       Fresh dirs v6.0.0
       Fresh darling v0.23.0
       Fresh axum-core v0.5.6
       Fresh phf_shared v0.13.1
     Running `/Users/korykehl/.rustup/toolchains/stable-aarch64-apple-darwin/bin/rustc --crate-name nestweaver_schema --edition=2024 crates/nestweaver-schema/src/lib.rs --error-format=json --json=diagnostic-rendered-ansi,artifacts,future-incompat --crate-type lib --emit=dep-info,metadata,link -C embed-bitcode=no -C debuginfo=2 -C split-debuginfo=unpacked --check-cfg 'cfg(docsrs,test)' --check-cfg 'cfg(feature, values())' -C metadata=3fdda588cad9839c -C extra-filename=-85f814ab3a400b43 --out-dir /Users/korykehl/dev/workspaces/nw-x/target/debug/deps -C incremental=/Users/korykehl/dev/workspaces/nw-x/target/debug/incremental -L dependency=/Users/korykehl/dev/workspaces/nw-x/target/debug/deps --extern hex=/Users/korykehl/dev/workspaces/nw-x/target/debug/deps/libhex-ce021e0d3a439a1a.rmeta --extern serde=/Users/korykehl/dev/workspaces/nw-x/target/debug/deps/libserde-6be3bd885dc1796f.rmeta --extern serde_json=/Users/korykehl/dev/workspaces/nw-x/target/debug/deps/libserde_json-533f344c4d340a25.rmeta --extern sha2=/Users/korykehl/dev/workspaces/nw-x/target/debug/deps/libsha2-129f6766a5de7bd8.rmeta --extern thiserror=/Users/korykehl/dev/workspaces/nw-x/target/debug/deps/libthiserror-29a3536a50db9dbc.rmeta`
       Fresh serde_path_to_error v0.1.20
       Fresh multimap v0.10.1
       Fresh beef v0.5.2
       Fresh unsafe-libyaml v0.2.11
       Fresh winnow v1.0.4
       Fresh murmurhash32 v0.3.1
       Fresh matchit v0.8.4
       Fresh hashbrown v0.14.5
       Fresh arrayvec v0.7.8
       Fresh log v0.4.33
       Fresh logos-codegen v0.15.1
       Fresh tantivy-stacker v0.7.0
       Fresh toml_parser v1.1.3+spec-1.1.0
       Fresh phf v0.13.1
       Fresh erased-serde v0.4.10
       Fresh tantivy-sstable v0.7.0
       Fresh caseless v0.2.2
       Fresh bon-macros v3.9.3
       Fresh portable-atomic v1.14.0
       Fresh jetscii v0.5.3
       Fresh num-bigint v0.4.8
       Fresh link-cplusplus v1.0.12
   Compiling uuid v1.24.1
       Fresh tonic-build v0.14.6
       Fresh core-foundation v0.10.1
       Fresh security-framework-sys v2.17.0
       Fresh cxxbridge-macro v1.0.138
       Fresh rmp v0.8.15
       Fresh crossbeam-channel v0.5.16
     Running `/Users/korykehl/.rustup/toolchains/stable-aarch64-apple-darwin/bin/rustc --crate-name uuid --edition=2021 /Users/korykehl/.cargo/registry/src/index.crates.io-1949cf8c6b5b557f/uuid-1.24.1/src/lib.rs --error-format=json --json=diagnostic-rendered-ansi,artifacts,future-incompat --crate-type lib --emit=dep-info,metadata,link -C embed-bitcode=no -C debuginfo=2 -C split-debuginfo=unpacked --allow=unexpected_cfgs --check-cfg 'cfg(uuid_unstable)' --cfg 'feature="default"' --cfg 'feature="rng"' --cfg 'feature="serde"' --cfg 'feature="std"' --cfg 'feature="v4"' --check-cfg 'cfg(docsrs,test)' --check-cfg 'cfg(feature, values("arbitrary", "atomic", "borsh", "bytemuck", "default", "fast-rng", "js", "macro-diagnostics", "md5", "rng", "rng-getrandom", "rng-rand", "serde", "sha1", "slog", "std", "uuid-rng-internal-lib", "v1", "v3", "v4", "v5", "v6", "v7", "v8", "zerocopy"))' -C metadata=5ffd84e9ff082c5b -C extra-filename=-2d23766b4fb0e6ab --out-dir /Users/korykehl/dev/workspaces/nw-x/target/debug/deps -L dependency=/Users/korykehl/dev/workspaces/nw-x/target/debug/deps --extern getrandom=/Users/korykehl/dev/workspaces/nw-x/target/debug/deps/libgetrandom-b527063a8d2b545e.rmeta --extern serde_core=/Users/korykehl/dev/workspaces/nw-x/target/debug/deps/libserde_core-655f4ad2a9bea0d9.rmeta --cap-lints allow`
       Fresh ordered-float v5.3.0
       Fresh pin-project-internal v1.1.13
       Fresh typetag-impl v0.2.23
       Fresh toml_datetime v1.1.1+spec-1.1.0
       Fresh streaming-iterator v0.1.9
       Fresh downcast-rs v2.0.2
       Fresh typed-arena v2.0.2
       Fresh inventory v0.3.24
       Fresh finl_unicode v1.4.0
       Fresh bit-vec v0.8.0
       Fresh foldhash v0.1.5
       Fresh unicode-width v0.2.2
       Fresh toml_writer v1.1.2+spec-1.1.0
       Fresh fastdivide v0.4.2
       Fresh typetag v0.2.23
       Fresh bit-set v0.8.0
       Fresh tantivy-columnar v0.7.0
       Fresh console v0.16.4
       Fresh cxx v1.0.138
       Fresh comrak v0.54.0
       Fresh tree-sitter v0.26.12
       Fresh pin-project v1.1.13
       Fresh tantivy-query-grammar v0.26.0
       Fresh rmp-serde v1.3.1
       Fresh security-framework v3.7.0
       Fresh num-rational v0.4.2
   Compiling bon v3.9.3
       Fresh html5ever v0.27.0
       Fresh tree-sitter-zig v1.1.2
       Fresh tree-sitter-objc v3.0.2
       Fresh tree-sitter-c v0.24.2
       Fresh tree-sitter-php v0.24.2
       Fresh tree-sitter-dart v0.2.0
     Running `/Users/korykehl/.rustup/toolchains/stable-aarch64-apple-darwin/bin/rustc --crate-name bon --edition=2021 /Users/korykehl/.cargo/registry/src/index.crates.io-1949cf8c6b5b557f/bon-3.9.3/src/lib.rs --error-format=json --json=diagnostic-rendered-ansi,artifacts,future-incompat --crate-type lib --emit=dep-info,metadata,link -C embed-bitcode=no -C debuginfo=2 -C split-debuginfo=unpacked '--warn=clippy::nursery' '--warn=clippy::pedantic' '--warn=clippy::zero_sized_map_values' '--warn=clippy::wildcard_dependencies' '--warn=clippy::verbose_bit_mask' --warn=variant_size_differences '--warn=clippy::useless_transmute' '--warn=clippy::useless_let_if_seq' '--warn=clippy::unused_rounding' --warn=unused_qualifications '--warn=clippy::unused_peekable' --warn=unused_macro_rules --warn=unused_lifetimes --warn=unused_import_braces --warn=unused_extern_crates '--warn=clippy::unused_async' --warn=unstable_features --warn=unsafe_code --warn=unreachable_pub '--warn=clippy::unnested_or_patterns' '--warn=clippy::unnecessary_wraps' '--warn=clippy::unnecessary_struct_initialization' '--warn=clippy::unnecessary_self_imports' '--warn=clippy::unnecessary_join' --warn=unnameable_types --warn=unit_bindings '--warn=clippy::unicode_not_nfc' --warn=unexpected_cfgs '--warn=rustdoc::unescaped_backticks' '--warn=clippy::unchecked_time_subtraction' '--warn=clippy::type_repetition_in_bounds' '--warn=clippy::try_err' --warn=trivial_numeric_casts --warn=trivial_casts '--warn=clippy::transmute_undefined_repr' '--warn=clippy::transmute_ptr_to_ptr' '--warn=clippy::trait_duplication_in_bounds' '--warn=clippy::trailing_empty_array' '--warn=clippy::suspicious_xor_used_as_pow' '--warn=clippy::suspicious_operation_groupings' '--warn=clippy::suboptimal_flops' '--warn=clippy::string_lit_as_bytes' --warn=single_use_lifetimes '--warn=clippy::same_functions_in_if_condition' '--warn=clippy::rest_pat_in_fully_bound_structs' '--warn=clippy::ref_option_ref' '--warn=clippy::ref_binding_to_reference' --warn=redundant_lifetimes '--warn=clippy::redundant_feature_names' '--warn=clippy::redundant_clone' '--warn=clippy::read_zero_byte_vec' '--warn=clippy::rc_mutex' '--warn=clippy::rc_buffer' '--warn=clippy::range_plus_one' '--warn=clippy::range_minus_one' '--warn=clippy::ptr_as_ptr' '--warn=clippy::path_buf_push_overwrite' '--warn=clippy::or_fun_call' '--warn=clippy::nonstandard_macro_braces' '--warn=clippy::non_send_fields_in_send_ty' --warn=non_local_definitions --warn=non_ascii_idents '--warn=clippy::no_mangle_with_rust_abi' '--warn=clippy::no_effect_underscore_binding' '--warn=clippy::negative_feature_names' '--warn=clippy::needless_for_each' '--warn=clippy::needless_collect' '--warn=clippy::needless_bitwise_bool' '--warn=clippy::naive_bytecount' '--warn=clippy::mut_mut' '--warn=clippy::mixed_read_write_in_expression' --warn=missing_unsafe_on_extern --warn=missing_docs --warn=missing_debug_implementations '--warn=rustdoc::missing_crate_level_docs' --warn=missing_abi --warn=meta_variable_misuse '--warn=clippy::maybe_infinite_iter' '--warn=clippy::match_wild_err_arm' '--allow=clippy::map_unwrap_or' '--warn=clippy::map_flatten' '--warn=clippy::many_single_char_names' '--warn=clippy::manual_ok_or' '--allow=clippy::manual_let_else' '--warn=clippy::manual_instant_elapsed' '--warn=clippy::manual_clamp' --warn=macro_use_extern_crate '--warn=clippy::lossy_float_literal' '--warn=clippy::linkedlist' --warn=let_underscore_drop '--warn=clippy::large_include_file' '--warn=clippy::iter_with_drain' '--warn=clippy::iter_on_empty_collections' '--warn=clippy::iter_not_returning_iterator' '--warn=clippy::invalid_upcast_comparisons' '--warn=clippy::indexing_slicing' '--warn=clippy::index_refutable_slice' '--warn=clippy::imprecise_flops' '--warn=clippy::implicit_saturating_sub' '--warn=clippy::implicit_clone' '--warn=clippy::if_then_some_else_none' '--warn=clippy::format_push_string' '--warn=clippy::fn_to_numeric_cast_any' '--warn=clippy::fn_params_excessive_bools' '--warn=clippy::float_cmp' '--warn=clippy::flat_map_option' '--warn=clippy::filter_map_next' --warn=ffi_unwind_calls --warn=explicit_outlives_requirements '--warn=clippy::explicit_iter_loop' '--warn=clippy::explicit_into_iter_loop' '--warn=clippy::expl_impl_clone_on_copy' '--warn=clippy::empty_line_after_outer_attr' '--warn=clippy::empty_line_after_doc_comments' '--warn=clippy::empty_drop' --warn=elided_lifetimes_in_paths '--warn=clippy::doc_markdown' '--warn=clippy::doc_link_with_quotes' --warn=deprecated_safe '--warn=clippy::default_union_representation' '--warn=clippy::debug_assert_with_mut_call' '--warn=clippy::dbg_macro' '--warn=clippy::copy_iterator' '--warn=clippy::collection_is_never_read' '--warn=clippy::cloned_instead_of_copied' '--warn=clippy::clear_with_drain' '--warn=clippy::checked_conversions' '--warn=clippy::cast_ptr_alignment' '--warn=clippy::cast_lossless' '--warn=clippy::branches_sharing_code' '--warn=clippy::borrow_as_ptr' '--warn=clippy::bool_to_int_with_if' '--warn=clippy::await_holding_refcell_ref' '--warn=clippy::assertions_on_result_states' --warn=rust_2024_compatibility --allow=tail_expr_drop_order --check-cfg 'cfg(nightly)' --cfg 'feature="alloc"' --cfg 'feature="default"' --cfg 'feature="std"' --check-cfg 'cfg(docsrs,test)' --check-cfg 'cfg(feature, values("alloc", "default", "experimental-generics-setters", "experimental-getter", "experimental-overwritable", "implied-bounds", "std"))' -C metadata=ed9031a3202140ec -C extra-filename=-60c9c7ec415f5171 --out-dir /Users/korykehl/dev/workspaces/nw-x/target/debug/deps -L dependency=/Users/korykehl/dev/workspaces/nw-x/target/debug/deps --extern bon_macros=/Users/korykehl/dev/workspaces/nw-x/target/debug/deps/libbon_macros-cd149092bb692a10.dylib --extern rustversion=/Users/korykehl/dev/workspaces/nw-x/target/debug/deps/librustversion-d8fea7e313853652.dylib --cap-lints allow`
       Fresh tree-sitter-julia v0.23.1
       Fresh tree-sitter-python v0.25.0
       Fresh tree-sitter-swift v0.7.3
       Fresh tree-sitter-pascal v0.10.2
       Fresh tree-sitter-sequel v0.3.11
       Fresh onig_sys v69.9.3
       Fresh tree-sitter-rust v0.24.2
       Fresh tree-sitter-systemverilog v0.4.0
       Fresh tree-sitter-bash v0.25.1
       Fresh tree-sitter-ruby v0.23.1
       Fresh tree-sitter-scala v0.26.2
       Fresh tree-sitter-typescript v0.23.2
       Fresh tree-sitter-kotlin v0.4.0 (https://github.com/fwcd/tree-sitter-kotlin?rev=c8ac3d2627240160b999a2c100de3babbdb8f419#c8ac3d26)
       Fresh tree-sitter-fortran v0.6.0
       Fresh tree-sitter-groovy v0.1.2
       Fresh tree-sitter-powershell v0.26.4
       Fresh tree-sitter-elixir v0.3.5
       Fresh tree-sitter-go v0.25.0
       Fresh tree-sitter-hcl v1.1.0
       Fresh tree-sitter-java v0.23.5
       Fresh tree-sitter-c-sharp v0.23.5
       Fresh tree-sitter-javascript v0.25.0
       Fresh rust_decimal v1.42.1
       Fresh tree-sitter-lua v0.5.0
       Dirty nestweaver-store v7.0.0 (/private/var/folders/wy/f399vst543dbrw08w_y3wmh00000gn/T/cargo-mutants-nw-x-PD9tpz.tmp/crates/nestweaver-store): the file `crates/nestweaver-store/build_support.rs` has changed (1787673082.789340000s, 15m 16s after last build at 1787672166.403425023s)
   Compiling nestweaver-store v7.0.0 (/private/var/folders/wy/f399vst543dbrw08w_y3wmh00000gn/T/cargo-mutants-nw-x-PD9tpz.tmp/crates/nestweaver-store)
       Fresh tree-sitter-cpp v0.23.4
       Fresh logos-derive v0.15.1
       Fresh serde_yaml v0.9.34+deprecated
       Fresh url v2.5.8
       Fresh xml5ever v0.18.1
       Fresh num-iter v0.1.46
       Fresh lru v0.16.4
     Running `/Users/korykehl/.rustup/toolchains/stable-aarch64-apple-darwin/bin/rustc --crate-name build_script_build --edition=2024 crates/nestweaver-store/build.rs --error-format=json --json=diagnostic-rendered-ansi,artifacts,future-incompat --crate-type bin --emit=dep-info,link -C embed-bitcode=no --check-cfg 'cfg(docsrs,test)' --check-cfg 'cfg(feature, values())' -C metadata=a0638c103f0d397c -C extra-filename=-f38057644786be2a --out-dir /Users/korykehl/dev/workspaces/nw-x/target/debug/build/nestweaver-store-f38057644786be2a -C incremental=/Users/korykehl/dev/workspaces/nw-x/target/debug/incremental -L dependency=/Users/korykehl/dev/workspaces/nw-x/target/debug/deps --extern cc=/Users/korykehl/dev/workspaces/nw-x/target/debug/deps/libcc-339770db85fa8b4a.rlib --extern serde_json=/Users/korykehl/dev/workspaces/nw-x/target/debug/deps/libserde_json-18903b952ca3726e.rlib --extern toml=/Users/korykehl/dev/workspaces/nw-x/target/debug/deps/libtoml-477743467b255e20.rlib`
       Fresh digest v0.11.3
       Fresh castaway v0.2.4
       Fresh arc-swap v1.9.2
       Fresh sketches-ddsketch v0.4.0
       Fresh tantivy-tokenizer-api v0.7.0
       Fresh rust-stemmers v1.2.0
       Fresh ref-cast-impl v1.0.26
       Fresh monostate-impl v0.1.18
       Fresh miette-derive v7.6.0
       Fresh serde_spanned v1.1.1
       Fresh measure_time v0.9.0
       Fresh csv-core v0.1.13
   Compiling bstr v1.13.0
       Fresh macro_rules_attribute-proc_macro v0.2.2
   Compiling lz4_flex v0.13.1
       Fresh census v0.4.2
       Fresh base64 v0.13.1
       Fresh htmlescape v0.3.1
       Fresh static_assertions v1.1.0
       Fresh datasketches v0.2.0
     Running `/Users/korykehl/.rustup/toolchains/stable-aarch64-apple-darwin/bin/rustc --crate-name lz4_flex --edition=2021 /Users/korykehl/.cargo/registry/src/index.crates.io-1949cf8c6b5b557f/lz4_flex-0.13.1/src/lib.rs --error-format=json --json=diagnostic-rendered-ansi,artifacts,future-incompat --crate-type lib --emit=dep-info,metadata,link -C embed-bitcode=no -C debuginfo=2 -C split-debuginfo=unpacked --check-cfg 'cfg(docsrs,test)' --check-cfg 'cfg(feature, values("checked-decode", "default", "frame", "nightly", "safe-decode", "safe-encode", "std"))' -C metadata=c96dfec095d9557a -C extra-filename=-4524834e403b079f --out-dir /Users/korykehl/dev/workspaces/nw-x/target/debug/deps -L dependency=/Users/korykehl/dev/workspaces/nw-x/target/debug/deps --cap-lints allow`
     Running `/Users/korykehl/.rustup/toolchains/stable-aarch64-apple-darwin/bin/rustc --crate-name bstr --edition=2021 /Users/korykehl/.cargo/registry/src/index.crates.io-1949cf8c6b5b557f/bstr-1.13.0/src/lib.rs --error-format=json --json=diagnostic-rendered-ansi,artifacts,future-incompat --crate-type lib --emit=dep-info,metadata,link -C embed-bitcode=no -C debuginfo=2 -C split-debuginfo=unpacked --cfg 'feature="alloc"' --cfg 'feature="std"' --check-cfg 'cfg(docsrs,test)' --check-cfg 'cfg(feature, values("alloc", "default", "serde", "std", "unicode"))' -C metadata=c69c4db5a2b494eb -C extra-filename=-38a03afaf918d863 --out-dir /Users/korykehl/dev/workspaces/nw-x/target/debug/deps -L dependency=/Users/korykehl/dev/workspaces/nw-x/target/debug/deps --extern memchr=/Users/korykehl/dev/workspaces/nw-x/target/debug/deps/libmemchr-e5948309a90d7cec.rmeta --cap-lints allow`
       Fresh unit-prefix v0.5.2
       Fresh unicode-segmentation v1.13.3
       Fresh countme v3.0.1
       Fresh glob v0.3.4
       Fresh text-size v1.1.1
       Fresh levenshtein_automata v0.2.1
       Fresh bumpalo v3.20.3
       Fresh constant_time_eq v0.4.2
       Fresh arrayref v0.3.9
       Fresh oneshot v0.1.13
       Fresh rustc-hash v1.1.0
       Fresh blake3 v1.8.6
       Fresh rowan v0.16.1
       Fresh spm_precompiled v0.1.4
       Fresh indicatif v0.18.6
       Fresh compact_str v0.9.1
       Fresh macro_rules_attribute v0.2.2
       Fresh csv v1.4.0
       Fresh toml v1.1.4+spec-1.1.0
   Compiling miette v7.6.0
       Fresh monostate v0.1.18
       Fresh ref-cast v1.0.26
       Fresh sha2 v0.11.0
       Fresh markup5ever_rcdom v0.3.0
       Fresh num v0.4.3
       Fresh logos v0.15.1
       Fresh onig v6.5.3
       Fresh rustls-platform-verifier v0.7.0
       Fresh libsqlite3-sys v0.38.2
       Dirty nestweaver-algorithms v7.0.0 (/private/var/folders/wy/f399vst543dbrw08w_y3wmh00000gn/T/cargo-mutants-nw-x-PD9tpz.tmp/crates/nestweaver-algorithms): the file `crates/nestweaver-algorithms/src/lib.rs` has changed (1787673082.802015000s, 15m 12s after last build at 1787672170.396861532s)
   Compiling nestweaver-algorithms v7.0.0 (/private/var/folders/wy/f399vst543dbrw08w_y3wmh00000gn/T/cargo-mutants-nw-x-PD9tpz.tmp/crates/nestweaver-algorithms)
     Running `/Users/korykehl/.rustup/toolchains/stable-aarch64-apple-darwin/bin/rustc --crate-name miette --edition=2018 /Users/korykehl/.cargo/registry/src/index.crates.io-1949cf8c6b5b557f/miette-7.6.0/src/lib.rs --error-format=json --json=diagnostic-rendered-ansi,artifacts,future-incompat --crate-type lib --emit=dep-info,metadata,link -C embed-bitcode=no -C debuginfo=2 -C split-debuginfo=unpacked --cfg 'feature="default"' --cfg 'feature="derive"' --check-cfg 'cfg(docsrs,test)' --check-cfg 'cfg(feature, values("default", "derive", "fancy", "fancy-base", "fancy-no-backtrace", "fancy-no-syscall", "no-format-args-capture", "serde", "syntect-highlighter"))' -C metadata=7655525a3317cbf9 -C extra-filename=-36d62593b6121fc2 --out-dir /Users/korykehl/dev/workspaces/nw-x/target/debug/deps -L dependency=/Users/korykehl/dev/workspaces/nw-x/target/debug/deps --extern cfg_if=/Users/korykehl/dev/workspaces/nw-x/target/debug/deps/libcfg_if-63c8714dcb0cab31.rmeta --extern miette_derive=/Users/korykehl/dev/workspaces/nw-x/target/debug/deps/libmiette_derive-27a156fe9a79ba71.dylib --extern unicode_width=/Users/korykehl/dev/workspaces/nw-x/target/debug/deps/libunicode_width-6804842ef6ae856b.rmeta --cap-lints allow`
     Running `/Users/korykehl/.rustup/toolchains/stable-aarch64-apple-darwin/bin/rustc --crate-name nestweaver_algorithms --edition=2024 crates/nestweaver-algorithms/src/lib.rs --error-format=json --json=diagnostic-rendered-ansi,artifacts,future-incompat --crate-type lib --emit=dep-info,metadata,link -C embed-bitcode=no -C debuginfo=2 -C split-debuginfo=unpacked --check-cfg 'cfg(docsrs,test)' --check-cfg 'cfg(feature, values())' -C metadata=4569dc276a72e388 -C extra-filename=-049421a5d68afce6 --out-dir /Users/korykehl/dev/workspaces/nw-x/target/debug/deps -C incremental=/Users/korykehl/dev/workspaces/nw-x/target/debug/incremental -L dependency=/Users/korykehl/dev/workspaces/nw-x/target/debug/deps --extern rmp_serde=/Users/korykehl/dev/workspaces/nw-x/target/debug/deps/librmp_serde-982a30055768ef5c.rmeta --extern serde=/Users/korykehl/dev/workspaces/nw-x/target/debug/deps/libserde-6be3bd885dc1796f.rmeta`
       Fresh esaxx-rs v0.1.10
       Fresh openssl-sys v0.9.117
       Fresh prost-types v0.14.4
       Fresh gemm-f32 v0.19.0
       Fresh rayon-cond v0.4.0
       Fresh yasna v0.6.0
       Fresh chacha20 v0.10.1
       Fresh pem v3.0.6
       Fresh dary_heap v0.3.9
       Fresh lru v0.18.2
       Fresh hashlink v0.12.1
       Fresh unicode-normalization-alignments v0.1.12
       Fresh notify-types v2.1.0
       Fresh filetime v0.2.29
       Fresh fsevent-sys v4.1.0
       Fresh encoding_rs v0.8.35
       Fresh unicode_categories v0.1.1
       Fresh fallible-streaming-iterator v0.1.9
       Fresh borrow-or-share v0.2.4
       Fresh fallible-iterator v0.3.0
       Fresh rusqlite v0.40.2
       Fresh fluent-uri v0.4.1
       Fresh notify v8.2.0
       Fresh rcgen v0.14.9
       Fresh rand v0.10.2
       Fresh gemm-f16 v0.19.0
   Compiling mime_guess v2.0.5
     Running `/Users/korykehl/.rustup/toolchains/stable-aarch64-apple-darwin/bin/rustc --crate-name mime_guess --edition=2015 /Users/korykehl/.cargo/registry/src/index.crates.io-1949cf8c6b5b557f/mime_guess-2.0.5/src/lib.rs --error-format=json --json=diagnostic-rendered-ansi,artifacts,future-incompat --crate-type lib --emit=dep-info,metadata,link -C embed-bitcode=no --cfg 'feature="default"' --cfg 'feature="rev-mappings"' --check-cfg 'cfg(docsrs,test)' --check-cfg 'cfg(feature, values("default", "rev-mappings"))' -C metadata=531138c316a1ee44 -C extra-filename=-5bd78345e42ded56 --out-dir /Users/korykehl/dev/workspaces/nw-x/target/debug/deps -L dependency=/Users/korykehl/dev/workspaces/nw-x/target/debug/deps --extern mime=/Users/korykehl/dev/workspaces/nw-x/target/debug/deps/libmime-c48578701d24727e.rmeta --extern unicase=/Users/korykehl/dev/workspaces/nw-x/target/debug/deps/libunicase-20ca2f8d6e7f5038.rmeta --cap-lints allow`
     Running `/Users/korykehl/.rustup/toolchains/stable-aarch64-apple-darwin/bin/rustc --crate-name rustix --edition=2021 /Users/korykehl/.cargo/registry/src/index.crates.io-1949cf8c6b5b557f/rustix-1.1.4/src/lib.rs --error-format=json --json=diagnostic-rendered-ansi,artifacts,future-incompat --crate-type lib --emit=dep-info,metadata,link -C embed-bitcode=no -C debuginfo=2 -C split-debuginfo=unpacked --warn=unexpected_cfgs --check-cfg 'cfg(alloc_c_string)' --check-cfg 'cfg(alloc_ffi)' --check-cfg 'cfg(apple)' --check-cfg 'cfg(asm_experimental_arch)' --check-cfg 'cfg(bsd)' --check-cfg 'cfg(core_c_str)' --check-cfg 'cfg(core_ffi_c)' --check-cfg 'cfg(core_intrinsics)' --check-cfg 'cfg(criterion)' --check-cfg 'cfg(document_experimental_runtime_api)' --check-cfg 'cfg(error_in_core)' --check-cfg 'cfg(fix_y2038)' --check-cfg 'cfg(freebsdlike)' --check-cfg 'cfg(libc)' --check-cfg 'cfg(linux_kernel)' --check-cfg 'cfg(linux_like)' --check-cfg 'cfg(linux_raw)' --check-cfg 'cfg(linux_raw_dep)' --check-cfg 'cfg(lower_upper_exp_for_non_zero)' --check-cfg 'cfg(sanitize_memory)' --check-cfg 'cfg(netbsdlike)' --check-cfg 'cfg(rustc_attrs)' --check-cfg 'cfg(rustc_diagnostics)' --check-cfg 'cfg(solarish)' --check-cfg 'cfg(staged_api)' --check-cfg 'cfg(static_assertions)' --check-cfg 'cfg(thumb_mode)' --check-cfg 'cfg(wasi)' --check-cfg 'cfg(wasi_ext)' --check-cfg 'cfg(wasip2)' --check-cfg 'cfg(target_arch, values("xtensa"))' --check-cfg 'cfg(target_os, values("cygwin"))' --cfg 'feature="alloc"' --cfg 'feature="default"' --cfg 'feature="fs"' --cfg 'feature="std"' --check-cfg 'cfg(docsrs,test)' --check-cfg 'cfg(feature, values("all-apis", "alloc", "core", "default", "event", "fs", "io_uring", "libc", "libc_errno", "linux_4_11", "linux_5_1", "linux_5_11", "linux_latest", "mm", "mount", "net", "param", "pipe", "process", "pty", "rand", "runtime", "rustc-dep-of-std", "rustc-std-workspace-alloc", "shm", "std", "stdio", "system", "termios", "thread", "time", "try_close", "use-explicitly-provided-auxv", "use-libc", "use-libc-auxv"))' -C metadata=4c7a52f8843eee3a -C extra-filename=-0625bbd18e0afdf4 --out-dir /Users/korykehl/dev/workspaces/nw-x/target/debug/deps -L dependency=/Users/korykehl/dev/workspaces/nw-x/target/debug/deps --extern bitflags=/Users/korykehl/dev/workspaces/nw-x/target/debug/deps/libbitflags-aa80617355351bcd.rmeta --extern libc_errno=/Users/korykehl/dev/workspaces/nw-x/target/debug/deps/liberrno-6e7d9155e4dc906b.rmeta --extern libc=/Users/korykehl/dev/workspaces/nw-x/target/debug/deps/liblibc-efbcba732f888a3d.rmeta --cap-lints allow --cfg static_assertions --cfg lower_upper_exp_for_non_zero --cfg rustc_diagnostics --cfg libc --cfg apple --cfg bsd`
     Running `/Users/korykehl/.rustup/toolchains/stable-aarch64-apple-darwin/bin/rustc --crate-name rustix --edition=2021 /Users/korykehl/.cargo/registry/src/index.crates.io-1949cf8c6b5b557f/rustix-1.1.4/src/lib.rs --error-format=json --json=diagnostic-rendered-ansi,artifacts,future-incompat --crate-type lib --emit=dep-info,metadata,link -C embed-bitcode=no -C debuginfo=2 -C split-debuginfo=unpacked --warn=unexpected_cfgs --check-cfg 'cfg(alloc_c_string)' --check-cfg 'cfg(alloc_ffi)' --check-cfg 'cfg(apple)' --check-cfg 'cfg(asm_experimental_arch)' --check-cfg 'cfg(bsd)' --check-cfg 'cfg(core_c_str)' --check-cfg 'cfg(core_ffi_c)' --check-cfg 'cfg(core_intrinsics)' --check-cfg 'cfg(criterion)' --check-cfg 'cfg(document_experimental_runtime_api)' --check-cfg 'cfg(error_in_core)' --check-cfg 'cfg(fix_y2038)' --check-cfg 'cfg(freebsdlike)' --check-cfg 'cfg(libc)' --check-cfg 'cfg(linux_kernel)' --check-cfg 'cfg(linux_like)' --check-cfg 'cfg(linux_raw)' --check-cfg 'cfg(linux_raw_dep)' --check-cfg 'cfg(lower_upper_exp_for_non_zero)' --check-cfg 'cfg(sanitize_memory)' --check-cfg 'cfg(netbsdlike)' --check-cfg 'cfg(rustc_attrs)' --check-cfg 'cfg(rustc_diagnostics)' --check-cfg 'cfg(solarish)' --check-cfg 'cfg(staged_api)' --check-cfg 'cfg(static_assertions)' --check-cfg 'cfg(thumb_mode)' --check-cfg 'cfg(wasi)' --check-cfg 'cfg(wasi_ext)' --check-cfg 'cfg(wasip2)' --check-cfg 'cfg(target_arch, values("xtensa"))' --check-cfg 'cfg(target_os, values("cygwin"))' --cfg 'feature="alloc"' --cfg 'feature="default"' --cfg 'feature="fs"' --cfg 'feature="std"' --check-cfg 'cfg(docsrs,test)' --check-cfg 'cfg(feature, values("all-apis", "alloc", "core", "default", "event", "fs", "io_uring", "libc", "libc_errno", "linux_4_11", "linux_5_1", "linux_5_11", "linux_latest", "mm", "mount", "net", "param", "pipe", "process", "pty", "rand", "runtime", "rustc-dep-of-std", "rustc-std-workspace-alloc", "shm", "std", "stdio", "system", "termios", "thread", "time", "try_close", "use-explicitly-provided-auxv", "use-libc", "use-libc-auxv"))' -C metadata=b75dc538beb9d25e -C extra-filename=-4eab54fc7062d4a3 --out-dir /Users/korykehl/dev/workspaces/nw-x/target/debug/deps -L dependency=/Users/korykehl/dev/workspaces/nw-x/target/debug/deps --extern bitflags=/Users/korykehl/dev/workspaces/nw-x/target/debug/deps/libbitflags-aa80617355351bcd.rmeta --extern libc_errno=/Users/korykehl/dev/workspaces/nw-x/target/debug/deps/liberrno-d68773420cedea45.rmeta --extern libc=/Users/korykehl/dev/workspaces/nw-x/target/debug/deps/liblibc-efbcba732f888a3d.rmeta --cap-lints allow --cfg static_assertions --cfg lower_upper_exp_for_non_zero --cfg rustc_diagnostics --cfg libc --cfg apple --cfg bsd`
   Compiling globset v0.4.20
     Running `/Users/korykehl/.rustup/toolchains/stable-aarch64-apple-darwin/bin/rustc --crate-name globset --edition=2024 /Users/korykehl/.cargo/registry/src/index.crates.io-1949cf8c6b5b557f/globset-0.4.20/src/lib.rs --error-format=json --json=diagnostic-rendered-ansi,artifacts,future-incompat --crate-type lib --emit=dep-info,metadata,link -C embed-bitcode=no -C debuginfo=2 -C split-debuginfo=unpacked --cfg 'feature="default"' --cfg 'feature="log"' --check-cfg 'cfg(docsrs,test)' --check-cfg 'cfg(feature, values("arbitrary", "default", "log", "serde", "serde1", "simd-accel"))' -C metadata=3b9149648939271b -C extra-filename=-61cd6dc60ea7a467 --out-dir /Users/korykehl/dev/workspaces/nw-x/target/debug/deps -L dependency=/Users/korykehl/dev/workspaces/nw-x/target/debug/deps --extern aho_corasick=/Users/korykehl/dev/workspaces/nw-x/target/debug/deps/libaho_corasick-3624c9df57417321.rmeta --extern bstr=/Users/korykehl/dev/workspaces/nw-x/target/debug/deps/libbstr-38a03afaf918d863.rmeta --extern log=/Users/korykehl/dev/workspaces/nw-x/target/debug/deps/liblog-29ae1d1100d6c232.rmeta --extern regex_automata=/Users/korykehl/dev/workspaces/nw-x/target/debug/deps/libregex_automata-3c6e5d609a155edd.rmeta --extern regex_syntax=/Users/korykehl/dev/workspaces/nw-x/target/debug/deps/libregex_syntax-d717e287122564da.rmeta --cap-lints allow`
   Compiling lbug v0.19.1
     Running `/Users/korykehl/.rustup/toolchains/stable-aarch64-apple-darwin/bin/rustc --crate-name lbug --edition=2021 /Users/korykehl/.cargo/registry/src/index.crates.io-1949cf8c6b5b557f/lbug-0.19.1/src/lib.rs --error-format=json --json=diagnostic-rendered-ansi,artifacts,future-incompat --crate-type lib --emit=dep-info,metadata,link -C embed-bitcode=no -C debuginfo=2 -C split-debuginfo=unpacked '--warn=clippy::suspicious' '--warn=clippy::style' '--warn=clippy::perf' '--warn=clippy::pedantic' '--warn=clippy::correctness' '--warn=clippy::complexity' '--warn=clippy::cargo' '--allow=clippy::unreadable_literal' '--allow=clippy::type_complexity' '--allow=clippy::too_many_lines' '--allow=clippy::too_many_arguments' '--allow=clippy::struct_excessive_bools' '--allow=clippy::similar_names' '--allow=clippy::return_self_not_must_use' '--allow=clippy::redundant_closure_for_method_calls' '--allow=clippy::needless_pass_by_value' '--allow=clippy::must_use_candidate' '--allow=clippy::module_name_repetitions' '--allow=clippy::missing_panics_doc' '--allow=clippy::missing_errors_doc' '--allow=clippy::inline_always' --cfg 'feature="default"' --check-cfg 'cfg(docsrs,test)' --check-cfg 'cfg(feature, values("arrow", "default", "extension_tests"))' -C metadata=b7e7111bfba71ad5 -C extra-filename=-43a155153bfa83d6 --out-dir /Users/korykehl/dev/workspaces/nw-x/target/debug/deps -L dependency=/Users/korykehl/dev/workspaces/nw-x/target/debug/deps --extern cxx=/Users/korykehl/dev/workspaces/nw-x/target/debug/deps/libcxx-59f13ccf111548fa.rmeta --extern rust_decimal=/Users/korykehl/dev/workspaces/nw-x/target/debug/deps/librust_decimal-33654c25eb6d76cf.rmeta --extern serde_json=/Users/korykehl/dev/workspaces/nw-x/target/debug/deps/libserde_json-533f344c4d340a25.rmeta --extern time=/Users/korykehl/dev/workspaces/nw-x/target/debug/deps/libtime-5356ac4b1bd8b292.rmeta --extern uuid=/Users/korykehl/dev/workspaces/nw-x/target/debug/deps/libuuid-2d23766b4fb0e6ab.rmeta --cap-lints allow -L native=/Users/korykehl/dev/workspaces/nw-x/target/debug/build/lbug-7c53829992bb23df/out/build/src -L native=/Users/korykehl/dev/workspaces/nw-x/target/debug/build/lbug-7c53829992bb23df/out -L native=/Users/korykehl/dev/workspaces/nw-x/target/debug/build/cxx-afe2b6c14865889e/out -L native=/Users/korykehl/dev/workspaces/nw-x/target/debug/build/link-cplusplus-e4e0cd386310c112/out -l 'static:+whole-archive=lbug' -l dylib=c++ -l dylib=ssl -l dylib=crypto -l static=lbug_rs -C link-arg=-rdynamic`
   Compiling protox-parse v0.9.0
     Running `/Users/korykehl/.rustup/toolchains/stable-aarch64-apple-darwin/bin/rustc --crate-name protox_parse --edition=2021 /Users/korykehl/.cargo/registry/src/index.crates.io-1949cf8c6b5b557f/protox-parse-0.9.0/src/lib.rs --error-format=json --json=diagnostic-rendered-ansi,artifacts,future-incompat --crate-type lib --emit=dep-info,metadata,link -C embed-bitcode=no -C debuginfo=2 -C split-debuginfo=unpacked --check-cfg 'cfg(docsrs,test)' --check-cfg 'cfg(feature, values())' -C metadata=4680d702ee9bf084 -C extra-filename=-44b5b5c9c94ca604 --out-dir /Users/korykehl/dev/workspaces/nw-x/target/debug/deps -L dependency=/Users/korykehl/dev/workspaces/nw-x/target/debug/deps --extern logos=/Users/korykehl/dev/workspaces/nw-x/target/debug/deps/liblogos-caa44d0b2ce1f50c.rmeta --extern miette=/Users/korykehl/dev/workspaces/nw-x/target/debug/deps/libmiette-36d62593b6121fc2.rmeta --extern prost_types=/Users/korykehl/dev/workspaces/nw-x/target/debug/deps/libprost_types-c09d0062a4dd4c91.rmeta --extern thiserror=/Users/korykehl/dev/workspaces/nw-x/target/debug/deps/libthiserror-29a3536a50db9dbc.rmeta --cap-lints allow`
   Compiling pulldown-cmark-to-cmark v22.0.0
     Running `/Users/korykehl/.rustup/toolchains/stable-aarch64-apple-darwin/bin/rustc --crate-name pulldown_cmark_to_cmark --edition=2018 /Users/korykehl/.cargo/registry/src/index.crates.io-1949cf8c6b5b557f/pulldown-cmark-to-cmark-22.0.0/src/lib.rs --error-format=json --json=diagnostic-rendered-ansi,artifacts,future-incompat --crate-type lib --emit=dep-info,metadata,link -C embed-bitcode=no --check-cfg 'cfg(docsrs,test)' --check-cfg 'cfg(feature, values())' -C metadata=3bec13bc946db649 -C extra-filename=-b8772514158c4c60 --out-dir /Users/korykehl/dev/workspaces/nw-x/target/debug/deps -L dependency=/Users/korykehl/dev/workspaces/nw-x/target/debug/deps --extern pulldown_cmark=/Users/korykehl/dev/workspaces/nw-x/target/debug/deps/libpulldown_cmark-69001e48a7e3c6e1.rmeta --cap-lints allow`
   Compiling ignore v0.4.33
     Running `/Users/korykehl/.rustup/toolchains/stable-aarch64-apple-darwin/bin/rustc --crate-name ignore --edition=2024 /Users/korykehl/.cargo/registry/src/index.crates.io-1949cf8c6b5b557f/ignore-0.4.33/src/lib.rs --error-format=json --json=diagnostic-rendered-ansi,artifacts,future-incompat --crate-type lib --emit=dep-info,metadata,link -C embed-bitcode=no -C debuginfo=2 -C split-debuginfo=unpacked --check-cfg 'cfg(docsrs,test)' --check-cfg 'cfg(feature, values("simd-accel"))' -C metadata=90d1b11813962e71 -C extra-filename=-e9e26265d4bd7c56 --out-dir /Users/korykehl/dev/workspaces/nw-x/target/debug/deps -L dependency=/Users/korykehl/dev/workspaces/nw-x/target/debug/deps --extern crossbeam_deque=/Users/korykehl/dev/workspaces/nw-x/target/debug/deps/libcrossbeam_deque-e7df3e1faa79b738.rmeta --extern globset=/Users/korykehl/dev/workspaces/nw-x/target/debug/deps/libglobset-61cd6dc60ea7a467.rmeta --extern log=/Users/korykehl/dev/workspaces/nw-x/target/debug/deps/liblog-29ae1d1100d6c232.rmeta --extern memchr=/Users/korykehl/dev/workspaces/nw-x/target/debug/deps/libmemchr-e5948309a90d7cec.rmeta --extern regex_automata=/Users/korykehl/dev/workspaces/nw-x/target/debug/deps/libregex_automata-3c6e5d609a155edd.rmeta --extern same_file=/Users/korykehl/dev/workspaces/nw-x/target/debug/deps/libsame_file-65d5675072a3330e.rmeta --extern walkdir=/Users/korykehl/dev/workspaces/nw-x/target/debug/deps/libwalkdir-cbfcc61a3e1776af.rmeta --cap-lints allow`
   Compiling tempfile v3.27.0
     Running `/Users/korykehl/.rustup/toolchains/stable-aarch64-apple-darwin/bin/rustc --crate-name tempfile --edition=2021 /Users/korykehl/.cargo/registry/src/index.crates.io-1949cf8c6b5b557f/tempfile-3.27.0/src/lib.rs --error-format=json --json=diagnostic-rendered-ansi,artifacts,future-incompat --crate-type lib --emit=dep-info,metadata,link -C embed-bitcode=no -C debuginfo=2 -C split-debuginfo=unpacked --cfg 'feature="default"' --cfg 'feature="getrandom"' --check-cfg 'cfg(docsrs,test)' --check-cfg 'cfg(feature, values("default", "getrandom", "nightly"))' -C metadata=fcb14876fd6cf6fd -C extra-filename=-ddf3a3cadb9f75c3 --out-dir /Users/korykehl/dev/workspaces/nw-x/target/debug/deps -L dependency=/Users/korykehl/dev/workspaces/nw-x/target/debug/deps --extern fastrand=/Users/korykehl/dev/workspaces/nw-x/target/debug/deps/libfastrand-66f584fd12307b79.rmeta --extern getrandom=/Users/korykehl/dev/workspaces/nw-x/target/debug/deps/libgetrandom-b527063a8d2b545e.rmeta --extern once_cell=/Users/korykehl/dev/workspaces/nw-x/target/debug/deps/libonce_cell-75475f2cdf70add4.rmeta --extern rustix=/Users/korykehl/dev/workspaces/nw-x/target/debug/deps/librustix-0625bbd18e0afdf4.rmeta --cap-lints allow`
     Running `/Users/korykehl/.rustup/toolchains/stable-aarch64-apple-darwin/bin/rustc --crate-name tempfile --edition=2021 /Users/korykehl/.cargo/registry/src/index.crates.io-1949cf8c6b5b557f/tempfile-3.27.0/src/lib.rs --error-format=json --json=diagnostic-rendered-ansi,artifacts,future-incompat --crate-type lib --emit=dep-info,metadata,link -C embed-bitcode=no -C debuginfo=2 -C split-debuginfo=unpacked --cfg 'feature="default"' --cfg 'feature="getrandom"' --check-cfg 'cfg(docsrs,test)' --check-cfg 'cfg(feature, values("default", "getrandom", "nightly"))' -C metadata=4945b688dec61391 -C extra-filename=-fce32fa357afe61d --out-dir /Users/korykehl/dev/workspaces/nw-x/target/debug/deps -L dependency=/Users/korykehl/dev/workspaces/nw-x/target/debug/deps --extern fastrand=/Users/korykehl/dev/workspaces/nw-x/target/debug/deps/libfastrand-66f584fd12307b79.rmeta --extern getrandom=/Users/korykehl/dev/workspaces/nw-x/target/debug/deps/libgetrandom-7267b4d256da5ed2.rmeta --extern once_cell=/Users/korykehl/dev/workspaces/nw-x/target/debug/deps/libonce_cell-7b64be7e2fd88c57.rmeta --extern rustix=/Users/korykehl/dev/workspaces/nw-x/target/debug/deps/librustix-4eab54fc7062d4a3.rmeta --cap-lints allow`
   Compiling fs4 v0.13.1
     Running `/Users/korykehl/.rustup/toolchains/stable-aarch64-apple-darwin/bin/rustc --crate-name fs4 --edition=2021 /Users/korykehl/.cargo/registry/src/index.crates.io-1949cf8c6b5b557f/fs4-0.13.1/src/lib.rs --error-format=json --json=diagnostic-rendered-ansi,artifacts,future-incompat --crate-type lib --emit=dep-info,metadata,link -C embed-bitcode=no -C debuginfo=2 -C split-debuginfo=unpacked --cfg 'feature="default"' --cfg 'feature="sync"' --check-cfg 'cfg(docsrs,test)' --check-cfg 'cfg(feature, values("async-std", "default", "fs-err2", "fs-err2-tokio", "fs-err3", "fs-err3-tokio", "smol", "sync", "tokio"))' -C metadata=a7dc74ec0f704ab3 -C extra-filename=-1da8e93ca1221dde --out-dir /Users/korykehl/dev/workspaces/nw-x/target/debug/deps -L dependency=/Users/korykehl/dev/workspaces/nw-x/target/debug/deps --extern rustix=/Users/korykehl/dev/workspaces/nw-x/target/debug/deps/librustix-0625bbd18e0afdf4.rmeta --cap-lints allow`
   Compiling prost-build v0.14.4
     Running `/Users/korykehl/.rustup/toolchains/stable-aarch64-apple-darwin/bin/rustc --crate-name prost_build --edition=2021 /Users/korykehl/.cargo/registry/src/index.crates.io-1949cf8c6b5b557f/prost-build-0.14.4/src/lib.rs --error-format=json --json=diagnostic-rendered-ansi,artifacts,future-incompat --crate-type lib --emit=dep-info,metadata,link -C embed-bitcode=no '--allow=clippy::io_other_error' '--allow=clippy::collapsible_if' --cfg 'feature="cleanup-markdown"' --cfg 'feature="default"' --cfg 'feature="format"' --check-cfg 'cfg(docsrs,test)' --check-cfg 'cfg(feature, values("cleanup-markdown", "default", "format"))' -C metadata=6da6c96f9600e270 -C extra-filename=-091b34e1fc116dbb --out-dir /Users/korykehl/dev/workspaces/nw-x/target/debug/deps -L dependency=/Users/korykehl/dev/workspaces/nw-x/target/debug/deps --extern heck=/Users/korykehl/dev/workspaces/nw-x/target/debug/deps/libheck-8360d0493e88f2b8.rmeta --extern itertools=/Users/korykehl/dev/workspaces/nw-x/target/debug/deps/libitertools-6c4619391c09fec1.rmeta --extern log=/Users/korykehl/dev/workspaces/nw-x/target/debug/deps/liblog-f1008d18ec82f7db.rmeta --extern multimap=/Users/korykehl/dev/workspaces/nw-x/target/debug/deps/libmultimap-6a5ed8c7252ce909.rmeta --extern petgraph=/Users/korykehl/dev/workspaces/nw-x/target/debug/deps/libpetgraph-fe4529cb1fc7d7b8.rmeta --extern prettyplease=/Users/korykehl/dev/workspaces/nw-x/target/debug/deps/libprettyplease-fa7a6e168061265e.rmeta --extern prost=/Users/korykehl/dev/workspaces/nw-x/target/debug/deps/libprost-7021dd3ac3b85559.rmeta --extern prost_types=/Users/korykehl/dev/workspaces/nw-x/target/debug/deps/libprost_types-dfa3d54fa24bf7c3.rmeta --extern pulldown_cmark=/Users/korykehl/dev/workspaces/nw-x/target/debug/deps/libpulldown_cmark-69001e48a7e3c6e1.rmeta --extern pulldown_cmark_to_cmark=/Users/korykehl/dev/workspaces/nw-x/target/debug/deps/libpulldown_cmark_to_cmark-b8772514158c4c60.rmeta --extern regex=/Users/korykehl/dev/workspaces/nw-x/target/debug/deps/libregex-9c723c2a55cf9496.rmeta --extern syn=/Users/korykehl/dev/workspaces/nw-x/target/debug/deps/libsyn-3d13fa88701a9112.rmeta --extern tempfile=/Users/korykehl/dev/workspaces/nw-x/target/debug/deps/libtempfile-fce32fa357afe61d.rmeta --cap-lints allow`
   Compiling tantivy v0.26.1
     Running `/Users/korykehl/.rustup/toolchains/stable-aarch64-apple-darwin/bin/rustc --crate-name tantivy --edition=2021 /Users/korykehl/.cargo/registry/src/index.crates.io-1949cf8c6b5b557f/tantivy-0.26.1/src/lib.rs --error-format=json --json=diagnostic-rendered-ansi,artifacts,future-incompat --crate-type lib --emit=dep-info,metadata,link -C embed-bitcode=no -C debuginfo=2 -C split-debuginfo=unpacked --cfg 'feature="fs4"' --cfg 'feature="lz4-compression"' --cfg 'feature="lz4_flex"' --cfg 'feature="memmap2"' --cfg 'feature="mmap"' --cfg 'feature="rust-stemmers"' --cfg 'feature="stemmer"' --cfg 'feature="stopwords"' --cfg 'feature="tempfile"' --check-cfg 'cfg(docsrs,test)' --check-cfg 'cfg(feature, values("columnar-zstd-compression", "compare_hash_only", "default", "fail", "failpoints", "fs4", "futures-channel", "futures-util", "lz4-compression", "lz4_flex", "memmap2", "mmap", "quickwit", "rust-stemmers", "sstable", "stemmer", "stopwords", "tempfile", "unstable", "zstd", "zstd-compression"))' -C metadata=71e227c7f10a7349 -C extra-filename=-5510dc3a6da65b70 --out-dir /Users/korykehl/dev/workspaces/nw-x/target/debug/deps -L dependency=/Users/korykehl/dev/workspaces/nw-x/target/debug/deps --extern aho_corasick=/Users/korykehl/dev/workspaces/nw-x/target/debug/deps/libaho_corasick-3624c9df57417321.rmeta --extern arc_swap=/Users/korykehl/dev/workspaces/nw-x/target/debug/deps/libarc_swap-27660aa22970c76c.rmeta --extern base64=/Users/korykehl/dev/workspaces/nw-x/target/debug/deps/libbase64-e4532c73ad546e3b.rmeta --extern bitpacking=/Users/korykehl/dev/workspaces/nw-x/target/debug/deps/libbitpacking-d7cc3082f676a2f7.rmeta --extern bon=/Users/korykehl/dev/workspaces/nw-x/target/debug/deps/libbon-60c9c7ec415f5171.rmeta --extern byteorder=/Users/korykehl/dev/workspaces/nw-x/target/debug/deps/libbyteorder-e074dc42cd287f96.rmeta --extern census=/Users/korykehl/dev/workspaces/nw-x/target/debug/deps/libcensus-a24fee3dee60e086.rmeta --extern crc32fast=/Users/korykehl/dev/workspaces/nw-x/target/debug/deps/libcrc32fast-ff631c342fdddec8.rmeta --extern crossbeam_channel=/Users/korykehl/dev/workspaces/nw-x/target/debug/deps/libcrossbeam_channel-51a897eac2dee70e.rmeta --extern datasketches=/Users/korykehl/dev/workspaces/nw-x/target/debug/deps/libdatasketches-22a758a2d59a4823.rmeta --extern downcast_rs=/Users/korykehl/dev/workspaces/nw-x/target/debug/deps/libdowncast_rs-2a58935cb77e8121.rmeta --extern fastdivide=/Users/korykehl/dev/workspaces/nw-x/target/debug/deps/libfastdivide-5092d535b4e1a6fe.rmeta --extern fnv=/Users/korykehl/dev/workspaces/nw-x/target/debug/deps/libfnv-e060eddf16e26b46.rmeta --extern fs4=/Users/korykehl/dev/workspaces/nw-x/target/debug/deps/libfs4-1da8e93ca1221dde.rmeta --extern htmlescape=/Users/korykehl/dev/workspaces/nw-x/target/debug/deps/libhtmlescape-61bc1d7ad8858c4a.rmeta --extern itertools=/Users/korykehl/dev/workspaces/nw-x/target/debug/deps/libitertools-ba2b001322ea0c3d.rmeta --extern levenshtein_automata=/Users/korykehl/dev/workspaces/nw-x/target/debug/deps/liblevenshtein_automata-dcb9343aa141ea18.rmeta --extern log=/Users/korykehl/dev/workspaces/nw-x/target/debug/deps/liblog-29ae1d1100d6c232.rmeta --extern lru=/Users/korykehl/dev/workspaces/nw-x/target/debug/deps/liblru-9b914195bb884a1c.rmeta --extern lz4_flex=/Users/korykehl/dev/workspaces/nw-x/target/debug/deps/liblz4_flex-4524834e403b079f.rmeta --extern measure_time=/Users/korykehl/dev/workspaces/nw-x/target/debug/deps/libmeasure_time-20faf6484ca1e284.rmeta --extern memmap2=/Users/korykehl/dev/workspaces/nw-x/target/debug/deps/libmemmap2-3f608b5ca2ae3bef.rmeta --extern once_cell=/Users/korykehl/dev/workspaces/nw-x/target/debug/deps/libonce_cell-75475f2cdf70add4.rmeta --extern oneshot=/Users/korykehl/dev/workspaces/nw-x/target/debug/deps/liboneshot-eec29dc589a7659a.rmeta --extern rayon=/Users/korykehl/dev/workspaces/nw-x/target/debug/deps/librayon-3c3c0c7edd472c21.rmeta --extern regex=/Users/korykehl/dev/workspaces/nw-x/target/debug/deps/libregex-4740445e86c8581d.rmeta --extern rust_stemmers=/Users/korykehl/dev/workspaces/nw-x/target/debug/deps/librust_stemmers-5d79f0a18b2b14c6.rmeta --extern rustc_hash=/Users/korykehl/dev/workspaces/nw-x/target/debug/deps/librustc_hash-285fb2f16fd3a4a3.rmeta --extern serde=/Users/korykehl/dev/workspaces/nw-x/target/debug/deps/libserde-6be3bd885dc1796f.rmeta --extern serde_json=/Users/korykehl/dev/workspaces/nw-x/target/debug/deps/libserde_json-533f344c4d340a25.rmeta --extern sketches_ddsketch=/Users/korykehl/dev/workspaces/nw-x/target/debug/deps/libsketches_ddsketch-635d305bbed7b76c.rmeta --extern smallvec=/Users/korykehl/dev/workspaces/nw-x/target/debug/deps/libsmallvec-b9daabc3d7c9def3.rmeta --extern tantivy_bitpacker=/Users/korykehl/dev/workspaces/nw-x/target/debug/deps/libtantivy_bitpacker-c2f359c4bc170c51.rmeta --extern columnar=/Users/korykehl/dev/workspaces/nw-x/target/debug/deps/libtantivy_columnar-ace385002d56fb48.rmeta --extern common=/Users/korykehl/dev/workspaces/nw-x/target/debug/deps/libtantivy_common-42c5f08616b520c5.rmeta --extern tantivy_fst=/Users/korykehl/dev/workspaces/nw-x/target/debug/deps/libtantivy_fst-4d5ec99ae91dd7ff.rmeta --extern query_grammar=/Users/korykehl/dev/workspaces/nw-x/target/debug/deps/libtantivy_query_grammar-4d010dfa6fbd0ab5.rmeta --extern stacker=/Users/korykehl/dev/workspaces/nw-x/target/debug/deps/libtantivy_stacker-b63f20a51df0602a.rmeta --extern tokenizer_api=/Users/korykehl/dev/workspaces/nw-x/target/debug/deps/libtantivy_tokenizer_api-02b6f57fb85872b9.rmeta --extern tempfile=/Users/korykehl/dev/workspaces/nw-x/target/debug/deps/libtempfile-ddf3a3cadb9f75c3.rmeta --extern thiserror=/Users/korykehl/dev/workspaces/nw-x/target/debug/deps/libthiserror-29a3536a50db9dbc.rmeta --extern time=/Users/korykehl/dev/workspaces/nw-x/target/debug/deps/libtime-5356ac4b1bd8b292.rmeta --extern typetag=/Users/korykehl/dev/workspaces/nw-x/target/debug/deps/libtypetag-942125a0d12653cd.rmeta --extern uuid=/Users/korykehl/dev/workspaces/nw-x/target/debug/deps/libuuid-2d23766b4fb0e6ab.rmeta --cap-lints allow`
       Dirty nestweaver-parser v7.0.0 (/private/var/folders/wy/f399vst543dbrw08w_y3wmh00000gn/T/cargo-mutants-nw-x-PD9tpz.tmp/crates/nestweaver-parser): the dependency `nestweaver-schema` was rebuilt
   Compiling nestweaver-parser v7.0.0 (/private/var/folders/wy/f399vst543dbrw08w_y3wmh00000gn/T/cargo-mutants-nw-x-PD9tpz.tmp/crates/nestweaver-parser)
     Running `/Users/korykehl/.rustup/toolchains/stable-aarch64-apple-darwin/bin/rustc --crate-name nestweaver_parser --edition=2024 crates/nestweaver-parser/src/lib.rs --error-format=json --json=diagnostic-rendered-ansi,artifacts,future-incompat --crate-type lib --emit=dep-info,metadata,link -C embed-bitcode=no -C debuginfo=2 -C split-debuginfo=unpacked --check-cfg 'cfg(docsrs,test)' --check-cfg 'cfg(feature, values())' -C metadata=5559117c3ad38210 -C extra-filename=-d0ac06111cf98dab --out-dir /Users/korykehl/dev/workspaces/nw-x/target/debug/deps -C incremental=/Users/korykehl/dev/workspaces/nw-x/target/debug/incremental -L dependency=/Users/korykehl/dev/workspaces/nw-x/target/debug/deps --extern bumpalo=/Users/korykehl/dev/workspaces/nw-x/target/debug/deps/libbumpalo-85c26e0d60df9b03.rmeta --extern comrak=/Users/korykehl/dev/workspaces/nw-x/target/debug/deps/libcomrak-ae661ae555fbb1b2.rmeta --extern hex=/Users/korykehl/dev/workspaces/nw-x/target/debug/deps/libhex-ce021e0d3a439a1a.rmeta --extern nestweaver_schema=/Users/korykehl/dev/workspaces/nw-x/target/debug/deps/libnestweaver_schema-85f814ab3a400b43.rmeta --extern regex=/Users/korykehl/dev/workspaces/nw-x/target/debug/deps/libregex-4740445e86c8581d.rmeta --extern serde=/Users/korykehl/dev/workspaces/nw-x/target/debug/deps/libserde-6be3bd885dc1796f.rmeta --extern serde_json=/Users/korykehl/dev/workspaces/nw-x/target/debug/deps/libserde_json-533f344c4d340a25.rmeta --extern serde_yaml=/Users/korykehl/dev/workspaces/nw-x/target/debug/deps/libserde_yaml-a923b82001c58707.rmeta --extern sha2=/Users/korykehl/dev/workspaces/nw-x/target/debug/deps/libsha2-129f6766a5de7bd8.rmeta --extern thiserror=/Users/korykehl/dev/workspaces/nw-x/target/debug/deps/libthiserror-29a3536a50db9dbc.rmeta --extern tracing=/Users/korykehl/dev/workspaces/nw-x/target/debug/deps/libtracing-4afaa3a7db9bcab2.rmeta --extern tree_sitter=/Users/korykehl/dev/workspaces/nw-x/target/debug/deps/libtree_sitter-56cf688ac8d5c3aa.rmeta --extern tree_sitter_bash=/Users/korykehl/dev/workspaces/nw-x/target/debug/deps/libtree_sitter_bash-e87d99a3efa6486d.rmeta --extern tree_sitter_c=/Users/korykehl/dev/workspaces/nw-x/target/debug/deps/libtree_sitter_c-65591f2f337a3ee0.rmeta --extern tree_sitter_c_sharp=/Users/korykehl/dev/workspaces/nw-x/target/debug/deps/libtree_sitter_c_sharp-ed7138394019f07f.rmeta --extern tree_sitter_cpp=/Users/korykehl/dev/workspaces/nw-x/target/debug/deps/libtree_sitter_cpp-9e807cce7c692f9a.rmeta --extern tree_sitter_dart=/Users/korykehl/dev/workspaces/nw-x/target/debug/deps/libtree_sitter_dart-81ca7ef956ee96a7.rmeta --extern tree_sitter_elixir=/Users/korykehl/dev/workspaces/nw-x/target/debug/deps/libtree_sitter_elixir-4f942e3816bac800.rmeta --extern tree_sitter_fortran=/Users/korykehl/dev/workspaces/nw-x/target/debug/deps/libtree_sitter_fortran-7264bb67e1f0f00b.rmeta --extern tree_sitter_go=/Users/korykehl/dev/workspaces/nw-x/target/debug/deps/libtree_sitter_go-14559442cc34a62c.rmeta --extern tree_sitter_groovy=/Users/korykehl/dev/workspaces/nw-x/target/debug/deps/libtree_sitter_groovy-e12097ca92135f28.rmeta --extern tree_sitter_hcl=/Users/korykehl/dev/workspaces/nw-x/target/debug/deps/libtree_sitter_hcl-3a2a1110cc14c03b.rmeta --extern tree_sitter_java=/Users/korykehl/dev/workspaces/nw-x/target/debug/deps/libtree_sitter_java-8210f8652c79c779.rmeta --extern tree_sitter_javascript=/Users/korykehl/dev/workspaces/nw-x/target/debug/deps/libtree_sitter_javascript-74d9abd8e6426652.rmeta --extern tree_sitter_julia=/Users/korykehl/dev/workspaces/nw-x/target/debug/deps/libtree_sitter_julia-4bd39c929172a4f3.rmeta --extern tree_sitter_kotlin=/Users/korykehl/dev/workspaces/nw-x/target/debug/deps/libtree_sitter_kotlin-f676ed6ed849d675.rmeta --extern tree_sitter_lua=/Users/korykehl/dev/workspaces/nw-x/target/debug/deps/libtree_sitter_lua-db4cda9b036c314d.rmeta --extern tree_sitter_objc=/Users/korykehl/dev/workspaces/nw-x/target/debug/deps/libtree_sitter_objc-85827b328176bdfc.rmeta --extern tree_sitter_pascal=/Users/korykehl/dev/workspaces/nw-x/target/debug/deps/libtree_sitter_pascal-9265ff8668d432c4.rmeta --extern tree_sitter_php=/Users/korykehl/dev/workspaces/nw-x/target/debug/deps/libtree_sitter_php-0c6699b509ca2f69.rmeta --extern tree_sitter_powershell=/Users/korykehl/dev/workspaces/nw-x/target/debug/deps/libtree_sitter_powershell-4c691e0a5a882439.rmeta --extern tree_sitter_python=/Users/korykehl/dev/workspaces/nw-x/target/debug/deps/libtree_sitter_python-0ebb3f1c568820ed.rmeta --extern tree_sitter_ruby=/Users/korykehl/dev/workspaces/nw-x/target/debug/deps/libtree_sitter_ruby-26992610842f4075.rmeta --extern tree_sitter_rust=/Users/korykehl/dev/workspaces/nw-x/target/debug/deps/libtree_sitter_rust-1f3c0e099bc07e8c.rmeta --extern tree_sitter_scala=/Users/korykehl/dev/workspaces/nw-x/target/debug/deps/libtree_sitter_scala-084c759bb4cd5480.rmeta --extern tree_sitter_sequel=/Users/korykehl/dev/workspaces/nw-x/target/debug/deps/libtree_sitter_sequel-3ccbbe735a293ecb.rmeta --extern tree_sitter_swift=/Users/korykehl/dev/workspaces/nw-x/target/debug/deps/libtree_sitter_swift-6dcf3c50b091fa63.rmeta --extern tree_sitter_systemverilog=/Users/korykehl/dev/workspaces/nw-x/target/debug/deps/libtree_sitter_systemverilog-2edec092c5782cf1.rmeta --extern tree_sitter_typescript=/Users/korykehl/dev/workspaces/nw-x/target/debug/deps/libtree_sitter_typescript-52282b0d53f16112.rmeta --extern tree_sitter_zig=/Users/korykehl/dev/workspaces/nw-x/target/debug/deps/libtree_sitter_zig-78ed99027dfeca74.rmeta -L native=/Users/korykehl/dev/workspaces/nw-x/target/debug/build/tree-sitter-39b3d2e2cd269c16/out -L native=/Users/korykehl/dev/workspaces/nw-x/target/debug/build/tree-sitter-bash-143f27fc69c483f0/out -L native=/Users/korykehl/dev/workspaces/nw-x/target/debug/build/tree-sitter-c-46795dc5a2f539bd/out -L native=/Users/korykehl/dev/workspaces/nw-x/target/debug/build/tree-sitter-c-sharp-3bb886feb1526c76/out -L native=/Users/korykehl/dev/workspaces/nw-x/target/debug/build/tree-sitter-cpp-3d6e2c73aae7cf28/out -L native=/Users/korykehl/dev/workspaces/nw-x/target/debug/build/tree-sitter-dart-926e1e1861be6adb/out -L native=/Users/korykehl/dev/workspaces/nw-x/target/debug/build/tree-sitter-elixir-9cb43401d1b37cee/out -L native=/Users/korykehl/dev/workspaces/nw-x/target/debug/build/tree-sitter-fortran-a8b4e4c6e334eb53/out -L native=/Users/korykehl/dev/workspaces/nw-x/target/debug/build/tree-sitter-go-8a9370e889d5aadf/out -L native=/Users/korykehl/dev/workspaces/nw-x/target/debug/build/tree-sitter-groovy-0ac1378b2790a6f7/out -L native=/Users/korykehl/dev/workspaces/nw-x/target/debug/build/tree-sitter-hcl-38b42a6e614ca3ca/out -L native=/Users/korykehl/dev/workspaces/nw-x/target/debug/build/tree-sitter-java-5cdb08c266bc8900/out -L native=/Users/korykehl/dev/workspaces/nw-x/target/debug/build/tree-sitter-javascript-8ec83748eec90cd1/out -L native=/Users/korykehl/dev/workspaces/nw-x/target/debug/build/tree-sitter-julia-299596747b4a54eb/out -L native=/Users/korykehl/dev/workspaces/nw-x/target/debug/build/tree-sitter-kotlin-93b72e297b6aad20/out -L native=/Users/korykehl/dev/workspaces/nw-x/target/debug/build/tree-sitter-lua-1cdd1faedca755e4/out -L native=/Users/korykehl/dev/workspaces/nw-x/target/debug/build/tree-sitter-objc-254238839033f6a7/out -L native=/Users/korykehl/dev/workspaces/nw-x/target/debug/build/tree-sitter-pascal-7f16d3c6f300aeac/out -L native=/Users/korykehl/dev/workspaces/nw-x/target/debug/build/tree-sitter-php-278fc7c5ed31e0b7/out -L native=/Users/korykehl/dev/workspaces/nw-x/target/debug/build/tree-sitter-powershell-7b399c081d0b1ebe/out -L native=/Users/korykehl/dev/workspaces/nw-x/target/debug/build/tree-sitter-python-fd57720a4cab0447/out -L native=/Users/korykehl/dev/workspaces/nw-x/target/debug/build/tree-sitter-ruby-4635c5ff3252cec5/out -L native=/Users/korykehl/dev/workspaces/nw-x/target/debug/build/tree-sitter-rust-dbf45214d13e8ed6/out -L native=/Users/korykehl/dev/workspaces/nw-x/target/debug/build/tree-sitter-scala-af4bb5d5073a57d7/out -L native=/Users/korykehl/dev/workspaces/nw-x/target/debug/build/tree-sitter-sequel-abc682b04dcd1310/out -L native=/Users/korykehl/dev/workspaces/nw-x/target/debug/build/tree-sitter-swift-5f0303fff5b2d6bd/out -L native=/Users/korykehl/dev/workspaces/nw-x/target/debug/build/tree-sitter-systemverilog-e937fc10f477ec81/out -L native=/Users/korykehl/dev/workspaces/nw-x/target/debug/build/tree-sitter-typescript-9a27c8180497644b/out -L native=/Users/korykehl/dev/workspaces/nw-x/target/debug/build/tree-sitter-zig-3d0eb03c9af77ae7/out`
     Running `/Users/korykehl/dev/workspaces/nw-x/target/debug/build/nestweaver-store-f38057644786be2a/build-script-build`
   Compiling xattr v1.6.1
     Running `/Users/korykehl/.rustup/toolchains/stable-aarch64-apple-darwin/bin/rustc --crate-name xattr --edition=2021 /Users/korykehl/.cargo/registry/src/index.crates.io-1949cf8c6b5b557f/xattr-1.6.1/src/lib.rs --error-format=json --json=diagnostic-rendered-ansi,artifacts,future-incompat --crate-type lib --emit=dep-info,metadata,link -C embed-bitcode=no -C debuginfo=2 -C split-debuginfo=unpacked --cfg 'feature="default"' --cfg 'feature="unsupported"' --check-cfg 'cfg(docsrs,test)' --check-cfg 'cfg(feature, values("default", "unsupported"))' -C metadata=9f5ea0d737f52153 -C extra-filename=-7156ca0eaf6487b4 --out-dir /Users/korykehl/dev/workspaces/nw-x/target/debug/deps -L dependency=/Users/korykehl/dev/workspaces/nw-x/target/debug/deps --extern rustix=/Users/korykehl/dev/workspaces/nw-x/target/debug/deps/librustix-0625bbd18e0afdf4.rmeta --cap-lints allow`
       Fresh fraction v0.15.4
       Fresh html2md v0.2.15
       Fresh apollo-parser v0.8.6
       Fresh toml_edit v0.25.13+spec-1.1.0
       Fresh serde_yaml_ng v0.10.0
       Fresh shellexpand v3.1.2
       Fresh gemm-c64 v0.19.0
       Fresh gemm-f64 v0.19.0
       Fresh gemm-c32 v0.19.0
       Fresh protobuf-support v3.7.2
       Dirty nestweaver-storage v7.0.0 (/private/var/folders/wy/f399vst543dbrw08w_y3wmh00000gn/T/cargo-mutants-nw-x-PD9tpz.tmp/crates/nestweaver-storage): the file `crates/nestweaver-storage/src/backend.rs` has changed (1787673082.801152000s, 15m 6s after last build at 1787672176.895451636s)
   Compiling nestweaver-storage v7.0.0 (/private/var/folders/wy/f399vst543dbrw08w_y3wmh00000gn/T/cargo-mutants-nw-x-PD9tpz.tmp/crates/nestweaver-storage)
     Running `/Users/korykehl/.rustup/toolchains/stable-aarch64-apple-darwin/bin/rustc --crate-name nestweaver_storage --edition=2024 crates/nestweaver-storage/src/lib.rs --error-format=json --json=diagnostic-rendered-ansi,artifacts,future-incompat --crate-type lib --emit=dep-info,metadata,link -C embed-bitcode=no -C debuginfo=2 -C split-debuginfo=unpacked --check-cfg 'cfg(docsrs,test)' --check-cfg 'cfg(feature, values("gitlab", "s3"))' -C metadata=6fd00c1e4249dbf2 -C extra-filename=-d71565f7716998f8 --out-dir /Users/korykehl/dev/workspaces/nw-x/target/debug/deps -C incremental=/Users/korykehl/dev/workspaces/nw-x/target/debug/incremental -L dependency=/Users/korykehl/dev/workspaces/nw-x/target/debug/deps --extern anyhow=/Users/korykehl/dev/workspaces/nw-x/target/debug/deps/libanyhow-64831d38ed31fe0c.rmeta --extern serde=/Users/korykehl/dev/workspaces/nw-x/target/debug/deps/libserde-6be3bd885dc1796f.rmeta --extern serde_json=/Users/korykehl/dev/workspaces/nw-x/target/debug/deps/libserde_json-533f344c4d340a25.rmeta --extern thiserror=/Users/korykehl/dev/workspaces/nw-x/target/debug/deps/libthiserror-29a3536a50db9dbc.rmeta --extern tracing=/Users/korykehl/dev/workspaces/nw-x/target/debug/deps/libtracing-4afaa3a7db9bcab2.rmeta`
   Compiling tar v0.4.46
     Running `/Users/korykehl/.rustup/toolchains/stable-aarch64-apple-darwin/bin/rustc --crate-name tar --edition=2021 /Users/korykehl/.cargo/registry/src/index.crates.io-1949cf8c6b5b557f/tar-0.4.46/src/lib.rs --error-format=json --json=diagnostic-rendered-ansi,artifacts,future-incompat --crate-type lib --emit=dep-info,metadata,link -C embed-bitcode=no -C debuginfo=2 -C split-debuginfo=unpacked --deny=dead_code --cfg 'feature="default"' --cfg 'feature="xattr"' --check-cfg 'cfg(docsrs,test)' --check-cfg 'cfg(feature, values("default", "xattr"))' -C metadata=b3365e0353aee420 -C extra-filename=-9fc97867cafce83f --out-dir /Users/korykehl/dev/workspaces/nw-x/target/debug/deps -L dependency=/Users/korykehl/dev/workspaces/nw-x/target/debug/deps --extern filetime=/Users/korykehl/dev/workspaces/nw-x/target/debug/deps/libfiletime-6d5a22d3c0035eed.rmeta --extern libc=/Users/korykehl/dev/workspaces/nw-x/target/debug/deps/liblibc-efbcba732f888a3d.rmeta --extern xattr=/Users/korykehl/dev/workspaces/nw-x/target/debug/deps/libxattr-7156ca0eaf6487b4.rmeta --cap-lints allow`
       Fresh strum_macros v0.28.0
       Fresh openapiv3 v2.2.0
       Fresh micromap v0.3.0
       Fresh bytecount v0.6.9
       Fresh vsimd v0.8.0
       Fresh num-cmp v0.1.0
       Fresh outref v0.5.2
       Fresh typed-path v0.12.3
       Fresh zip v8.6.0
       Fresh uuid-simd v0.8.0
       Fresh jsonschema-value v0.49.9
       Fresh referencing v0.49.9
       Fresh strum v0.28.0
       Fresh protobuf v3.7.2
       Fresh gemm v0.19.0
   Compiling rust-embed-impl v8.12.0
     Running `/Users/korykehl/.rustup/toolchains/stable-aarch64-apple-darwin/bin/rustc --crate-name rust_embed_impl --edition=2018 /Users/korykehl/.cargo/registry/src/index.crates.io-1949cf8c6b5b557f/rust-embed-impl-8.12.0/src/lib.rs --error-format=json --json=diagnostic-rendered-ansi,artifacts,future-incompat --crate-type proc-macro --emit=dep-info,link -C prefer-dynamic -C embed-bitcode=no --cfg 'feature="interpolate-folder-path"' --cfg 'feature="shellexpand"' --check-cfg 'cfg(docsrs,test)' --check-cfg 'cfg(feature, values("compression", "debug-embed", "deterministic-timestamps", "include-exclude", "interpolate-folder-path", "shellexpand"))' -C metadata=f7ec21edb06bb3ba -C extra-filename=-3c3a6862c6989f6e --out-dir /Users/korykehl/dev/workspaces/nw-x/target/debug/deps -L dependency=/Users/korykehl/dev/workspaces/nw-x/target/debug/deps --extern mime_guess=/Users/korykehl/dev/workspaces/nw-x/target/debug/deps/libmime_guess-5bd78345e42ded56.rlib --extern proc_macro2=/Users/korykehl/dev/workspaces/nw-x/target/debug/deps/libproc_macro2-1a6012d91d294043.rlib --extern quote=/Users/korykehl/dev/workspaces/nw-x/target/debug/deps/libquote-9b5ff352acdcb4e6.rlib --extern rust_embed_utils=/Users/korykehl/dev/workspaces/nw-x/target/debug/deps/librust_embed_utils-13974c53bcba5833.rlib --extern shellexpand=/Users/korykehl/dev/workspaces/nw-x/target/debug/deps/libshellexpand-bd4d1ab8a614d256.rlib --extern syn=/Users/korykehl/dev/workspaces/nw-x/target/debug/deps/libsyn-3d13fa88701a9112.rlib --extern walkdir=/Users/korykehl/dev/workspaces/nw-x/target/debug/deps/libwalkdir-cbfcc61a3e1776af.rlib --extern proc_macro --cap-lints allow`
   Compiling darling_macro v0.20.11
     Running `/Users/korykehl/.rustup/toolchains/stable-aarch64-apple-darwin/bin/rustc --crate-name darling_macro --edition=2021 /Users/korykehl/.cargo/registry/src/index.crates.io-1949cf8c6b5b557f/darling_macro-0.20.11/src/lib.rs --error-format=json --json=diagnostic-rendered-ansi,artifacts,future-incompat --crate-type proc-macro --emit=dep-info,link -C prefer-dynamic -C embed-bitcode=no --check-cfg 'cfg(docsrs,test)' --check-cfg 'cfg(feature, values())' -C metadata=fdca728d09a6a635 -C extra-filename=-46111dfd76e67bda --out-dir /Users/korykehl/dev/workspaces/nw-x/target/debug/deps -L dependency=/Users/korykehl/dev/workspaces/nw-x/target/debug/deps --extern darling_core=/Users/korykehl/dev/workspaces/nw-x/target/debug/deps/libdarling_core-11cf2169ad3ad5df.rlib --extern quote=/Users/korykehl/dev/workspaces/nw-x/target/debug/deps/libquote-9b5ff352acdcb4e6.rlib --extern syn=/Users/korykehl/dev/workspaces/nw-x/target/debug/deps/libsyn-3d13fa88701a9112.rlib --extern proc_macro --cap-lints allow`
   Compiling safetensors v0.8.0
     Running `/Users/korykehl/.rustup/toolchains/stable-aarch64-apple-darwin/bin/rustc --crate-name safetensors --edition=2021 /Users/korykehl/.cargo/registry/src/index.crates.io-1949cf8c6b5b557f/safetensors-0.8.0/src/lib.rs --error-format=json --json=diagnostic-rendered-ansi,artifacts,future-incompat --crate-type lib --emit=dep-info,metadata,link -C embed-bitcode=no -C debuginfo=2 -C split-debuginfo=unpacked --cfg 'feature="default"' --cfg 'feature="std"' --check-cfg 'cfg(docsrs,test)' --check-cfg 'cfg(feature, values("alloc", "default", "std"))' -C metadata=fbe1e87dcaa95029 -C extra-filename=-7d03183cb55ee86f --out-dir /Users/korykehl/dev/workspaces/nw-x/target/debug/deps -L dependency=/Users/korykehl/dev/workspaces/nw-x/target/debug/deps --extern hashbrown=/Users/korykehl/dev/workspaces/nw-x/target/debug/deps/libhashbrown-fff3b836a010fea4.rmeta --extern libc=/Users/korykehl/dev/workspaces/nw-x/target/debug/deps/liblibc-efbcba732f888a3d.rmeta --extern serde=/Users/korykehl/dev/workspaces/nw-x/target/debug/deps/libserde-6be3bd885dc1796f.rmeta --extern serde_json=/Users/korykehl/dev/workspaces/nw-x/target/debug/deps/libserde_json-533f344c4d340a25.rmeta --extern tempfile=/Users/korykehl/dev/workspaces/nw-x/target/debug/deps/libtempfile-ddf3a3cadb9f75c3.rmeta --cap-lints allow`
   Compiling darling v0.20.11
     Running `/Users/korykehl/.rustup/toolchains/stable-aarch64-apple-darwin/bin/rustc --crate-name darling --edition=2021 /Users/korykehl/.cargo/registry/src/index.crates.io-1949cf8c6b5b557f/darling-0.20.11/src/lib.rs --error-format=json --json=diagnostic-rendered-ansi,artifacts,future-incompat --crate-type lib --emit=dep-info,metadata,link -C embed-bitcode=no --warn=unexpected_cfgs --check-cfg 'cfg(compiletests)' --cfg 'feature="default"' --cfg 'feature="suggestions"' --check-cfg 'cfg(docsrs,test)' --check-cfg 'cfg(feature, values("default", "diagnostics", "suggestions"))' -C metadata=a56f43b888666309 -C extra-filename=-57df3c25d86c45a8 --out-dir /Users/korykehl/dev/workspaces/nw-x/target/debug/deps -L dependency=/Users/korykehl/dev/workspaces/nw-x/target/debug/deps --extern darling_core=/Users/korykehl/dev/workspaces/nw-x/target/debug/deps/libdarling_core-11cf2169ad3ad5df.rmeta --extern darling_macro=/Users/korykehl/dev/workspaces/nw-x/target/debug/deps/libdarling_macro-46111dfd76e67bda.dylib --cap-lints allow`
   Compiling tonic-prost-build v0.14.6
     Running `/Users/korykehl/.rustup/toolchains/stable-aarch64-apple-darwin/bin/rustc --crate-name tonic_prost_build --edition=2024 /Users/korykehl/.cargo/registry/src/index.crates.io-1949cf8c6b5b557f/tonic-prost-build-0.14.6/src/lib.rs --error-format=json --json=diagnostic-rendered-ansi,artifacts,future-incompat --crate-type lib --emit=dep-info,metadata,link -C embed-bitcode=no --cfg 'feature="cleanup-markdown"' --cfg 'feature="default"' --cfg 'feature="transport"' --check-cfg 'cfg(docsrs,test)' --check-cfg 'cfg(feature, values("cleanup-markdown", "default", "transport"))' -C metadata=ebf7e61be7989ce0 -C extra-filename=-35f7d8efacf30cc9 --out-dir /Users/korykehl/dev/workspaces/nw-x/target/debug/deps -L dependency=/Users/korykehl/dev/workspaces/nw-x/target/debug/deps --extern prettyplease=/Users/korykehl/dev/workspaces/nw-x/target/debug/deps/libprettyplease-fa7a6e168061265e.rmeta --extern proc_macro2=/Users/korykehl/dev/workspaces/nw-x/target/debug/deps/libproc_macro2-1a6012d91d294043.rmeta --extern prost_build=/Users/korykehl/dev/workspaces/nw-x/target/debug/deps/libprost_build-091b34e1fc116dbb.rmeta --extern prost_types=/Users/korykehl/dev/workspaces/nw-x/target/debug/deps/libprost_types-dfa3d54fa24bf7c3.rmeta --extern quote=/Users/korykehl/dev/workspaces/nw-x/target/debug/deps/libquote-9b5ff352acdcb4e6.rmeta --extern syn=/Users/korykehl/dev/workspaces/nw-x/target/debug/deps/libsyn-3d13fa88701a9112.rmeta --extern tempfile=/Users/korykehl/dev/workspaces/nw-x/target/debug/deps/libtempfile-fce32fa357afe61d.rmeta --extern tonic_build=/Users/korykehl/dev/workspaces/nw-x/target/debug/deps/libtonic_build-8ee9d2986fec2964.rmeta --cap-lints allow`
       Fresh unicode-general-category v1.1.0
       Fresh fancy-regex v0.19.0
       Fresh dashmap v6.2.1
       Fresh rust-embed-utils v8.12.0
       Fresh float8 v0.7.0
       Fresh sharded-slab v0.1.7
       Fresh futures-executor v0.3.34
       Fresh matchers v0.2.0
       Fresh email_address v0.2.9
       Fresh tracing-log v0.2.0
       Fresh jsonschema-regex v0.49.9
       Fresh num_cpus v1.17.0
       Fresh thread_local v1.1.10
       Fresh nu-ansi-term v0.50.3
       Dirty nestweaver-web v7.0.0 (/private/var/folders/wy/f399vst543dbrw08w_y3wmh00000gn/T/cargo-mutants-nw-x-PD9tpz.tmp/crates/nestweaver-web): the file `crates/nestweaver-web/build.rs` has changed (1787673082.730049000s, 15m 1s after last build at 1787672181.089333841s)
   Compiling nestweaver-web v7.0.0 (/private/var/folders/wy/f399vst543dbrw08w_y3wmh00000gn/T/cargo-mutants-nw-x-PD9tpz.tmp/crates/nestweaver-web)
     Running `/Users/korykehl/.rustup/toolchains/stable-aarch64-apple-darwin/bin/rustc --crate-name build_script_build --edition=2024 crates/nestweaver-web/build.rs --error-format=json --json=diagnostic-rendered-ansi,artifacts,future-incompat --crate-type bin --emit=dep-info,link -C embed-bitcode=no --check-cfg 'cfg(docsrs,test)' --check-cfg 'cfg(feature, values())' -C metadata=c846c5f22ac40c01 -C extra-filename=-dc3996d5181c101b --out-dir /Users/korykehl/dev/workspaces/nw-x/target/debug/build/nestweaver-web-dc3996d5181c101b -C incremental=/Users/korykehl/dev/workspaces/nw-x/target/debug/incremental -L dependency=/Users/korykehl/dev/workspaces/nw-x/target/debug/deps`
   Compiling derive_builder_core v0.20.2
     Running `/Users/korykehl/.rustup/toolchains/stable-aarch64-apple-darwin/bin/rustc --crate-name derive_builder_core --edition=2018 /Users/korykehl/.cargo/registry/src/index.crates.io-1949cf8c6b5b557f/derive_builder_core-0.20.2/src/lib.rs --error-format=json --json=diagnostic-rendered-ansi,artifacts,future-incompat --crate-type lib --emit=dep-info,metadata,link -C embed-bitcode=no --cfg 'feature="lib_has_std"' --check-cfg 'cfg(docsrs,test)' --check-cfg 'cfg(feature, values("alloc", "clippy", "lib_has_std"))' -C metadata=07d385ef54aa98ea -C extra-filename=-fcb9c197719a2563 --out-dir /Users/korykehl/dev/workspaces/nw-x/target/debug/deps -L dependency=/Users/korykehl/dev/workspaces/nw-x/target/debug/deps --extern darling=/Users/korykehl/dev/workspaces/nw-x/target/debug/deps/libdarling-57df3c25d86c45a8.rmeta --extern proc_macro2=/Users/korykehl/dev/workspaces/nw-x/target/debug/deps/libproc_macro2-1a6012d91d294043.rmeta --extern quote=/Users/korykehl/dev/workspaces/nw-x/target/debug/deps/libquote-9b5ff352acdcb4e6.rmeta --extern syn=/Users/korykehl/dev/workspaces/nw-x/target/debug/deps/libsyn-3d13fa88701a9112.rmeta --cap-lints allow`
   Compiling nestweaver-mcp v7.0.0 (/private/var/folders/wy/f399vst543dbrw08w_y3wmh00000gn/T/cargo-mutants-nw-x-PD9tpz.tmp/crates/nestweaver-mcp)
     Running `/Users/korykehl/.rustup/toolchains/stable-aarch64-apple-darwin/bin/rustc --crate-name build_script_build --edition=2024 crates/nestweaver-mcp/build.rs --error-format=json --json=diagnostic-rendered-ansi,artifacts,future-incompat --crate-type bin --emit=dep-info,link -C embed-bitcode=no --cfg 'feature="daemon"' --check-cfg 'cfg(docsrs,test)' --check-cfg 'cfg(feature, values("daemon", "embed"))' -C metadata=1fd54da02484a0ac -C extra-filename=-c5b8f5f759c22c60 --out-dir /Users/korykehl/dev/workspaces/nw-x/target/debug/build/nestweaver-mcp-c5b8f5f759c22c60 -C incremental=/Users/korykehl/dev/workspaces/nw-x/target/debug/incremental -L dependency=/Users/korykehl/dev/workspaces/nw-x/target/debug/deps`
       Fresh data-encoding v2.11.0
       Fresh jsonschema v0.49.9
   Compiling tracing-subscriber v0.3.23
     Running `/Users/korykehl/.rustup/toolchains/stable-aarch64-apple-darwin/bin/rustc --crate-name tracing_subscriber --edition=2018 /Users/korykehl/.cargo/registry/src/index.crates.io-1949cf8c6b5b557f/tracing-subscriber-0.3.23/src/lib.rs --error-format=json --json=diagnostic-rendered-ansi,artifacts,future-incompat --crate-type lib --emit=dep-info,metadata,link -C embed-bitcode=no -C debuginfo=2 -C split-debuginfo=unpacked --warn=unexpected_cfgs --check-cfg 'cfg(flaky_tests)' --check-cfg 'cfg(tracing_unstable)' --check-cfg 'cfg(unsound_local_offset)' --cfg 'feature="alloc"' --cfg 'feature="ansi"' --cfg 'feature="default"' --cfg 'feature="env-filter"' --cfg 'feature="fmt"' --cfg 'feature="matchers"' --cfg 'feature="nu-ansi-term"' --cfg 'feature="once_cell"' --cfg 'feature="registry"' --cfg 'feature="sharded-slab"' --cfg 'feature="smallvec"' --cfg 'feature="std"' --cfg 'feature="thread_local"' --cfg 'feature="tracing"' --cfg 'feature="tracing-log"' --check-cfg 'cfg(docsrs,test)' --check-cfg 'cfg(feature, values("alloc", "ansi", "chrono", "default", "env-filter", "fmt", "json", "local-time", "matchers", "nu-ansi-term", "once_cell", "parking_lot", "regex", "registry", "serde", "serde_json", "sharded-slab", "smallvec", "std", "thread_local", "time", "tracing", "tracing-log", "tracing-serde", "valuable", "valuable-serde", "valuable_crate"))' -C metadata=3d8ace537d5fc76b -C extra-filename=-6cb94e3f3ead8a0c --out-dir /Users/korykehl/dev/workspaces/nw-x/target/debug/deps -L dependency=/Users/korykehl/dev/workspaces/nw-x/target/debug/deps --extern matchers=/Users/korykehl/dev/workspaces/nw-x/target/debug/deps/libmatchers-b46866b55492a7ee.rmeta --extern nu_ansi_term=/Users/korykehl/dev/workspaces/nw-x/target/debug/deps/libnu_ansi_term-b60a05984a093890.rmeta --extern once_cell=/Users/korykehl/dev/workspaces/nw-x/target/debug/deps/libonce_cell-75475f2cdf70add4.rmeta --extern regex_automata=/Users/korykehl/dev/workspaces/nw-x/target/debug/deps/libregex_automata-3c6e5d609a155edd.rmeta --extern sharded_slab=/Users/korykehl/dev/workspaces/nw-x/target/debug/deps/libsharded_slab-6d92886fff5c30fa.rmeta --extern smallvec=/Users/korykehl/dev/workspaces/nw-x/target/debug/deps/libsmallvec-b9daabc3d7c9def3.rmeta --extern thread_local=/Users/korykehl/dev/workspaces/nw-x/target/debug/deps/libthread_local-17109b791de12ee3.rmeta --extern tracing=/Users/korykehl/dev/workspaces/nw-x/target/debug/deps/libtracing-4afaa3a7db9bcab2.rmeta --extern tracing_core=/Users/korykehl/dev/workspaces/nw-x/target/debug/deps/libtracing_core-c069106a144184e7.rmeta --extern tracing_log=/Users/korykehl/dev/workspaces/nw-x/target/debug/deps/libtracing_log-2292628b4e779b87.rmeta --cap-lints allow`
       Fresh futures v0.3.34
   Compiling rust-embed v8.12.0
     Running `/Users/korykehl/.rustup/toolchains/stable-aarch64-apple-darwin/bin/rustc --crate-name rust_embed --edition=2018 /Users/korykehl/.cargo/registry/src/index.crates.io-1949cf8c6b5b557f/rust-embed-8.12.0/src/lib.rs --error-format=json --json=diagnostic-rendered-ansi,artifacts,future-incompat --crate-type lib --emit=dep-info,metadata,link -C embed-bitcode=no -C debuginfo=2 -C split-debuginfo=unpacked --cfg 'feature="interpolate-folder-path"' --check-cfg 'cfg(docsrs,test)' --check-cfg 'cfg(feature, values("actix", "actix-web", "axum", "axum-ex", "compression", "debug-embed", "deterministic-timestamps", "hex", "include-exclude", "include-flate", "interpolate-folder-path", "mime-guess", "mime_guess", "poem", "poem-ex", "rocket", "salvo", "salvo-ex", "tokio", "warp", "warp-ex"))' -C metadata=9c626ae102ade6b4 -C extra-filename=-7271a0a34473adc2 --out-dir /Users/korykehl/dev/workspaces/nw-x/target/debug/deps -L dependency=/Users/korykehl/dev/workspaces/nw-x/target/debug/deps --extern rust_embed_impl=/Users/korykehl/dev/workspaces/nw-x/target/debug/deps/librust_embed_impl-3c3a6862c6989f6e.dylib --extern rust_embed_utils=/Users/korykehl/dev/workspaces/nw-x/target/debug/deps/librust_embed_utils-79a96c8c8e497616.rmeta --extern walkdir=/Users/korykehl/dev/workspaces/nw-x/target/debug/deps/libwalkdir-cbfcc61a3e1776af.rmeta --cap-lints allow`
     Running `/Users/korykehl/dev/workspaces/nw-x/target/debug/build/nestweaver-web-dc3996d5181c101b/build-script-build`
   Compiling nestweaver-proto v7.0.0 (/private/var/folders/wy/f399vst543dbrw08w_y3wmh00000gn/T/cargo-mutants-nw-x-PD9tpz.tmp/crates/nestweaver-proto)
     Running `/Users/korykehl/.rustup/toolchains/stable-aarch64-apple-darwin/bin/rustc --crate-name build_script_build --edition=2024 crates/nestweaver-proto/build.rs --error-format=json --json=diagnostic-rendered-ansi,artifacts,future-incompat --crate-type bin --emit=dep-info,link -C embed-bitcode=no --check-cfg 'cfg(docsrs,test)' --check-cfg 'cfg(feature, values())' -C metadata=1ebb997ba2ed2532 -C extra-filename=-fd3af3e05b299dee --out-dir /Users/korykehl/dev/workspaces/nw-x/target/debug/build/nestweaver-proto-fd3af3e05b299dee -C incremental=/Users/korykehl/dev/workspaces/nw-x/target/debug/incremental -L dependency=/Users/korykehl/dev/workspaces/nw-x/target/debug/deps --extern tonic_build=/Users/korykehl/dev/workspaces/nw-x/target/debug/deps/libtonic_build-8ee9d2986fec2964.rlib --extern tonic_prost_build=/Users/korykehl/dev/workspaces/nw-x/target/debug/deps/libtonic_prost_build-35f7d8efacf30cc9.rlib`
       Fresh prometheus v0.14.0
       Fresh tower-http v0.7.0
       Fresh quanta v0.12.6
       Fresh spinning_top v0.3.0
       Fresh open v5.4.1
       Fresh web-time v1.1.0
       Fresh nonzero_ext v0.3.0
       Fresh symlink v0.1.0
       Fresh futures-timer v3.0.4
       Fresh governor v0.10.4
       Fresh fancy-regex v0.18.0
       Fresh hmac v0.13.0
       Fresh serde_plain v1.0.2
       Fresh daachorse v1.0.1
   Compiling derive_builder_macro v0.20.2
     Running `/Users/korykehl/.rustup/toolchains/stable-aarch64-apple-darwin/bin/rustc --crate-name derive_builder_macro --edition=2018 /Users/korykehl/.cargo/registry/src/index.crates.io-1949cf8c6b5b557f/derive_builder_macro-0.20.2/src/lib.rs --error-format=json --json=diagnostic-rendered-ansi,artifacts,future-incompat --crate-type proc-macro --emit=dep-info,link -C prefer-dynamic -C embed-bitcode=no --cfg 'feature="lib_has_std"' --check-cfg 'cfg(docsrs,test)' --check-cfg 'cfg(feature, values("alloc", "clippy", "lib_has_std"))' -C metadata=498caa60dce2a1f1 -C extra-filename=-dc4a14912dca7921 --out-dir /Users/korykehl/dev/workspaces/nw-x/target/debug/deps -L dependency=/Users/korykehl/dev/workspaces/nw-x/target/debug/deps --extern derive_builder_core=/Users/korykehl/dev/workspaces/nw-x/target/debug/deps/libderive_builder_core-fcb9c197719a2563.rlib --extern syn=/Users/korykehl/dev/workspaces/nw-x/target/debug/deps/libsyn-3d13fa88701a9112.rlib --extern proc_macro --cap-lints allow`
       Dirty nestweaver-resolver v7.0.0 (/private/var/folders/wy/f399vst543dbrw08w_y3wmh00000gn/T/cargo-mutants-nw-x-PD9tpz.tmp/crates/nestweaver-resolver): the dependency `nestweaver-schema` was rebuilt
   Compiling nestweaver-resolver v7.0.0 (/private/var/folders/wy/f399vst543dbrw08w_y3wmh00000gn/T/cargo-mutants-nw-x-PD9tpz.tmp/crates/nestweaver-resolver)
     Running `/Users/korykehl/.rustup/toolchains/stable-aarch64-apple-darwin/bin/rustc --crate-name nestweaver_resolver --edition=2024 crates/nestweaver-resolver/src/lib.rs --error-format=json --json=diagnostic-rendered-ansi,artifacts,future-incompat --crate-type lib --emit=dep-info,metadata,link -C embed-bitcode=no -C debuginfo=2 -C split-debuginfo=unpacked --check-cfg 'cfg(docsrs,test)' --check-cfg 'cfg(feature, values())' -C metadata=da2afe4648544ce1 -C extra-filename=-bbc84534bc55b1ad --out-dir /Users/korykehl/dev/workspaces/nw-x/target/debug/deps -C incremental=/Users/korykehl/dev/workspaces/nw-x/target/debug/incremental -L dependency=/Users/korykehl/dev/workspaces/nw-x/target/debug/deps --extern glob=/Users/korykehl/dev/workspaces/nw-x/target/debug/deps/libglob-fa4fd015c322efb1.rmeta --extern nestweaver_parser=/Users/korykehl/dev/workspaces/nw-x/target/debug/deps/libnestweaver_parser-d0ac06111cf98dab.rmeta --extern nestweaver_schema=/Users/korykehl/dev/workspaces/nw-x/target/debug/deps/libnestweaver_schema-85f814ab3a400b43.rmeta --extern rayon=/Users/korykehl/dev/workspaces/nw-x/target/debug/deps/librayon-3c3c0c7edd472c21.rmeta --extern serde_json=/Users/korykehl/dev/workspaces/nw-x/target/debug/deps/libserde_json-533f344c4d340a25.rmeta --extern serde_yaml=/Users/korykehl/dev/workspaces/nw-x/target/debug/deps/libserde_yaml-a923b82001c58707.rmeta --extern thiserror=/Users/korykehl/dev/workspaces/nw-x/target/debug/deps/libthiserror-29a3536a50db9dbc.rmeta --extern tracing=/Users/korykehl/dev/workspaces/nw-x/target/debug/deps/libtracing-4afaa3a7db9bcab2.rmeta -L native=/Users/korykehl/dev/workspaces/nw-x/target/debug/build/tree-sitter-39b3d2e2cd269c16/out -L native=/Users/korykehl/dev/workspaces/nw-x/target/debug/build/tree-sitter-bash-143f27fc69c483f0/out -L native=/Users/korykehl/dev/workspaces/nw-x/target/debug/build/tree-sitter-c-46795dc5a2f539bd/out -L native=/Users/korykehl/dev/workspaces/nw-x/target/debug/build/tree-sitter-c-sharp-3bb886feb1526c76/out -L native=/Users/korykehl/dev/workspaces/nw-x/target/debug/build/tree-sitter-cpp-3d6e2c73aae7cf28/out -L native=/Users/korykehl/dev/workspaces/nw-x/target/debug/build/tree-sitter-dart-926e1e1861be6adb/out -L native=/Users/korykehl/dev/workspaces/nw-x/target/debug/build/tree-sitter-elixir-9cb43401d1b37cee/out -L native=/Users/korykehl/dev/workspaces/nw-x/target/debug/build/tree-sitter-fortran-a8b4e4c6e334eb53/out -L native=/Users/korykehl/dev/workspaces/nw-x/target/debug/build/tree-sitter-go-8a9370e889d5aadf/out -L native=/Users/korykehl/dev/workspaces/nw-x/target/debug/build/tree-sitter-groovy-0ac1378b2790a6f7/out -L native=/Users/korykehl/dev/workspaces/nw-x/target/debug/build/tree-sitter-hcl-38b42a6e614ca3ca/out -L native=/Users/korykehl/dev/workspaces/nw-x/target/debug/build/tree-sitter-java-5cdb08c266bc8900/out -L native=/Users/korykehl/dev/workspaces/nw-x/target/debug/build/tree-sitter-javascript-8ec83748eec90cd1/out -L native=/Users/korykehl/dev/workspaces/nw-x/target/debug/build/tree-sitter-julia-299596747b4a54eb/out -L native=/Users/korykehl/dev/workspaces/nw-x/target/debug/build/tree-sitter-kotlin-93b72e297b6aad20/out -L native=/Users/korykehl/dev/workspaces/nw-x/target/debug/build/tree-sitter-lua-1cdd1faedca755e4/out -L native=/Users/korykehl/dev/workspaces/nw-x/target/debug/build/tree-sitter-objc-254238839033f6a7/out -L native=/Users/korykehl/dev/workspaces/nw-x/target/debug/build/tree-sitter-pascal-7f16d3c6f300aeac/out -L native=/Users/korykehl/dev/workspaces/nw-x/target/debug/build/tree-sitter-php-278fc7c5ed31e0b7/out -L native=/Users/korykehl/dev/workspaces/nw-x/target/debug/build/tree-sitter-powershell-7b399c081d0b1ebe/out -L native=/Users/korykehl/dev/workspaces/nw-x/target/debug/build/tree-sitter-python-fd57720a4cab0447/out -L native=/Users/korykehl/dev/workspaces/nw-x/target/debug/build/tree-sitter-ruby-4635c5ff3252cec5/out -L native=/Users/korykehl/dev/workspaces/nw-x/target/debug/build/tree-sitter-rust-dbf45214d13e8ed6/out -L native=/Users/korykehl/dev/workspaces/nw-x/target/debug/build/tree-sitter-scala-af4bb5d5073a57d7/out -L native=/Users/korykehl/dev/workspaces/nw-x/target/debug/build/tree-sitter-sequel-abc682b04dcd1310/out -L native=/Users/korykehl/dev/workspaces/nw-x/target/debug/build/tree-sitter-swift-5f0303fff5b2d6bd/out -L native=/Users/korykehl/dev/workspaces/nw-x/target/debug/build/tree-sitter-systemverilog-e937fc10f477ec81/out -L native=/Users/korykehl/dev/workspaces/nw-x/target/debug/build/tree-sitter-typescript-9a27c8180497644b/out -L native=/Users/korykehl/dev/workspaces/nw-x/target/debug/build/tree-sitter-zig-3d0eb03c9af77ae7/out`
   Compiling derive_builder v0.20.2
     Running `/Users/korykehl/.rustup/toolchains/stable-aarch64-apple-darwin/bin/rustc --crate-name derive_builder --edition=2018 /Users/korykehl/.cargo/registry/src/index.crates.io-1949cf8c6b5b557f/derive_builder-0.20.2/src/lib.rs --error-format=json --json=diagnostic-rendered-ansi,artifacts,future-incompat --crate-type lib --emit=dep-info,metadata,link -C embed-bitcode=no -C debuginfo=2 -C split-debuginfo=unpacked --warn=unexpected_cfgs --check-cfg 'cfg(compiletests)' --cfg 'feature="default"' --cfg 'feature="std"' --check-cfg 'cfg(docsrs,test)' --check-cfg 'cfg(feature, values("alloc", "clippy", "default", "std"))' -C metadata=bbbc3395c6824aff -C extra-filename=-c75ab730f2e5e06b --out-dir /Users/korykehl/dev/workspaces/nw-x/target/debug/deps -L dependency=/Users/korykehl/dev/workspaces/nw-x/target/debug/deps --extern derive_builder_macro=/Users/korykehl/dev/workspaces/nw-x/target/debug/deps/libderive_builder_macro-dc4a14912dca7921.dylib --cap-lints allow`
     Running `/Users/korykehl/dev/workspaces/nw-x/target/debug/build/nestweaver-mcp-c5b8f5f759c22c60/build-script-build`
   Compiling tokio-util v0.7.19
     Running `/Users/korykehl/.rustup/toolchains/stable-aarch64-apple-darwin/bin/rustc --crate-name tokio_util --edition=2021 /Users/korykehl/.cargo/registry/src/index.crates.io-1949cf8c6b5b557f/tokio-util-0.7.19/src/lib.rs --error-format=json --json=diagnostic-rendered-ansi,artifacts,future-incompat --crate-type lib --emit=dep-info,metadata,link -C embed-bitcode=no -C debuginfo=2 -C split-debuginfo=unpacked --warn=unexpected_cfgs --check-cfg 'cfg(fuzzing)' --check-cfg 'cfg(loom)' --check-cfg 'cfg(mio_unsupported_force_poll_poll)' --check-cfg 'cfg(tokio_allow_from_blocking_fd)' --check-cfg 'cfg(tokio_internal_mt_counters)' --check-cfg 'cfg(tokio_no_parking_lot)' --check-cfg 'cfg(tokio_no_tuning_tests)' --check-cfg 'cfg(tokio_unstable)' --check-cfg 'cfg(target_os, values("cygwin"))' --cfg 'feature="codec"' --cfg 'feature="default"' --cfg 'feature="io"' --cfg 'feature="libc"' --check-cfg 'cfg(docsrs,test)' --check-cfg 'cfg(feature, values("__docs_rs", "codec", "compat", "default", "full", "futures-io", "futures-util", "hashbrown", "io", "io-util", "join-map", "libc", "net", "rt", "slab", "time", "tracing"))' -C metadata=7ba92088ff11b3b4 -C extra-filename=-7dddb439a9b0f9b5 --out-dir /Users/korykehl/dev/workspaces/nw-x/target/debug/deps -L dependency=/Users/korykehl/dev/workspaces/nw-x/target/debug/deps --extern bytes=/Users/korykehl/dev/workspaces/nw-x/target/debug/deps/libbytes-018747fc49d302d0.rmeta --extern futures_core=/Users/korykehl/dev/workspaces/nw-x/target/debug/deps/libfutures_core-f0c8cfdc46ea73c3.rmeta --extern futures_sink=/Users/korykehl/dev/workspaces/nw-x/target/debug/deps/libfutures_sink-a8a20ba802271065.rmeta --extern libc=/Users/korykehl/dev/workspaces/nw-x/target/debug/deps/liblibc-efbcba732f888a3d.rmeta --extern pin_project_lite=/Users/korykehl/dev/workspaces/nw-x/target/debug/deps/libpin_project_lite-2ef770aeba0ec911.rmeta --extern tokio=/Users/korykehl/dev/workspaces/nw-x/target/debug/deps/libtokio-75b377799b8d4e93.rmeta --cap-lints allow`
   Compiling tokio-rustls v0.26.4
     Running `/Users/korykehl/.rustup/toolchains/stable-aarch64-apple-darwin/bin/rustc --crate-name tokio_rustls --edition=2021 /Users/korykehl/.cargo/registry/src/index.crates.io-1949cf8c6b5b557f/tokio-rustls-0.26.4/src/lib.rs --error-format=json --json=diagnostic-rendered-ansi,artifacts,future-incompat --crate-type lib --emit=dep-info,metadata,link -C embed-bitcode=no -C debuginfo=2 -C split-debuginfo=unpacked --cfg 'feature="aws-lc-rs"' --cfg 'feature="aws_lc_rs"' --cfg 'feature="default"' --cfg 'feature="logging"' --cfg 'feature="ring"' --cfg 'feature="tls12"' --check-cfg 'cfg(docsrs,test)' --check-cfg 'cfg(feature, values("aws-lc-rs", "aws_lc_rs", "brotli", "default", "early-data", "fips", "logging", "ring", "tls12", "zlib"))' -C metadata=4a14bfeac305884f -C extra-filename=-2b0bc394b98060d5 --out-dir /Users/korykehl/dev/workspaces/nw-x/target/debug/deps -L dependency=/Users/korykehl/dev/workspaces/nw-x/target/debug/deps --extern rustls=/Users/korykehl/dev/workspaces/nw-x/target/debug/deps/librustls-2bea3a1816b4b643.rmeta --extern tokio=/Users/korykehl/dev/workspaces/nw-x/target/debug/deps/libtokio-75b377799b8d4e93.rmeta --cap-lints allow -L native=/Users/korykehl/dev/workspaces/nw-x/target/debug/build/aws-lc-sys-215f2bcb03737f48/out -L native=/Users/korykehl/dev/workspaces/nw-x/target/debug/build/ring-a1433c24f165249e/out`
     Running `/Users/korykehl/dev/workspaces/nw-x/target/debug/build/nestweaver-proto-fd3af3e05b299dee/build-script-build`
   Compiling tokenizers v0.22.2
     Running `/Users/korykehl/.rustup/toolchains/stable-aarch64-apple-darwin/bin/rustc --crate-name tokenizers --edition=2018 /Users/korykehl/.cargo/registry/src/index.crates.io-1949cf8c6b5b557f/tokenizers-0.22.2/src/lib.rs --error-format=json --json=diagnostic-rendered-ansi,artifacts,future-incompat --crate-type lib --emit=dep-info,metadata,link -C embed-bitcode=no -C debuginfo=2 -C split-debuginfo=unpacked --cfg 'feature="onig"' --check-cfg 'cfg(docsrs,test)' --check-cfg 'cfg(feature, values("default", "esaxx_fast", "fancy-regex", "hf-hub", "http", "indicatif", "onig", "progressbar", "rustls-tls", "unstable_wasm"))' -C metadata=d109684f13dbdaec -C extra-filename=-17f7752fd85f295a --out-dir /Users/korykehl/dev/workspaces/nw-x/target/debug/deps -L dependency=/Users/korykehl/dev/workspaces/nw-x/target/debug/deps --extern ahash=/Users/korykehl/dev/workspaces/nw-x/target/debug/deps/libahash-3955896c3c821d67.rmeta --extern aho_corasick=/Users/korykehl/dev/workspaces/nw-x/target/debug/deps/libaho_corasick-3624c9df57417321.rmeta --extern compact_str=/Users/korykehl/dev/workspaces/nw-x/target/debug/deps/libcompact_str-836737db0943e23f.rmeta --extern dary_heap=/Users/korykehl/dev/workspaces/nw-x/target/debug/deps/libdary_heap-4ff74a516f47e9fa.rmeta --extern derive_builder=/Users/korykehl/dev/workspaces/nw-x/target/debug/deps/libderive_builder-c75ab730f2e5e06b.rmeta --extern esaxx_rs=/Users/korykehl/dev/workspaces/nw-x/target/debug/deps/libesaxx_rs-ee65ab2575216519.rmeta --extern getrandom=/Users/korykehl/dev/workspaces/nw-x/target/debug/deps/libgetrandom-c38972f32599d007.rmeta --extern itertools=/Users/korykehl/dev/workspaces/nw-x/target/debug/deps/libitertools-ba2b001322ea0c3d.rmeta --extern log=/Users/korykehl/dev/workspaces/nw-x/target/debug/deps/liblog-29ae1d1100d6c232.rmeta --extern macro_rules_attribute=/Users/korykehl/dev/workspaces/nw-x/target/debug/deps/libmacro_rules_attribute-7bb7fe0a0c477808.rmeta --extern monostate=/Users/korykehl/dev/workspaces/nw-x/target/debug/deps/libmonostate-e6a02dae0ad2a065.rmeta --extern onig=/Users/korykehl/dev/workspaces/nw-x/target/debug/deps/libonig-49fcb47cd2ee4000.rmeta --extern paste=/Users/korykehl/dev/workspaces/nw-x/target/debug/deps/libpaste-7eda1587ac50e7e0.dylib --extern rand=/Users/korykehl/dev/workspaces/nw-x/target/debug/deps/librand-1be7dd2949c81b4d.rmeta --extern rayon=/Users/korykehl/dev/workspaces/nw-x/target/debug/deps/librayon-3c3c0c7edd472c21.rmeta --extern rayon_cond=/Users/korykehl/dev/workspaces/nw-x/target/debug/deps/librayon_cond-36903082eaa21485.rmeta --extern regex=/Users/korykehl/dev/workspaces/nw-x/target/debug/deps/libregex-4740445e86c8581d.rmeta --extern regex_syntax=/Users/korykehl/dev/workspaces/nw-x/target/debug/deps/libregex_syntax-d717e287122564da.rmeta --extern serde=/Users/korykehl/dev/workspaces/nw-x/target/debug/deps/libserde-6be3bd885dc1796f.rmeta --extern serde_json=/Users/korykehl/dev/workspaces/nw-x/target/debug/deps/libserde_json-533f344c4d340a25.rmeta --extern spm_precompiled=/Users/korykehl/dev/workspaces/nw-x/target/debug/deps/libspm_precompiled-1c60760c720cb3e5.rmeta --extern thiserror=/Users/korykehl/dev/workspaces/nw-x/target/debug/deps/libthiserror-29a3536a50db9dbc.rmeta --extern unicode_normalization_alignments=/Users/korykehl/dev/workspaces/nw-x/target/debug/deps/libunicode_normalization_alignments-8cdc6cb6c2386456.rmeta --extern unicode_segmentation=/Users/korykehl/dev/workspaces/nw-x/target/debug/deps/libunicode_segmentation-bcc1f2afeb7a7d8f.rmeta --extern unicode_categories=/Users/korykehl/dev/workspaces/nw-x/target/debug/deps/libunicode_categories-e953b0d67c777744.rmeta --cap-lints allow -L native=/Users/korykehl/dev/workspaces/nw-x/target/debug/build/esaxx-rs-8018ba1fe8dc6859/out -L native=/Users/korykehl/dev/workspaces/nw-x/target/debug/build/onig_sys-9e593e59ac7defa7/out`
   Compiling tracing-appender v0.2.5
     Running `/Users/korykehl/.rustup/toolchains/stable-aarch64-apple-darwin/bin/rustc --crate-name tracing_appender --edition=2018 /Users/korykehl/.cargo/registry/src/index.crates.io-1949cf8c6b5b557f/tracing-appender-0.2.5/src/lib.rs --error-format=json --json=diagnostic-rendered-ansi,artifacts,future-incompat --crate-type lib --emit=dep-info,metadata,link -C embed-bitcode=no -C debuginfo=2 -C split-debuginfo=unpacked --check-cfg 'cfg(docsrs,test)' --check-cfg 'cfg(feature, values("parking_lot"))' -C metadata=9cd3d1d17b0dc944 -C extra-filename=-931ac72b1000cffd --out-dir /Users/korykehl/dev/workspaces/nw-x/target/debug/deps -L dependency=/Users/korykehl/dev/workspaces/nw-x/target/debug/deps --extern crossbeam_channel=/Users/korykehl/dev/workspaces/nw-x/target/debug/deps/libcrossbeam_channel-51a897eac2dee70e.rmeta --extern symlink=/Users/korykehl/dev/workspaces/nw-x/target/debug/deps/libsymlink-71dcc95a66ff7011.rmeta --extern thiserror=/Users/korykehl/dev/workspaces/nw-x/target/debug/deps/libthiserror-29a3536a50db9dbc.rmeta --extern time=/Users/korykehl/dev/workspaces/nw-x/target/debug/deps/libtime-5356ac4b1bd8b292.rmeta --extern tracing_subscriber=/Users/korykehl/dev/workspaces/nw-x/target/debug/deps/libtracing_subscriber-6cb94e3f3ead8a0c.rmeta --cap-lints allow`
   Compiling tokenizers v0.23.1
     Running `/Users/korykehl/.rustup/toolchains/stable-aarch64-apple-darwin/bin/rustc --crate-name tokenizers --edition=2018 /Users/korykehl/.cargo/registry/src/index.crates.io-1949cf8c6b5b557f/tokenizers-0.23.1/src/lib.rs --error-format=json --json=diagnostic-rendered-ansi,artifacts,future-incompat --crate-type lib --emit=dep-info,metadata,link -C embed-bitcode=no -C debuginfo=2 -C split-debuginfo=unpacked --cfg 'feature="default"' --cfg 'feature="esaxx_fast"' --cfg 'feature="indicatif"' --cfg 'feature="onig"' --cfg 'feature="progressbar"' --check-cfg 'cfg(docsrs,test)' --check-cfg 'cfg(feature, values("default", "esaxx_fast", "fancy-regex", "hf-hub", "http", "indicatif", "onig", "progressbar", "rustls-tls", "unstable_wasm"))' -C metadata=ff7477a075e21b01 -C extra-filename=-159b040b13093fba --out-dir /Users/korykehl/dev/workspaces/nw-x/target/debug/deps -L dependency=/Users/korykehl/dev/workspaces/nw-x/target/debug/deps --extern ahash=/Users/korykehl/dev/workspaces/nw-x/target/debug/deps/libahash-3955896c3c821d67.rmeta --extern compact_str=/Users/korykehl/dev/workspaces/nw-x/target/debug/deps/libcompact_str-836737db0943e23f.rmeta --extern daachorse=/Users/korykehl/dev/workspaces/nw-x/target/debug/deps/libdaachorse-11067b8d09064299.rmeta --extern dary_heap=/Users/korykehl/dev/workspaces/nw-x/target/debug/deps/libdary_heap-4ff74a516f47e9fa.rmeta --extern derive_builder=/Users/korykehl/dev/workspaces/nw-x/target/debug/deps/libderive_builder-c75ab730f2e5e06b.rmeta --extern esaxx_rs=/Users/korykehl/dev/workspaces/nw-x/target/debug/deps/libesaxx_rs-ee65ab2575216519.rmeta --extern getrandom=/Users/korykehl/dev/workspaces/nw-x/target/debug/deps/libgetrandom-c38972f32599d007.rmeta --extern indicatif=/Users/korykehl/dev/workspaces/nw-x/target/debug/deps/libindicatif-8791b848a59f1229.rmeta --extern itertools=/Users/korykehl/dev/workspaces/nw-x/target/debug/deps/libitertools-ba2b001322ea0c3d.rmeta --extern log=/Users/korykehl/dev/workspaces/nw-x/target/debug/deps/liblog-29ae1d1100d6c232.rmeta --extern macro_rules_attribute=/Users/korykehl/dev/workspaces/nw-x/target/debug/deps/libmacro_rules_attribute-7bb7fe0a0c477808.rmeta --extern monostate=/Users/korykehl/dev/workspaces/nw-x/target/debug/deps/libmonostate-e6a02dae0ad2a065.rmeta --extern onig=/Users/korykehl/dev/workspaces/nw-x/target/debug/deps/libonig-49fcb47cd2ee4000.rmeta --extern paste=/Users/korykehl/dev/workspaces/nw-x/target/debug/deps/libpaste-7eda1587ac50e7e0.dylib --extern rand=/Users/korykehl/dev/workspaces/nw-x/target/debug/deps/librand-1be7dd2949c81b4d.rmeta --extern rayon=/Users/korykehl/dev/workspaces/nw-x/target/debug/deps/librayon-3c3c0c7edd472c21.rmeta --extern rayon_cond=/Users/korykehl/dev/workspaces/nw-x/target/debug/deps/librayon_cond-36903082eaa21485.rmeta --extern regex=/Users/korykehl/dev/workspaces/nw-x/target/debug/deps/libregex-4740445e86c8581d.rmeta --extern regex_syntax=/Users/korykehl/dev/workspaces/nw-x/target/debug/deps/libregex_syntax-d717e287122564da.rmeta --extern serde=/Users/korykehl/dev/workspaces/nw-x/target/debug/deps/libserde-6be3bd885dc1796f.rmeta --extern serde_json=/Users/korykehl/dev/workspaces/nw-x/target/debug/deps/libserde_json-533f344c4d340a25.rmeta --extern spm_precompiled=/Users/korykehl/dev/workspaces/nw-x/target/debug/deps/libspm_precompiled-1c60760c720cb3e5.rmeta --extern thiserror=/Users/korykehl/dev/workspaces/nw-x/target/debug/deps/libthiserror-29a3536a50db9dbc.rmeta --extern unicode_normalization_alignments=/Users/korykehl/dev/workspaces/nw-x/target/debug/deps/libunicode_normalization_alignments-8cdc6cb6c2386456.rmeta --extern unicode_segmentation=/Users/korykehl/dev/workspaces/nw-x/target/debug/deps/libunicode_segmentation-bcc1f2afeb7a7d8f.rmeta --extern unicode_categories=/Users/korykehl/dev/workspaces/nw-x/target/debug/deps/libunicode_categories-e953b0d67c777744.rmeta --cap-lints allow -L native=/Users/korykehl/dev/workspaces/nw-x/target/debug/build/esaxx-rs-8018ba1fe8dc6859/out -L native=/Users/korykehl/dev/workspaces/nw-x/target/debug/build/onig_sys-9e593e59ac7defa7/out`
   Compiling h2 v0.4.16
     Running `/Users/korykehl/.rustup/toolchains/stable-aarch64-apple-darwin/bin/rustc --crate-name h2 --edition=2021 /Users/korykehl/.cargo/registry/src/index.crates.io-1949cf8c6b5b557f/h2-0.4.16/src/lib.rs --error-format=json --json=diagnostic-rendered-ansi,artifacts,future-incompat --crate-type lib --emit=dep-info,metadata,link -C embed-bitcode=no -C debuginfo=2 -C split-debuginfo=unpacked --warn=unexpected_cfgs --check-cfg 'cfg(fuzzing)' --check-cfg 'cfg(docsrs,test)' --check-cfg 'cfg(feature, values("stream", "unstable"))' -C metadata=9a75fbcdc0c58165 -C extra-filename=-929591516cf7bdea --out-dir /Users/korykehl/dev/workspaces/nw-x/target/debug/deps -L dependency=/Users/korykehl/dev/workspaces/nw-x/target/debug/deps --extern atomic_waker=/Users/korykehl/dev/workspaces/nw-x/target/debug/deps/libatomic_waker-ba15cf2d59c16d35.rmeta --extern bytes=/Users/korykehl/dev/workspaces/nw-x/target/debug/deps/libbytes-018747fc49d302d0.rmeta --extern fnv=/Users/korykehl/dev/workspaces/nw-x/target/debug/deps/libfnv-e060eddf16e26b46.rmeta --extern futures_core=/Users/korykehl/dev/workspaces/nw-x/target/debug/deps/libfutures_core-f0c8cfdc46ea73c3.rmeta --extern futures_sink=/Users/korykehl/dev/workspaces/nw-x/target/debug/deps/libfutures_sink-a8a20ba802271065.rmeta --extern http=/Users/korykehl/dev/workspaces/nw-x/target/debug/deps/libhttp-c0ad6dfb8775bb7b.rmeta --extern indexmap=/Users/korykehl/dev/workspaces/nw-x/target/debug/deps/libindexmap-a7a74054fc19c0e6.rmeta --extern slab=/Users/korykehl/dev/workspaces/nw-x/target/debug/deps/libslab-5f9226a0ab880bde.rmeta --extern tokio=/Users/korykehl/dev/workspaces/nw-x/target/debug/deps/libtokio-75b377799b8d4e93.rmeta --extern tokio_util=/Users/korykehl/dev/workspaces/nw-x/target/debug/deps/libtokio_util-7dddb439a9b0f9b5.rmeta --extern tracing=/Users/korykehl/dev/workspaces/nw-x/target/debug/deps/libtracing-4afaa3a7db9bcab2.rmeta --cap-lints allow`
   Compiling tower v0.5.3
     Running `/Users/korykehl/.rustup/toolchains/stable-aarch64-apple-darwin/bin/rustc --crate-name tower --edition=2018 /Users/korykehl/.cargo/registry/src/index.crates.io-1949cf8c6b5b557f/tower-0.5.3/src/lib.rs --error-format=json --json=diagnostic-rendered-ansi,artifacts,future-incompat --crate-type lib --emit=dep-info,metadata,link -C embed-bitcode=no -C debuginfo=2 -C split-debuginfo=unpacked --cfg 'feature="balance"' --cfg 'feature="buffer"' --cfg 'feature="discover"' --cfg 'feature="futures-core"' --cfg 'feature="futures-util"' --cfg 'feature="indexmap"' --cfg 'feature="limit"' --cfg 'feature="load"' --cfg 'feature="load-shed"' --cfg 'feature="log"' --cfg 'feature="make"' --cfg 'feature="pin-project-lite"' --cfg 'feature="ready-cache"' --cfg 'feature="retry"' --cfg 'feature="slab"' --cfg 'feature="sync_wrapper"' --cfg 'feature="timeout"' --cfg 'feature="tokio"' --cfg 'feature="tokio-util"' --cfg 'feature="tracing"' --cfg 'feature="util"' --check-cfg 'cfg(docsrs,test)' --check-cfg 'cfg(feature, values("balance", "buffer", "discover", "filter", "full", "futures-core", "futures-util", "hdrhistogram", "hedge", "indexmap", "limit", "load", "load-shed", "log", "make", "pin-project-lite", "ready-cache", "reconnect", "retry", "slab", "spawn-ready", "steer", "sync_wrapper", "timeout", "tokio", "tokio-stream", "tokio-util", "tracing", "util"))' -C metadata=f5f0ca859cfc476c -C extra-filename=-25feb7d5282c055d --out-dir /Users/korykehl/dev/workspaces/nw-x/target/debug/deps -L dependency=/Users/korykehl/dev/workspaces/nw-x/target/debug/deps --extern futures_core=/Users/korykehl/dev/workspaces/nw-x/target/debug/deps/libfutures_core-f0c8cfdc46ea73c3.rmeta --extern futures_util=/Users/korykehl/dev/workspaces/nw-x/target/debug/deps/libfutures_util-bdfc7efb04d602f0.rmeta --extern indexmap=/Users/korykehl/dev/workspaces/nw-x/target/debug/deps/libindexmap-a7a74054fc19c0e6.rmeta --extern pin_project_lite=/Users/korykehl/dev/workspaces/nw-x/target/debug/deps/libpin_project_lite-2ef770aeba0ec911.rmeta --extern slab=/Users/korykehl/dev/workspaces/nw-x/target/debug/deps/libslab-5f9226a0ab880bde.rmeta --extern sync_wrapper=/Users/korykehl/dev/workspaces/nw-x/target/debug/deps/libsync_wrapper-1add82f083852006.rmeta --extern tokio=/Users/korykehl/dev/workspaces/nw-x/target/debug/deps/libtokio-75b377799b8d4e93.rmeta --extern tokio_util=/Users/korykehl/dev/workspaces/nw-x/target/debug/deps/libtokio_util-7dddb439a9b0f9b5.rmeta --extern tower_layer=/Users/korykehl/dev/workspaces/nw-x/target/debug/deps/libtower_layer-b5fda1e22bdbfc5a.rmeta --extern tower_service=/Users/korykehl/dev/workspaces/nw-x/target/debug/deps/libtower_service-7d1e427dd5efc55f.rmeta --extern tracing=/Users/korykehl/dev/workspaces/nw-x/target/debug/deps/libtracing-4afaa3a7db9bcab2.rmeta --cap-lints allow`
   Compiling tokio-stream v0.1.19
     Running `/Users/korykehl/.rustup/toolchains/stable-aarch64-apple-darwin/bin/rustc --crate-name tokio_stream --edition=2021 /Users/korykehl/.cargo/registry/src/index.crates.io-1949cf8c6b5b557f/tokio-stream-0.1.19/src/lib.rs --error-format=json --json=diagnostic-rendered-ansi,artifacts,future-incompat --crate-type lib --emit=dep-info,metadata,link -C embed-bitcode=no -C debuginfo=2 -C split-debuginfo=unpacked --warn=unexpected_cfgs --check-cfg 'cfg(fuzzing)' --check-cfg 'cfg(loom)' --check-cfg 'cfg(mio_unsupported_force_poll_poll)' --check-cfg 'cfg(tokio_allow_from_blocking_fd)' --check-cfg 'cfg(tokio_internal_mt_counters)' --check-cfg 'cfg(tokio_no_parking_lot)' --check-cfg 'cfg(tokio_no_tuning_tests)' --check-cfg 'cfg(tokio_unstable)' --check-cfg 'cfg(target_os, values("cygwin"))' --cfg 'feature="default"' --cfg 'feature="net"' --cfg 'feature="sync"' --cfg 'feature="time"' --cfg 'feature="tokio-util"' --check-cfg 'cfg(docsrs,test)' --check-cfg 'cfg(feature, values("default", "fs", "full", "io-util", "net", "rt", "signal", "sync", "time", "tokio-util"))' -C metadata=dd7de48f629b12e1 -C extra-filename=-83d0c8ac3d508350 --out-dir /Users/korykehl/dev/workspaces/nw-x/target/debug/deps -L dependency=/Users/korykehl/dev/workspaces/nw-x/target/debug/deps --extern futures_core=/Users/korykehl/dev/workspaces/nw-x/target/debug/deps/libfutures_core-f0c8cfdc46ea73c3.rmeta --extern pin_project_lite=/Users/korykehl/dev/workspaces/nw-x/target/debug/deps/libpin_project_lite-2ef770aeba0ec911.rmeta --extern tokio=/Users/korykehl/dev/workspaces/nw-x/target/debug/deps/libtokio-75b377799b8d4e93.rmeta --extern tokio_util=/Users/korykehl/dev/workspaces/nw-x/target/debug/deps/libtokio_util-7dddb439a9b0f9b5.rmeta --cap-lints allow`
   Compiling tower-http v0.6.11
     Running `/Users/korykehl/.rustup/toolchains/stable-aarch64-apple-darwin/bin/rustc --crate-name tower_http --edition=2018 /Users/korykehl/.cargo/registry/src/index.crates.io-1949cf8c6b5b557f/tower-http-0.6.11/src/lib.rs --error-format=json --json=diagnostic-rendered-ansi,artifacts,future-incompat --crate-type lib --emit=dep-info,metadata,link -C embed-bitcode=no -C debuginfo=2 -C split-debuginfo=unpacked --cfg 'feature="follow-redirect"' --cfg 'feature="futures-util"' --cfg 'feature="tower"' --check-cfg 'cfg(docsrs,test)' --check-cfg 'cfg(feature, values("add-extension", "async-compression", "auth", "base64", "catch-panic", "compression-br", "compression-deflate", "compression-full", "compression-gzip", "compression-zstd", "cors", "decompression-br", "decompression-deflate", "decompression-full", "decompression-gzip", "decompression-zstd", "default", "follow-redirect", "fs", "full", "futures-core", "futures-util", "httpdate", "limit", "map-request-body", "map-response-body", "metrics", "mime", "mime_guess", "normalize-path", "on-early-drop", "percent-encoding", "propagate-header", "redirect", "request-id", "sensitive-headers", "set-header", "set-status", "timeout", "tokio", "tokio-util", "tower", "trace", "tracing", "util", "uuid", "validate-request"))' -C metadata=f3300f69e0966ec3 -C extra-filename=-401aefe78a91648d --out-dir /Users/korykehl/dev/workspaces/nw-x/target/debug/deps -L dependency=/Users/korykehl/dev/workspaces/nw-x/target/debug/deps --extern bitflags=/Users/korykehl/dev/workspaces/nw-x/target/debug/deps/libbitflags-aa80617355351bcd.rmeta --extern bytes=/Users/korykehl/dev/workspaces/nw-x/target/debug/deps/libbytes-018747fc49d302d0.rmeta --extern futures_util=/Users/korykehl/dev/workspaces/nw-x/target/debug/deps/libfutures_util-bdfc7efb04d602f0.rmeta --extern http=/Users/korykehl/dev/workspaces/nw-x/target/debug/deps/libhttp-c0ad6dfb8775bb7b.rmeta --extern http_body=/Users/korykehl/dev/workspaces/nw-x/target/debug/deps/libhttp_body-fe04f2b749f4383f.rmeta --extern pin_project_lite=/Users/korykehl/dev/workspaces/nw-x/target/debug/deps/libpin_project_lite-2ef770aeba0ec911.rmeta --extern tower=/Users/korykehl/dev/workspaces/nw-x/target/debug/deps/libtower-25feb7d5282c055d.rmeta --extern tower_layer=/Users/korykehl/dev/workspaces/nw-x/target/debug/deps/libtower_layer-b5fda1e22bdbfc5a.rmeta --extern tower_service=/Users/korykehl/dev/workspaces/nw-x/target/debug/deps/libtower_service-7d1e427dd5efc55f.rmeta --extern url=/Users/korykehl/dev/workspaces/nw-x/target/debug/deps/liburl-091872620a0fe765.rmeta --cap-lints allow`
   Compiling hyper v1.10.1
     Running `/Users/korykehl/.rustup/toolchains/stable-aarch64-apple-darwin/bin/rustc --crate-name hyper --edition=2021 /Users/korykehl/.cargo/registry/src/index.crates.io-1949cf8c6b5b557f/hyper-1.10.1/src/lib.rs --error-format=json --json=diagnostic-rendered-ansi,artifacts,future-incompat --crate-type lib --emit=dep-info,metadata,link -C embed-bitcode=no -C debuginfo=2 -C split-debuginfo=unpacked '--warn=clippy::restriction' '--warn=clippy::pedantic' '--allow=clippy::wildcard_enum_match_arm' '--allow=clippy::useless_borrows_in_formatting' '--allow=clippy::used_underscore_items' '--allow=clippy::unwrap_in_result' '--allow=clippy::unused_trait_names' '--allow=clippy::unused_async' '--allow=clippy::unseparated_literal_suffix' '--allow=clippy::unreachable' '--allow=clippy::unnested_or_patterns' '--allow=clippy::unnecessary_trailing_comma' '--allow=clippy::unnecessary_semicolon' '--allow=clippy::unnecessary_safety_comment' '--allow=clippy::uninlined_format_args' --warn=unexpected_cfgs '--allow=clippy::undocumented_unsafe_blocks' '--allow=clippy::type_complexity' '--allow=clippy::trivially_copy_pass_by_ref' '--allow=clippy::too_many_lines' '--allow=clippy::struct_field_names' '--allow=clippy::struct_excessive_bools' '--allow=clippy::std_instead_of_core' '--allow=clippy::std_instead_of_alloc' '--allow=clippy::single_match_else' '--allow=clippy::single_char_lifetime_names' '--allow=clippy::single_call_fn' '--allow=clippy::shadow_unrelated' '--allow=clippy::shadow_same' '--allow=clippy::shadow_reuse' '--allow=clippy::semicolon_outside_block' '--allow=clippy::semicolon_inside_block' '--allow=clippy::semicolon_if_nothing_returned' '--deny=clippy::self_named_module_files' '--allow=clippy::same_name_method' '--allow=clippy::renamed_function_params' '--allow=clippy::ref_patterns' '--allow=clippy::ref_option' '--allow=clippy::redundant_else' '--allow=clippy::redundant_closure_for_method_calls' '--allow=clippy::question_mark_used' '--allow=clippy::question_mark' '--allow=clippy::pub_with_shorthand' '--allow=clippy::pub_use' '--allow=clippy::ptr_as_ptr' '--allow=clippy::pattern_type_mismatch' '--allow=clippy::panic_in_result_fn' '--allow=clippy::panic' '--allow=clippy::new_without_default' '--allow=clippy::needless_pass_by_value' '--allow=clippy::needless_continue' '--allow=clippy::must_use_candidate' '--allow=clippy::multiple_unsafe_ops_per_block' '--allow=clippy::multiple_inherent_impl' '--allow=clippy::module_name_repetitions' '--allow=clippy::module_inception' '--allow=clippy::mod_module_files' '--allow=clippy::missing_trait_methods' '--allow=clippy::missing_panics_doc' '--allow=clippy::missing_inline_in_public_items' '--allow=clippy::missing_fields_in_debug' '--allow=clippy::missing_errors_doc' '--allow=clippy::missing_docs_in_private_items' '--allow=clippy::missing_assert_message' '--allow=clippy::min_ident_chars' '--allow=clippy::match_wild_err_arm' '--allow=clippy::map_unwrap_or' '--allow=clippy::map_err_ignore' '--allow=clippy::manual_assert_eq' '--allow=clippy::let_unit_value' '--allow=clippy::let_underscore_untyped' '--allow=clippy::let_underscore_must_use' '--allow=clippy::large_enum_variant' '--allow=clippy::items_after_statements' '--allow=clippy::integer_division_remainder_used' '--allow=clippy::integer_division' '--allow=clippy::inline_trait_bounds' '--allow=clippy::inline_modules' '--allow=clippy::indexing_slicing' '--allow=clippy::implicit_return' '--allow=clippy::impl_trait_in_params' '--allow=clippy::ignored_unit_patterns' '--allow=clippy::if_then_some_else_none' '--allow=clippy::if_not_else' '--allow=clippy::float_arithmetic' '--allow=clippy::field_scoped_visibility_modifiers' '--allow=clippy::explicit_iter_loop' '--allow=clippy::expect_used' '--allow=clippy::error_impl_error' '--allow=clippy::enum_glob_use' '--allow=clippy::empty_structs_with_brackets' '--allow=clippy::else_if_without_else' '--allow=clippy::default_trait_access' '--allow=clippy::default_numeric_fallback' '--allow=clippy::decimal_literal_representation' '--allow=clippy::collapsible_match' '--allow=clippy::cognitive_complexity' '--allow=clippy::clone_on_ref_ptr' '--allow=clippy::checked_conversions' '--allow=clippy::cast_precision_loss' '--allow=clippy::cast_possible_truncation' '--allow=clippy::cast_lossless' '--allow=clippy::borrow_as_ptr' '--allow=clippy::blanket_clippy_restriction_lints' '--allow=clippy::as_conversions' '--allow=clippy::arithmetic_side_effects' '--allow=clippy::arbitrary_source_item_ordering' '--allow=clippy::absolute_paths' --check-cfg 'cfg(hyper_unstable_tracing)' --check-cfg 'cfg(hyper_unstable_ffi)' --cfg 'feature="client"' --cfg 'feature="default"' --cfg 'feature="http1"' --cfg 'feature="http2"' --cfg 'feature="server"' --check-cfg 'cfg(docsrs,test)' --check-cfg 'cfg(feature, values("capi", "client", "default", "ffi", "full", "http1", "http2", "nightly", "server", "tracing"))' -C metadata=927804ec42c0592d -C extra-filename=-bd06e35c4dbe7812 --out-dir /Users/korykehl/dev/workspaces/nw-x/target/debug/deps -L dependency=/Users/korykehl/dev/workspaces/nw-x/target/debug/deps --extern atomic_waker=/Users/korykehl/dev/workspaces/nw-x/target/debug/deps/libatomic_waker-ba15cf2d59c16d35.rmeta --extern bytes=/Users/korykehl/dev/workspaces/nw-x/target/debug/deps/libbytes-018747fc49d302d0.rmeta --extern futures_channel=/Users/korykehl/dev/workspaces/nw-x/target/debug/deps/libfutures_channel-3dd234f2fb2e5c5e.rmeta --extern futures_core=/Users/korykehl/dev/workspaces/nw-x/target/debug/deps/libfutures_core-f0c8cfdc46ea73c3.rmeta --extern h2=/Users/korykehl/dev/workspaces/nw-x/target/debug/deps/libh2-929591516cf7bdea.rmeta --extern http=/Users/korykehl/dev/workspaces/nw-x/target/debug/deps/libhttp-c0ad6dfb8775bb7b.rmeta --extern http_body=/Users/korykehl/dev/workspaces/nw-x/target/debug/deps/libhttp_body-fe04f2b749f4383f.rmeta --extern httparse=/Users/korykehl/dev/workspaces/nw-x/target/debug/deps/libhttparse-cd8f335e2faa6069.rmeta --extern httpdate=/Users/korykehl/dev/workspaces/nw-x/target/debug/deps/libhttpdate-4777461e1fb0b36a.rmeta --extern itoa=/Users/korykehl/dev/workspaces/nw-x/target/debug/deps/libitoa-f1ae332e353f4621.rmeta --extern pin_project_lite=/Users/korykehl/dev/workspaces/nw-x/target/debug/deps/libpin_project_lite-2ef770aeba0ec911.rmeta --extern smallvec=/Users/korykehl/dev/workspaces/nw-x/target/debug/deps/libsmallvec-b9daabc3d7c9def3.rmeta --extern tokio=/Users/korykehl/dev/workspaces/nw-x/target/debug/deps/libtokio-75b377799b8d4e93.rmeta --extern want=/Users/korykehl/dev/workspaces/nw-x/target/debug/deps/libwant-8a62546f8ed41d08.rmeta --cap-lints allow`
   Compiling candle-core v0.11.0
     Running `/Users/korykehl/.rustup/toolchains/stable-aarch64-apple-darwin/bin/rustc --crate-name candle_core --edition=2021 /Users/korykehl/.cargo/registry/src/index.crates.io-1949cf8c6b5b557f/candle-core-0.11.0/src/lib.rs --error-format=json --json=diagnostic-rendered-ansi,artifacts,future-incompat --crate-type lib --emit=dep-info,metadata,link -C embed-bitcode=no -C debuginfo=2 -C split-debuginfo=unpacked --cfg 'feature="default"' --check-cfg 'cfg(docsrs,test)' --check-cfg 'cfg(feature, values("accelerate", "cuda", "cudarc", "cudnn", "default", "metal", "metal-debug-labels", "mkl", "nccl", "ug"))' -C metadata=f57032a64026d4c3 -C extra-filename=-9a3e956d7ab646ef --out-dir /Users/korykehl/dev/workspaces/nw-x/target/debug/deps -L dependency=/Users/korykehl/dev/workspaces/nw-x/target/debug/deps --extern byteorder=/Users/korykehl/dev/workspaces/nw-x/target/debug/deps/libbyteorder-e074dc42cd287f96.rmeta --extern float8=/Users/korykehl/dev/workspaces/nw-x/target/debug/deps/libfloat8-4ad9478f9883771a.rmeta --extern gemm=/Users/korykehl/dev/workspaces/nw-x/target/debug/deps/libgemm-e8a1b0320d667476.rmeta --extern half=/Users/korykehl/dev/workspaces/nw-x/target/debug/deps/libhalf-796d6a22c7c50ca7.rmeta --extern libc=/Users/korykehl/dev/workspaces/nw-x/target/debug/deps/liblibc-efbcba732f888a3d.rmeta --extern libm=/Users/korykehl/dev/workspaces/nw-x/target/debug/deps/liblibm-a89b563b7e73a426.rmeta --extern memmap2=/Users/korykehl/dev/workspaces/nw-x/target/debug/deps/libmemmap2-3f608b5ca2ae3bef.rmeta --extern num_traits=/Users/korykehl/dev/workspaces/nw-x/target/debug/deps/libnum_traits-2111433853ed7812.rmeta --extern num_cpus=/Users/korykehl/dev/workspaces/nw-x/target/debug/deps/libnum_cpus-df4dde1039ae1dd3.rmeta --extern rand=/Users/korykehl/dev/workspaces/nw-x/target/debug/deps/librand-1be7dd2949c81b4d.rmeta --extern rand_distr=/Users/korykehl/dev/workspaces/nw-x/target/debug/deps/librand_distr-d57cb6af58372b71.rmeta --extern rayon=/Users/korykehl/dev/workspaces/nw-x/target/debug/deps/librayon-3c3c0c7edd472c21.rmeta --extern safetensors=/Users/korykehl/dev/workspaces/nw-x/target/debug/deps/libsafetensors-7d03183cb55ee86f.rmeta --extern thiserror=/Users/korykehl/dev/workspaces/nw-x/target/debug/deps/libthiserror-29a3536a50db9dbc.rmeta --extern tokenizers=/Users/korykehl/dev/workspaces/nw-x/target/debug/deps/libtokenizers-17f7752fd85f295a.rmeta --extern yoke=/Users/korykehl/dev/workspaces/nw-x/target/debug/deps/libyoke-90e61591509c0937.rmeta --extern zerocopy=/Users/korykehl/dev/workspaces/nw-x/target/debug/deps/libzerocopy-5007a59e3cc68bb2.rmeta --extern zip=/Users/korykehl/dev/workspaces/nw-x/target/debug/deps/libzip-b7fcbcc3a5019b89.rmeta --cap-lints allow -L native=/Users/korykehl/dev/workspaces/nw-x/target/debug/build/esaxx-rs-8018ba1fe8dc6859/out -L native=/Users/korykehl/dev/workspaces/nw-x/target/debug/build/onig_sys-9e593e59ac7defa7/out`
   Compiling hyper-util v0.1.20
     Running `/Users/korykehl/.rustup/toolchains/stable-aarch64-apple-darwin/bin/rustc --crate-name hyper_util --edition=2021 /Users/korykehl/.cargo/registry/src/index.crates.io-1949cf8c6b5b557f/hyper-util-0.1.20/src/lib.rs --error-format=json --json=diagnostic-rendered-ansi,artifacts,future-incompat --crate-type lib --emit=dep-info,metadata,link -C embed-bitcode=no -C debuginfo=2 -C split-debuginfo=unpacked --cfg 'feature="client"' --cfg 'feature="client-legacy"' --cfg 'feature="client-proxy"' --cfg 'feature="client-proxy-system"' --cfg 'feature="default"' --cfg 'feature="http1"' --cfg 'feature="http2"' --cfg 'feature="server"' --cfg 'feature="server-auto"' --cfg 'feature="service"' --cfg 'feature="tokio"' --check-cfg 'cfg(docsrs,test)' --check-cfg 'cfg(feature, values("__internal_happy_eyeballs_tests", "client", "client-legacy", "client-pool", "client-proxy", "client-proxy-system", "default", "full", "http1", "http2", "server", "server-auto", "server-graceful", "service", "tokio", "tracing"))' -C metadata=356158cd0d1d2532 -C extra-filename=-fbbead9c23b7caa9 --out-dir /Users/korykehl/dev/workspaces/nw-x/target/debug/deps -L dependency=/Users/korykehl/dev/workspaces/nw-x/target/debug/deps --extern base64=/Users/korykehl/dev/workspaces/nw-x/target/debug/deps/libbase64-e4532c73ad546e3b.rmeta --extern bytes=/Users/korykehl/dev/workspaces/nw-x/target/debug/deps/libbytes-018747fc49d302d0.rmeta --extern futures_channel=/Users/korykehl/dev/workspaces/nw-x/target/debug/deps/libfutures_channel-3dd234f2fb2e5c5e.rmeta --extern futures_util=/Users/korykehl/dev/workspaces/nw-x/target/debug/deps/libfutures_util-bdfc7efb04d602f0.rmeta --extern http=/Users/korykehl/dev/workspaces/nw-x/target/debug/deps/libhttp-c0ad6dfb8775bb7b.rmeta --extern http_body=/Users/korykehl/dev/workspaces/nw-x/target/debug/deps/libhttp_body-fe04f2b749f4383f.rmeta --extern hyper=/Users/korykehl/dev/workspaces/nw-x/target/debug/deps/libhyper-bd06e35c4dbe7812.rmeta --extern ipnet=/Users/korykehl/dev/workspaces/nw-x/target/debug/deps/libipnet-2ed5de3d73396f34.rmeta --extern libc=/Users/korykehl/dev/workspaces/nw-x/target/debug/deps/liblibc-efbcba732f888a3d.rmeta --extern percent_encoding=/Users/korykehl/dev/workspaces/nw-x/target/debug/deps/libpercent_encoding-8e52cae6bfe32ebb.rmeta --extern pin_project_lite=/Users/korykehl/dev/workspaces/nw-x/target/debug/deps/libpin_project_lite-2ef770aeba0ec911.rmeta --extern socket2=/Users/korykehl/dev/workspaces/nw-x/target/debug/deps/libsocket2-3c21cfc8319fbdb7.rmeta --extern system_configuration=/Users/korykehl/dev/workspaces/nw-x/target/debug/deps/libsystem_configuration-28d44e72168f0aa8.rmeta --extern tokio=/Users/korykehl/dev/workspaces/nw-x/target/debug/deps/libtokio-75b377799b8d4e93.rmeta --extern tower_service=/Users/korykehl/dev/workspaces/nw-x/target/debug/deps/libtower_service-7d1e427dd5efc55f.rmeta --extern tracing=/Users/korykehl/dev/workspaces/nw-x/target/debug/deps/libtracing-4afaa3a7db9bcab2.rmeta --cap-lints allow`
     Running `/Users/korykehl/.rustup/toolchains/stable-aarch64-apple-darwin/bin/rustc --crate-name nestweaver_store --edition=2024 crates/nestweaver-store/src/lib.rs --error-format=json --json=diagnostic-rendered-ansi,artifacts,future-incompat --crate-type lib --emit=dep-info,metadata,link -C embed-bitcode=no -C debuginfo=2 -C split-debuginfo=unpacked --check-cfg 'cfg(docsrs,test)' --check-cfg 'cfg(feature, values())' -C metadata=94779e57c928ae56 -C extra-filename=-79e252c28bc659ba --out-dir /Users/korykehl/dev/workspaces/nw-x/target/debug/deps -C incremental=/Users/korykehl/dev/workspaces/nw-x/target/debug/incremental -L dependency=/Users/korykehl/dev/workspaces/nw-x/target/debug/deps --extern anyhow=/Users/korykehl/dev/workspaces/nw-x/target/debug/deps/libanyhow-64831d38ed31fe0c.rmeta --extern blake3=/Users/korykehl/dev/workspaces/nw-x/target/debug/deps/libblake3-0fdc2583ad26b5e1.rmeta --extern csv=/Users/korykehl/dev/workspaces/nw-x/target/debug/deps/libcsv-4fad9f2b7b228aec.rmeta --extern lbug=/Users/korykehl/dev/workspaces/nw-x/target/debug/deps/liblbug-43a155153bfa83d6.rmeta --extern lru=/Users/korykehl/dev/workspaces/nw-x/target/debug/deps/liblru-979583222b8ff5fa.rmeta --extern memmap2=/Users/korykehl/dev/workspaces/nw-x/target/debug/deps/libmemmap2-3f608b5ca2ae3bef.rmeta --extern nestweaver_algorithms=/Users/korykehl/dev/workspaces/nw-x/target/debug/deps/libnestweaver_algorithms-049421a5d68afce6.rmeta --extern nestweaver_schema=/Users/korykehl/dev/workspaces/nw-x/target/debug/deps/libnestweaver_schema-85f814ab3a400b43.rmeta --extern openssl_sys=/Users/korykehl/dev/workspaces/nw-x/target/debug/deps/libopenssl_sys-398dd6934bd0637c.rmeta --extern rayon=/Users/korykehl/dev/workspaces/nw-x/target/debug/deps/librayon-3c3c0c7edd472c21.rmeta --extern regex=/Users/korykehl/dev/workspaces/nw-x/target/debug/deps/libregex-4740445e86c8581d.rmeta --extern regex_syntax=/Users/korykehl/dev/workspaces/nw-x/target/debug/deps/libregex_syntax-d717e287122564da.rmeta --extern rmp_serde=/Users/korykehl/dev/workspaces/nw-x/target/debug/deps/librmp_serde-982a30055768ef5c.rmeta --extern serde=/Users/korykehl/dev/workspaces/nw-x/target/debug/deps/libserde-6be3bd885dc1796f.rmeta --extern serde_json=/Users/korykehl/dev/workspaces/nw-x/target/debug/deps/libserde_json-533f344c4d340a25.rmeta --extern tantivy=/Users/korykehl/dev/workspaces/nw-x/target/debug/deps/libtantivy-5510dc3a6da65b70.rmeta --extern tempfile=/Users/korykehl/dev/workspaces/nw-x/target/debug/deps/libtempfile-ddf3a3cadb9f75c3.rmeta --extern thiserror=/Users/korykehl/dev/workspaces/nw-x/target/debug/deps/libthiserror-29a3536a50db9dbc.rmeta --extern tracing=/Users/korykehl/dev/workspaces/nw-x/target/debug/deps/libtracing-4afaa3a7db9bcab2.rmeta --extern uuid=/Users/korykehl/dev/workspaces/nw-x/target/debug/deps/libuuid-2d23766b4fb0e6ab.rmeta -L native=/Users/korykehl/dev/workspaces/nw-x/target/debug/build/blake3-127749bcfb23fbc2/out -L native=/Users/korykehl/dev/workspaces/nw-x/target/debug/build/lbug-7c53829992bb23df/out/build/src -L native=/Users/korykehl/dev/workspaces/nw-x/target/debug/build/lbug-7c53829992bb23df/out -L native=/Users/korykehl/dev/workspaces/nw-x/target/debug/build/cxx-afe2b6c14865889e/out -L native=/Users/korykehl/dev/workspaces/nw-x/target/debug/build/link-cplusplus-e4e0cd386310c112/out -L native=/Users/korykehl/dev/workspaces/nw-x/target/debug/build/openssl-sys-0c8fbbc8c4b6e0a7/out/openssl-build/install/lib`
   Compiling axum v0.8.9
   Compiling hyper-timeout v0.5.2
   Compiling hyper-rustls v0.27.9
     Running `/Users/korykehl/.rustup/toolchains/stable-aarch64-apple-darwin/bin/rustc --crate-name axum --edition=2021 /Users/korykehl/.cargo/registry/src/index.crates.io-1949cf8c6b5b557f/axum-0.8.9/src/lib.rs --error-format=json --json=diagnostic-rendered-ansi,artifacts,future-incompat --crate-type lib --emit=dep-info,metadata,link -C embed-bitcode=no -C debuginfo=2 -C split-debuginfo=unpacked --warn=rust_2018_idioms '--warn=clippy::verbose_file_reads' '--warn=clippy::unused_self' --forbid=unsafe_code --warn=unreachable_pub '--warn=clippy::unnested_or_patterns' '--warn=clippy::uninlined_format_args' '--allow=clippy::type_complexity' '--warn=clippy::todo' '--warn=clippy::suboptimal_flops' '--warn=clippy::str_to_string' '--warn=clippy::return_self_not_must_use' '--warn=clippy::rest_pat_in_fully_bound_structs' '--warn=clippy::option_option' '--warn=clippy::needless_continue' '--warn=clippy::needless_borrow' '--warn=clippy::must_use_candidate' --warn=missing_docs --warn=missing_debug_implementations '--warn=clippy::mem_forget' '--warn=clippy::match_wildcard_for_single_variants' '--warn=clippy::macro_use_imports' '--warn=clippy::lossy_float_literal' '--warn=clippy::linkedlist' '--warn=clippy::inefficient_to_string' '--warn=clippy::imprecise_flops' '--warn=clippy::if_let_mutex' '--warn=clippy::fn_params_excessive_bools' '--warn=clippy::filter_map_next' '--warn=clippy::exit' '--warn=clippy::enum_glob_use' '--warn=clippy::empty_enums' '--warn=clippy::dbg_macro' '--warn=clippy::await_holding_lock' --cfg 'feature="default"' --cfg 'feature="form"' --cfg 'feature="http1"' --cfg 'feature="json"' --cfg 'feature="matched-path"' --cfg 'feature="original-uri"' --cfg 'feature="query"' --cfg 'feature="tokio"' --cfg 'feature="tower-log"' --cfg 'feature="tracing"' --check-cfg 'cfg(docsrs,test)' --check-cfg 'cfg(feature, values("__private", "__private_docs", "default", "form", "http1", "http2", "json", "macros", "matched-path", "multipart", "original-uri", "query", "tokio", "tower-log", "tracing", "ws"))' -C metadata=2639e566f5b35871 -C extra-filename=-9ea3eb39037e12c3 --out-dir /Users/korykehl/dev/workspaces/nw-x/target/debug/deps -L dependency=/Users/korykehl/dev/workspaces/nw-x/target/debug/deps --extern axum_core=/Users/korykehl/dev/workspaces/nw-x/target/debug/deps/libaxum_core-250b4b8cfa7d9525.rmeta --extern bytes=/Users/korykehl/dev/workspaces/nw-x/target/debug/deps/libbytes-018747fc49d302d0.rmeta --extern form_urlencoded=/Users/korykehl/dev/workspaces/nw-x/target/debug/deps/libform_urlencoded-408b239f481c3d72.rmeta --extern futures_util=/Users/korykehl/dev/workspaces/nw-x/target/debug/deps/libfutures_util-bdfc7efb04d602f0.rmeta --extern http=/Users/korykehl/dev/workspaces/nw-x/target/debug/deps/libhttp-c0ad6dfb8775bb7b.rmeta --extern http_body=/Users/korykehl/dev/workspaces/nw-x/target/debug/deps/libhttp_body-fe04f2b749f4383f.rmeta --extern http_body_util=/Users/korykehl/dev/workspaces/nw-x/target/debug/deps/libhttp_body_util-4b9043abbdbaac0e.rmeta --extern hyper=/Users/korykehl/dev/workspaces/nw-x/target/debug/deps/libhyper-bd06e35c4dbe7812.rmeta --extern hyper_util=/Users/korykehl/dev/workspaces/nw-x/target/debug/deps/libhyper_util-fbbead9c23b7caa9.rmeta --extern itoa=/Users/korykehl/dev/workspaces/nw-x/target/debug/deps/libitoa-f1ae332e353f4621.rmeta --extern matchit=/Users/korykehl/dev/workspaces/nw-x/target/debug/deps/libmatchit-8abeab9edb8cadb2.rmeta --extern memchr=/Users/korykehl/dev/workspaces/nw-x/target/debug/deps/libmemchr-e5948309a90d7cec.rmeta --extern mime=/Users/korykehl/dev/workspaces/nw-x/target/debug/deps/libmime-c48578701d24727e.rmeta --extern percent_encoding=/Users/korykehl/dev/workspaces/nw-x/target/debug/deps/libpercent_encoding-8e52cae6bfe32ebb.rmeta --extern pin_project_lite=/Users/korykehl/dev/workspaces/nw-x/target/debug/deps/libpin_project_lite-2ef770aeba0ec911.rmeta --extern serde_core=/Users/korykehl/dev/workspaces/nw-x/target/debug/deps/libserde_core-655f4ad2a9bea0d9.rmeta --extern serde_json=/Users/korykehl/dev/workspaces/nw-x/target/debug/deps/libserde_json-533f344c4d340a25.rmeta --extern serde_path_to_error=/Users/korykehl/dev/workspaces/nw-x/target/debug/deps/libserde_path_to_error-cb289e678ebf6efb.rmeta --extern serde_urlencoded=/Users/korykehl/dev/workspaces/nw-x/target/debug/deps/libserde_urlencoded-59cf6cab3716fc14.rmeta --extern sync_wrapper=/Users/korykehl/dev/workspaces/nw-x/target/debug/deps/libsync_wrapper-1add82f083852006.rmeta --extern tokio=/Users/korykehl/dev/workspaces/nw-x/target/debug/deps/libtokio-75b377799b8d4e93.rmeta --extern tower=/Users/korykehl/dev/workspaces/nw-x/target/debug/deps/libtower-25feb7d5282c055d.rmeta --extern tower_layer=/Users/korykehl/dev/workspaces/nw-x/target/debug/deps/libtower_layer-b5fda1e22bdbfc5a.rmeta --extern tower_service=/Users/korykehl/dev/workspaces/nw-x/target/debug/deps/libtower_service-7d1e427dd5efc55f.rmeta --extern tracing=/Users/korykehl/dev/workspaces/nw-x/target/debug/deps/libtracing-4afaa3a7db9bcab2.rmeta --cap-lints allow`
     Running `/Users/korykehl/.rustup/toolchains/stable-aarch64-apple-darwin/bin/rustc --crate-name hyper_timeout --edition=2018 /Users/korykehl/.cargo/registry/src/index.crates.io-1949cf8c6b5b557f/hyper-timeout-0.5.2/src/lib.rs --error-format=json --json=diagnostic-rendered-ansi,artifacts,future-incompat --crate-type lib --emit=dep-info,metadata,link -C embed-bitcode=no -C debuginfo=2 -C split-debuginfo=unpacked --check-cfg 'cfg(docsrs,test)' --check-cfg 'cfg(feature, values())' -C metadata=0c8283b7932e6d21 -C extra-filename=-54c4637eec37118e --out-dir /Users/korykehl/dev/workspaces/nw-x/target/debug/deps -L dependency=/Users/korykehl/dev/workspaces/nw-x/target/debug/deps --extern hyper=/Users/korykehl/dev/workspaces/nw-x/target/debug/deps/libhyper-bd06e35c4dbe7812.rmeta --extern hyper_util=/Users/korykehl/dev/workspaces/nw-x/target/debug/deps/libhyper_util-fbbead9c23b7caa9.rmeta --extern pin_project_lite=/Users/korykehl/dev/workspaces/nw-x/target/debug/deps/libpin_project_lite-2ef770aeba0ec911.rmeta --extern tokio=/Users/korykehl/dev/workspaces/nw-x/target/debug/deps/libtokio-75b377799b8d4e93.rmeta --extern tower_service=/Users/korykehl/dev/workspaces/nw-x/target/debug/deps/libtower_service-7d1e427dd5efc55f.rmeta --cap-lints allow`
     Running `/Users/korykehl/.rustup/toolchains/stable-aarch64-apple-darwin/bin/rustc --crate-name hyper_rustls --edition=2021 /Users/korykehl/.cargo/registry/src/index.crates.io-1949cf8c6b5b557f/hyper-rustls-0.27.9/src/lib.rs --error-format=json --json=diagnostic-rendered-ansi,artifacts,future-incompat --crate-type lib --emit=dep-info,metadata,link -C embed-bitcode=no -C debuginfo=2 -C split-debuginfo=unpacked --cfg 'feature="aws-lc-rs"' --cfg 'feature="http1"' --cfg 'feature="http2"' --cfg 'feature="tls12"' --check-cfg 'cfg(docsrs,test)' --check-cfg 'cfg(feature, values("aws-lc-rs", "default", "fips", "http1", "http2", "log", "logging", "native-tokio", "ring", "rustls-native-certs", "rustls-platform-verifier", "tls12", "webpki-roots", "webpki-tokio"))' -C metadata=8b3312f29c5ea9c1 -C extra-filename=-21c76601992ae0e1 --out-dir /Users/korykehl/dev/workspaces/nw-x/target/debug/deps -L dependency=/Users/korykehl/dev/workspaces/nw-x/target/debug/deps --extern http=/Users/korykehl/dev/workspaces/nw-x/target/debug/deps/libhttp-c0ad6dfb8775bb7b.rmeta --extern hyper=/Users/korykehl/dev/workspaces/nw-x/target/debug/deps/libhyper-bd06e35c4dbe7812.rmeta --extern hyper_util=/Users/korykehl/dev/workspaces/nw-x/target/debug/deps/libhyper_util-fbbead9c23b7caa9.rmeta --extern rustls=/Users/korykehl/dev/workspaces/nw-x/target/debug/deps/librustls-2bea3a1816b4b643.rmeta --extern tokio=/Users/korykehl/dev/workspaces/nw-x/target/debug/deps/libtokio-75b377799b8d4e93.rmeta --extern tokio_rustls=/Users/korykehl/dev/workspaces/nw-x/target/debug/deps/libtokio_rustls-2b0bc394b98060d5.rmeta --extern tower_service=/Users/korykehl/dev/workspaces/nw-x/target/debug/deps/libtower_service-7d1e427dd5efc55f.rmeta --cap-lints allow -L native=/Users/korykehl/dev/workspaces/nw-x/target/debug/build/aws-lc-sys-215f2bcb03737f48/out -L native=/Users/korykehl/dev/workspaces/nw-x/target/debug/build/ring-a1433c24f165249e/out`
   Compiling reqwest v0.13.4
     Running `/Users/korykehl/.rustup/toolchains/stable-aarch64-apple-darwin/bin/rustc --crate-name reqwest --edition=2021 /Users/korykehl/.cargo/registry/src/index.crates.io-1949cf8c6b5b557f/reqwest-0.13.4/src/lib.rs --error-format=json --json=diagnostic-rendered-ansi,artifacts,future-incompat --crate-type lib --emit=dep-info,metadata,link -C embed-bitcode=no -C debuginfo=2 -C split-debuginfo=unpacked --warn=unexpected_cfgs --check-cfg 'cfg(reqwest_unstable)' --cfg 'feature="__rustls"' --cfg 'feature="__rustls-aws-lc-rs"' --cfg 'feature="__tls"' --cfg 'feature="charset"' --cfg 'feature="default"' --cfg 'feature="default-tls"' --cfg 'feature="http2"' --cfg 'feature="json"' --cfg 'feature="query"' --cfg 'feature="rustls"' --cfg 'feature="system-proxy"' --check-cfg 'cfg(docsrs,test)' --check-cfg 'cfg(feature, values("__native-tls", "__native-tls-alpn", "__rustls", "__rustls-aws-lc-rs", "__tls", "blocking", "brotli", "charset", "cookies", "default", "default-tls", "deflate", "form", "gzip", "hickory-dns", "http2", "http3", "json", "multipart", "native-tls", "native-tls-no-alpn", "native-tls-vendored", "native-tls-vendored-no-alpn", "query", "rustls", "rustls-no-provider", "socks", "stream", "system-proxy", "zstd"))' -C metadata=5c52de376f117d4c -C extra-filename=-d61e4b904a9d8c6c --out-dir /Users/korykehl/dev/workspaces/nw-x/target/debug/deps -L dependency=/Users/korykehl/dev/workspaces/nw-x/target/debug/deps --extern base64=/Users/korykehl/dev/workspaces/nw-x/target/debug/deps/libbase64-e4532c73ad546e3b.rmeta --extern bytes=/Users/korykehl/dev/workspaces/nw-x/target/debug/deps/libbytes-018747fc49d302d0.rmeta --extern encoding_rs=/Users/korykehl/dev/workspaces/nw-x/target/debug/deps/libencoding_rs-5c90d7e5371be2c6.rmeta --extern futures_core=/Users/korykehl/dev/workspaces/nw-x/target/debug/deps/libfutures_core-f0c8cfdc46ea73c3.rmeta --extern h2=/Users/korykehl/dev/workspaces/nw-x/target/debug/deps/libh2-929591516cf7bdea.rmeta --extern http=/Users/korykehl/dev/workspaces/nw-x/target/debug/deps/libhttp-c0ad6dfb8775bb7b.rmeta --extern http_body=/Users/korykehl/dev/workspaces/nw-x/target/debug/deps/libhttp_body-fe04f2b749f4383f.rmeta --extern http_body_util=/Users/korykehl/dev/workspaces/nw-x/target/debug/deps/libhttp_body_util-4b9043abbdbaac0e.rmeta --extern hyper=/Users/korykehl/dev/workspaces/nw-x/target/debug/deps/libhyper-bd06e35c4dbe7812.rmeta --extern hyper_rustls=/Users/korykehl/dev/workspaces/nw-x/target/debug/deps/libhyper_rustls-21c76601992ae0e1.rmeta --extern hyper_util=/Users/korykehl/dev/workspaces/nw-x/target/debug/deps/libhyper_util-fbbead9c23b7caa9.rmeta --extern log=/Users/korykehl/dev/workspaces/nw-x/target/debug/deps/liblog-29ae1d1100d6c232.rmeta --extern mime=/Users/korykehl/dev/workspaces/nw-x/target/debug/deps/libmime-c48578701d24727e.rmeta --extern percent_encoding=/Users/korykehl/dev/workspaces/nw-x/target/debug/deps/libpercent_encoding-8e52cae6bfe32ebb.rmeta --extern pin_project_lite=/Users/korykehl/dev/workspaces/nw-x/target/debug/deps/libpin_project_lite-2ef770aeba0ec911.rmeta --extern rustls=/Users/korykehl/dev/workspaces/nw-x/target/debug/deps/librustls-2bea3a1816b4b643.rmeta --extern rustls_pki_types=/Users/korykehl/dev/workspaces/nw-x/target/debug/deps/librustls_pki_types-3f28c89d26705667.rmeta --extern rustls_platform_verifier=/Users/korykehl/dev/workspaces/nw-x/target/debug/deps/librustls_platform_verifier-38ce1b1cb5eae377.rmeta --extern serde=/Users/korykehl/dev/workspaces/nw-x/target/debug/deps/libserde-6be3bd885dc1796f.rmeta --extern serde_json=/Users/korykehl/dev/workspaces/nw-x/target/debug/deps/libserde_json-533f344c4d340a25.rmeta --extern serde_urlencoded=/Users/korykehl/dev/workspaces/nw-x/target/debug/deps/libserde_urlencoded-59cf6cab3716fc14.rmeta --extern sync_wrapper=/Users/korykehl/dev/workspaces/nw-x/target/debug/deps/libsync_wrapper-1add82f083852006.rmeta --extern tokio=/Users/korykehl/dev/workspaces/nw-x/target/debug/deps/libtokio-75b377799b8d4e93.rmeta --extern tokio_rustls=/Users/korykehl/dev/workspaces/nw-x/target/debug/deps/libtokio_rustls-2b0bc394b98060d5.rmeta --extern tower=/Users/korykehl/dev/workspaces/nw-x/target/debug/deps/libtower-25feb7d5282c055d.rmeta --extern tower_http=/Users/korykehl/dev/workspaces/nw-x/target/debug/deps/libtower_http-401aefe78a91648d.rmeta --extern tower_service=/Users/korykehl/dev/workspaces/nw-x/target/debug/deps/libtower_service-7d1e427dd5efc55f.rmeta --extern url=/Users/korykehl/dev/workspaces/nw-x/target/debug/deps/liburl-091872620a0fe765.rmeta --cap-lints allow -L native=/Users/korykehl/dev/workspaces/nw-x/target/debug/build/aws-lc-sys-215f2bcb03737f48/out -L native=/Users/korykehl/dev/workspaces/nw-x/target/debug/build/ring-a1433c24f165249e/out`
   Compiling candle-nn v0.11.0
     Running `/Users/korykehl/.rustup/toolchains/stable-aarch64-apple-darwin/bin/rustc --crate-name candle_nn --edition=2021 /Users/korykehl/.cargo/registry/src/index.crates.io-1949cf8c6b5b557f/candle-nn-0.11.0/src/lib.rs --error-format=json --json=diagnostic-rendered-ansi,artifacts,future-incompat --crate-type lib --emit=dep-info,metadata,link -C embed-bitcode=no -C debuginfo=2 -C split-debuginfo=unpacked --cfg 'feature="default"' --check-cfg 'cfg(docsrs,test)' --check-cfg 'cfg(feature, values("accelerate", "cuda", "cudnn", "default", "metal", "metal-debug-labels", "mkl"))' -C metadata=c35c911ed4b16ab8 -C extra-filename=-9ff26b062331252a --out-dir /Users/korykehl/dev/workspaces/nw-x/target/debug/deps -L dependency=/Users/korykehl/dev/workspaces/nw-x/target/debug/deps --extern candle=/Users/korykehl/dev/workspaces/nw-x/target/debug/deps/libcandle_core-9a3e956d7ab646ef.rmeta --extern half=/Users/korykehl/dev/workspaces/nw-x/target/debug/deps/libhalf-796d6a22c7c50ca7.rmeta --extern libc=/Users/korykehl/dev/workspaces/nw-x/target/debug/deps/liblibc-efbcba732f888a3d.rmeta --extern num_traits=/Users/korykehl/dev/workspaces/nw-x/target/debug/deps/libnum_traits-2111433853ed7812.rmeta --extern rayon=/Users/korykehl/dev/workspaces/nw-x/target/debug/deps/librayon-3c3c0c7edd472c21.rmeta --extern safetensors=/Users/korykehl/dev/workspaces/nw-x/target/debug/deps/libsafetensors-7d03183cb55ee86f.rmeta --extern serde=/Users/korykehl/dev/workspaces/nw-x/target/debug/deps/libserde-6be3bd885dc1796f.rmeta --extern thiserror=/Users/korykehl/dev/workspaces/nw-x/target/debug/deps/libthiserror-29a3536a50db9dbc.rmeta --cap-lints allow -L native=/Users/korykehl/dev/workspaces/nw-x/target/debug/build/esaxx-rs-8018ba1fe8dc6859/out -L native=/Users/korykehl/dev/workspaces/nw-x/target/debug/build/onig_sys-9e593e59ac7defa7/out`
   Compiling tonic v0.14.6
     Running `/Users/korykehl/.rustup/toolchains/stable-aarch64-apple-darwin/bin/rustc --crate-name tonic --edition=2024 /Users/korykehl/.cargo/registry/src/index.crates.io-1949cf8c6b5b557f/tonic-0.14.6/src/lib.rs --error-format=json --json=diagnostic-rendered-ansi,artifacts,future-incompat --crate-type lib --emit=dep-info,metadata,link -C embed-bitcode=no -C debuginfo=2 -C split-debuginfo=unpacked --warn=unreachable_pub '--deny=clippy::uninlined_format_args' --warn=rust_2018_idioms --warn=missing_docs --warn=missing_debug_implementations '--deny=rustdoc::broken_intra_doc_links' --cfg 'feature="_tls-any"' --cfg 'feature="channel"' --cfg 'feature="codegen"' --cfg 'feature="default"' --cfg 'feature="router"' --cfg 'feature="server"' --cfg 'feature="tls-connect-info"' --cfg 'feature="tls-ring"' --cfg 'feature="transport"' --check-cfg 'cfg(docsrs,test)' --check-cfg 'cfg(feature, values("_tls-any", "channel", "codegen", "default", "deflate", "gzip", "router", "server", "tls-aws-lc", "tls-connect-info", "tls-native-roots", "tls-ring", "tls-webpki-roots", "transport", "zstd"))' -C metadata=2bbf9ac797f8e105 -C extra-filename=-84a83939f0c4e330 --out-dir /Users/korykehl/dev/workspaces/nw-x/target/debug/deps -L dependency=/Users/korykehl/dev/workspaces/nw-x/target/debug/deps --extern async_trait=/Users/korykehl/dev/workspaces/nw-x/target/debug/deps/libasync_trait-9394e96cd8921415.dylib --extern axum=/Users/korykehl/dev/workspaces/nw-x/target/debug/deps/libaxum-9ea3eb39037e12c3.rmeta --extern base64=/Users/korykehl/dev/workspaces/nw-x/target/debug/deps/libbase64-e4532c73ad546e3b.rmeta --extern bytes=/Users/korykehl/dev/workspaces/nw-x/target/debug/deps/libbytes-018747fc49d302d0.rmeta --extern h2=/Users/korykehl/dev/workspaces/nw-x/target/debug/deps/libh2-929591516cf7bdea.rmeta --extern http=/Users/korykehl/dev/workspaces/nw-x/target/debug/deps/libhttp-c0ad6dfb8775bb7b.rmeta --extern http_body=/Users/korykehl/dev/workspaces/nw-x/target/debug/deps/libhttp_body-fe04f2b749f4383f.rmeta --extern http_body_util=/Users/korykehl/dev/workspaces/nw-x/target/debug/deps/libhttp_body_util-4b9043abbdbaac0e.rmeta --extern hyper=/Users/korykehl/dev/workspaces/nw-x/target/debug/deps/libhyper-bd06e35c4dbe7812.rmeta --extern hyper_timeout=/Users/korykehl/dev/workspaces/nw-x/target/debug/deps/libhyper_timeout-54c4637eec37118e.rmeta --extern hyper_util=/Users/korykehl/dev/workspaces/nw-x/target/debug/deps/libhyper_util-fbbead9c23b7caa9.rmeta --extern percent_encoding=/Users/korykehl/dev/workspaces/nw-x/target/debug/deps/libpercent_encoding-8e52cae6bfe32ebb.rmeta --extern pin_project=/Users/korykehl/dev/workspaces/nw-x/target/debug/deps/libpin_project-5c9758ee3780107c.rmeta --extern socket2=/Users/korykehl/dev/workspaces/nw-x/target/debug/deps/libsocket2-3c21cfc8319fbdb7.rmeta --extern sync_wrapper=/Users/korykehl/dev/workspaces/nw-x/target/debug/deps/libsync_wrapper-1add82f083852006.rmeta --extern tokio=/Users/korykehl/dev/workspaces/nw-x/target/debug/deps/libtokio-75b377799b8d4e93.rmeta --extern tokio_rustls=/Users/korykehl/dev/workspaces/nw-x/target/debug/deps/libtokio_rustls-2b0bc394b98060d5.rmeta --extern tokio_stream=/Users/korykehl/dev/workspaces/nw-x/target/debug/deps/libtokio_stream-83d0c8ac3d508350.rmeta --extern tower=/Users/korykehl/dev/workspaces/nw-x/target/debug/deps/libtower-25feb7d5282c055d.rmeta --extern tower_layer=/Users/korykehl/dev/workspaces/nw-x/target/debug/deps/libtower_layer-b5fda1e22bdbfc5a.rmeta --extern tower_service=/Users/korykehl/dev/workspaces/nw-x/target/debug/deps/libtower_service-7d1e427dd5efc55f.rmeta --extern tracing=/Users/korykehl/dev/workspaces/nw-x/target/debug/deps/libtracing-4afaa3a7db9bcab2.rmeta --cap-lints allow -L native=/Users/korykehl/dev/workspaces/nw-x/target/debug/build/aws-lc-sys-215f2bcb03737f48/out -L native=/Users/korykehl/dev/workspaces/nw-x/target/debug/build/ring-a1433c24f165249e/out`
   Compiling candle-transformers v0.11.0
     Running `/Users/korykehl/.rustup/toolchains/stable-aarch64-apple-darwin/bin/rustc --crate-name candle_transformers --edition=2021 /Users/korykehl/.cargo/registry/src/index.crates.io-1949cf8c6b5b557f/candle-transformers-0.11.0/src/lib.rs --error-format=json --json=diagnostic-rendered-ansi,artifacts,future-incompat --crate-type lib --emit=dep-info,metadata,link -C embed-bitcode=no -C debuginfo=2 -C split-debuginfo=unpacked --cfg 'feature="default"' --check-cfg 'cfg(docsrs,test)' --check-cfg 'cfg(feature, values("accelerate", "cuda", "cudnn", "default", "flash-attn", "metal", "metal-debug-labels", "mkl"))' -C metadata=629ea85d946bbe74 -C extra-filename=-ededaf09d51d381b --out-dir /Users/korykehl/dev/workspaces/nw-x/target/debug/deps -L dependency=/Users/korykehl/dev/workspaces/nw-x/target/debug/deps --extern byteorder=/Users/korykehl/dev/workspaces/nw-x/target/debug/deps/libbyteorder-e074dc42cd287f96.rmeta --extern candle=/Users/korykehl/dev/workspaces/nw-x/target/debug/deps/libcandle_core-9a3e956d7ab646ef.rmeta --extern candle_nn=/Users/korykehl/dev/workspaces/nw-x/target/debug/deps/libcandle_nn-9ff26b062331252a.rmeta --extern fancy_regex=/Users/korykehl/dev/workspaces/nw-x/target/debug/deps/libfancy_regex-58f2980bccd9148b.rmeta --extern num_traits=/Users/korykehl/dev/workspaces/nw-x/target/debug/deps/libnum_traits-2111433853ed7812.rmeta --extern rand=/Users/korykehl/dev/workspaces/nw-x/target/debug/deps/librand-1be7dd2949c81b4d.rmeta --extern rayon=/Users/korykehl/dev/workspaces/nw-x/target/debug/deps/librayon-3c3c0c7edd472c21.rmeta --extern serde=/Users/korykehl/dev/workspaces/nw-x/target/debug/deps/libserde-6be3bd885dc1796f.rmeta --extern serde_json=/Users/korykehl/dev/workspaces/nw-x/target/debug/deps/libserde_json-533f344c4d340a25.rmeta --extern serde_plain=/Users/korykehl/dev/workspaces/nw-x/target/debug/deps/libserde_plain-d00d977165022997.rmeta --extern tracing=/Users/korykehl/dev/workspaces/nw-x/target/debug/deps/libtracing-4afaa3a7db9bcab2.rmeta --cap-lints allow -L native=/Users/korykehl/dev/workspaces/nw-x/target/debug/build/esaxx-rs-8018ba1fe8dc6859/out -L native=/Users/korykehl/dev/workspaces/nw-x/target/debug/build/onig_sys-9e593e59ac7defa7/out`
   Compiling tonic-prost v0.14.6
     Running `/Users/korykehl/.rustup/toolchains/stable-aarch64-apple-darwin/bin/rustc --crate-name tonic_prost --edition=2024 /Users/korykehl/.cargo/registry/src/index.crates.io-1949cf8c6b5b557f/tonic-prost-0.14.6/src/lib.rs --error-format=json --json=diagnostic-rendered-ansi,artifacts,future-incompat --crate-type lib --emit=dep-info,metadata,link -C embed-bitcode=no -C debuginfo=2 -C split-debuginfo=unpacked --check-cfg 'cfg(docsrs,test)' --check-cfg 'cfg(feature, values())' -C metadata=677278cd4ce6f288 -C extra-filename=-3249443489b82458 --out-dir /Users/korykehl/dev/workspaces/nw-x/target/debug/deps -L dependency=/Users/korykehl/dev/workspaces/nw-x/target/debug/deps --extern bytes=/Users/korykehl/dev/workspaces/nw-x/target/debug/deps/libbytes-018747fc49d302d0.rmeta --extern prost=/Users/korykehl/dev/workspaces/nw-x/target/debug/deps/libprost-2e75f999483b913b.rmeta --extern tonic=/Users/korykehl/dev/workspaces/nw-x/target/debug/deps/libtonic-84a83939f0c4e330.rmeta --cap-lints allow -L native=/Users/korykehl/dev/workspaces/nw-x/target/debug/build/aws-lc-sys-215f2bcb03737f48/out -L native=/Users/korykehl/dev/workspaces/nw-x/target/debug/build/ring-a1433c24f165249e/out`
     Running `/Users/korykehl/.rustup/toolchains/stable-aarch64-apple-darwin/bin/rustc --crate-name nestweaver_proto --edition=2024 crates/nestweaver-proto/src/lib.rs --error-format=json --json=diagnostic-rendered-ansi,artifacts,future-incompat --crate-type lib --emit=dep-info,metadata,link -C embed-bitcode=no -C debuginfo=2 -C split-debuginfo=unpacked --check-cfg 'cfg(docsrs,test)' --check-cfg 'cfg(feature, values())' -C metadata=2e1dae6dfe0e5fc4 -C extra-filename=-8226c9b806b67345 --out-dir /Users/korykehl/dev/workspaces/nw-x/target/debug/deps -C incremental=/Users/korykehl/dev/workspaces/nw-x/target/debug/incremental -L dependency=/Users/korykehl/dev/workspaces/nw-x/target/debug/deps --extern prost=/Users/korykehl/dev/workspaces/nw-x/target/debug/deps/libprost-2e75f999483b913b.rmeta --extern tokio_stream=/Users/korykehl/dev/workspaces/nw-x/target/debug/deps/libtokio_stream-83d0c8ac3d508350.rmeta --extern tonic=/Users/korykehl/dev/workspaces/nw-x/target/debug/deps/libtonic-84a83939f0c4e330.rmeta --extern tonic_prost=/Users/korykehl/dev/workspaces/nw-x/target/debug/deps/libtonic_prost-3249443489b82458.rmeta -L native=/Users/korykehl/dev/workspaces/nw-x/target/debug/build/aws-lc-sys-215f2bcb03737f48/out -L native=/Users/korykehl/dev/workspaces/nw-x/target/debug/build/ring-a1433c24f165249e/out`
   Compiling nestweaver-engine v7.0.0 (/private/var/folders/wy/f399vst543dbrw08w_y3wmh00000gn/T/cargo-mutants-nw-x-PD9tpz.tmp/crates/nestweaver-engine)
     Running `/Users/korykehl/.rustup/toolchains/stable-aarch64-apple-darwin/bin/rustc --crate-name nestweaver_engine --edition=2024 crates/nestweaver-engine/src/lib.rs --error-format=json --json=diagnostic-rendered-ansi,artifacts,future-incompat --crate-type lib --emit=dep-info,metadata,link -C embed-bitcode=no -C debuginfo=2 -C split-debuginfo=unpacked --check-cfg 'cfg(docsrs,test)' --check-cfg 'cfg(feature, values("embed"))' -C metadata=5ed98a8d33bc627f -C extra-filename=-11c6333a7f811621 --out-dir /Users/korykehl/dev/workspaces/nw-x/target/debug/deps -C incremental=/Users/korykehl/dev/workspaces/nw-x/target/debug/incremental -L dependency=/Users/korykehl/dev/workspaces/nw-x/target/debug/deps --extern anyhow=/Users/korykehl/dev/workspaces/nw-x/target/debug/deps/libanyhow-64831d38ed31fe0c.rmeta --extern apollo_parser=/Users/korykehl/dev/workspaces/nw-x/target/debug/deps/libapollo_parser-ffeb195b57cc7621.rmeta --extern blake3=/Users/korykehl/dev/workspaces/nw-x/target/debug/deps/libblake3-0fdc2583ad26b5e1.rmeta --extern dirs=/Users/korykehl/dev/workspaces/nw-x/target/debug/deps/libdirs-b70caba85f76d53e.rmeta --extern globset=/Users/korykehl/dev/workspaces/nw-x/target/debug/deps/libglobset-61cd6dc60ea7a467.rmeta --extern html2md=/Users/korykehl/dev/workspaces/nw-x/target/debug/deps/libhtml2md-111d69bbff13c605.rlib --extern html2md=/Users/korykehl/dev/workspaces/nw-x/target/debug/deps/libhtml2md-111d69bbff13c605.dylib --extern ignore=/Users/korykehl/dev/workspaces/nw-x/target/debug/deps/libignore-e9e26265d4bd7c56.rmeta --extern indicatif=/Users/korykehl/dev/workspaces/nw-x/target/debug/deps/libindicatif-8791b848a59f1229.rmeta --extern libc=/Users/korykehl/dev/workspaces/nw-x/target/debug/deps/liblibc-efbcba732f888a3d.rmeta --extern nestweaver_algorithms=/Users/korykehl/dev/workspaces/nw-x/target/debug/deps/libnestweaver_algorithms-049421a5d68afce6.rmeta --extern nestweaver_parser=/Users/korykehl/dev/workspaces/nw-x/target/debug/deps/libnestweaver_parser-d0ac06111cf98dab.rmeta --extern nestweaver_resolver=/Users/korykehl/dev/workspaces/nw-x/target/debug/deps/libnestweaver_resolver-bbc84534bc55b1ad.rmeta --extern nestweaver_schema=/Users/korykehl/dev/workspaces/nw-x/target/debug/deps/libnestweaver_schema-85f814ab3a400b43.rmeta --extern nestweaver_storage=/Users/korykehl/dev/workspaces/nw-x/target/debug/deps/libnestweaver_storage-d71565f7716998f8.rmeta --extern nestweaver_store=/Users/korykehl/dev/workspaces/nw-x/target/debug/deps/libnestweaver_store-79e252c28bc659ba.rmeta --extern notify=/Users/korykehl/dev/workspaces/nw-x/target/debug/deps/libnotify-e8ae26294bbf2828.rmeta --extern openapiv3=/Users/korykehl/dev/workspaces/nw-x/target/debug/deps/libopenapiv3-5925ba38aee3d1d7.rmeta --extern prost_types=/Users/korykehl/dev/workspaces/nw-x/target/debug/deps/libprost_types-c09d0062a4dd4c91.rmeta --extern protox_parse=/Users/korykehl/dev/workspaces/nw-x/target/debug/deps/libprotox_parse-44b5b5c9c94ca604.rmeta --extern rand=/Users/korykehl/dev/workspaces/nw-x/target/debug/deps/librand-f309d24b32a47db1.rmeta --extern rayon=/Users/korykehl/dev/workspaces/nw-x/target/debug/deps/librayon-3c3c0c7edd472c21.rmeta --extern rcgen=/Users/korykehl/dev/workspaces/nw-x/target/debug/deps/librcgen-53d2efaf62b03792.rmeta --extern reqwest=/Users/korykehl/dev/workspaces/nw-x/target/debug/deps/libreqwest-d61e4b904a9d8c6c.rmeta --extern rmp_serde=/Users/korykehl/dev/workspaces/nw-x/target/debug/deps/librmp_serde-982a30055768ef5c.rmeta --extern rusqlite=/Users/korykehl/dev/workspaces/nw-x/target/debug/deps/librusqlite-4ff929928e3a956e.rmeta --extern serde=/Users/korykehl/dev/workspaces/nw-x/target/debug/deps/libserde-6be3bd885dc1796f.rmeta --extern serde_json=/Users/korykehl/dev/workspaces/nw-x/target/debug/deps/libserde_json-533f344c4d340a25.rmeta --extern serde_yaml=/Users/korykehl/dev/workspaces/nw-x/target/debug/deps/libserde_yaml-a923b82001c58707.rmeta --extern serde_yaml_ng=/Users/korykehl/dev/workspaces/nw-x/target/debug/deps/libserde_yaml_ng-2bc89f07b9b8ce18.rmeta --extern sha2=/Users/korykehl/dev/workspaces/nw-x/target/debug/deps/libsha2-129f6766a5de7bd8.rmeta --extern tar=/Users/korykehl/dev/workspaces/nw-x/target/debug/deps/libtar-9fc97867cafce83f.rmeta --extern tempfile=/Users/korykehl/dev/workspaces/nw-x/target/debug/deps/libtempfile-ddf3a3cadb9f75c3.rmeta --extern thiserror=/Users/korykehl/dev/workspaces/nw-x/target/debug/deps/libthiserror-29a3536a50db9dbc.rmeta --extern time=/Users/korykehl/dev/workspaces/nw-x/target/debug/deps/libtime-5356ac4b1bd8b292.rmeta --extern tokio=/Users/korykehl/dev/workspaces/nw-x/target/debug/deps/libtokio-75b377799b8d4e93.rmeta --extern toml=/Users/korykehl/dev/workspaces/nw-x/target/debug/deps/libtoml-a3e6c14f4f3c11b9.rmeta --extern toml_edit=/Users/korykehl/dev/workspaces/nw-x/target/debug/deps/libtoml_edit-1fdf284c7af05af0.rmeta --extern tracing=/Users/korykehl/dev/workspaces/nw-x/target/debug/deps/libtracing-4afaa3a7db9bcab2.rmeta --extern url=/Users/korykehl/dev/workspaces/nw-x/target/debug/deps/liburl-091872620a0fe765.rmeta --extern uuid=/Users/korykehl/dev/workspaces/nw-x/target/debug/deps/libuuid-2d23766b4fb0e6ab.rmeta --extern walkdir=/Users/korykehl/dev/workspaces/nw-x/target/debug/deps/libwalkdir-cbfcc61a3e1776af.rmeta -L native=/Users/korykehl/dev/workspaces/nw-x/target/debug/build/blake3-127749bcfb23fbc2/out -L native=/Users/korykehl/dev/workspaces/nw-x/target/debug/build/tree-sitter-39b3d2e2cd269c16/out -L native=/Users/korykehl/dev/workspaces/nw-x/target/debug/build/tree-sitter-bash-143f27fc69c483f0/out -L native=/Users/korykehl/dev/workspaces/nw-x/target/debug/build/tree-sitter-c-46795dc5a2f539bd/out -L native=/Users/korykehl/dev/workspaces/nw-x/target/debug/build/tree-sitter-c-sharp-3bb886feb1526c76/out -L native=/Users/korykehl/dev/workspaces/nw-x/target/debug/build/tree-sitter-cpp-3d6e2c73aae7cf28/out -L native=/Users/korykehl/dev/workspaces/nw-x/target/debug/build/tree-sitter-dart-926e1e1861be6adb/out -L native=/Users/korykehl/dev/workspaces/nw-x/target/debug/build/tree-sitter-elixir-9cb43401d1b37cee/out -L native=/Users/korykehl/dev/workspaces/nw-x/target/debug/build/tree-sitter-fortran-a8b4e4c6e334eb53/out -L native=/Users/korykehl/dev/workspaces/nw-x/target/debug/build/tree-sitter-go-8a9370e889d5aadf/out -L native=/Users/korykehl/dev/workspaces/nw-x/target/debug/build/tree-sitter-groovy-0ac1378b2790a6f7/out -L native=/Users/korykehl/dev/workspaces/nw-x/target/debug/build/tree-sitter-hcl-38b42a6e614ca3ca/out -L native=/Users/korykehl/dev/workspaces/nw-x/target/debug/build/tree-sitter-java-5cdb08c266bc8900/out -L native=/Users/korykehl/dev/workspaces/nw-x/target/debug/build/tree-sitter-javascript-8ec83748eec90cd1/out -L native=/Users/korykehl/dev/workspaces/nw-x/target/debug/build/tree-sitter-julia-299596747b4a54eb/out -L native=/Users/korykehl/dev/workspaces/nw-x/target/debug/build/tree-sitter-kotlin-93b72e297b6aad20/out -L native=/Users/korykehl/dev/workspaces/nw-x/target/debug/build/tree-sitter-lua-1cdd1faedca755e4/out -L native=/Users/korykehl/dev/workspaces/nw-x/target/debug/build/tree-sitter-objc-254238839033f6a7/out -L native=/Users/korykehl/dev/workspaces/nw-x/target/debug/build/tree-sitter-pascal-7f16d3c6f300aeac/out -L native=/Users/korykehl/dev/workspaces/nw-x/target/debug/build/tree-sitter-php-278fc7c5ed31e0b7/out -L native=/Users/korykehl/dev/workspaces/nw-x/target/debug/build/tree-sitter-powershell-7b399c081d0b1ebe/out -L native=/Users/korykehl/dev/workspaces/nw-x/target/debug/build/tree-sitter-python-fd57720a4cab0447/out -L native=/Users/korykehl/dev/workspaces/nw-x/target/debug/build/tree-sitter-ruby-4635c5ff3252cec5/out -L native=/Users/korykehl/dev/workspaces/nw-x/target/debug/build/tree-sitter-rust-dbf45214d13e8ed6/out -L native=/Users/korykehl/dev/workspaces/nw-x/target/debug/build/tree-sitter-scala-af4bb5d5073a57d7/out -L native=/Users/korykehl/dev/workspaces/nw-x/target/debug/build/tree-sitter-sequel-abc682b04dcd1310/out -L native=/Users/korykehl/dev/workspaces/nw-x/target/debug/build/tree-sitter-swift-5f0303fff5b2d6bd/out -L native=/Users/korykehl/dev/workspaces/nw-x/target/debug/build/tree-sitter-systemverilog-e937fc10f477ec81/out -L native=/Users/korykehl/dev/workspaces/nw-x/target/debug/build/tree-sitter-typescript-9a27c8180497644b/out -L native=/Users/korykehl/dev/workspaces/nw-x/target/debug/build/tree-sitter-zig-3d0eb03c9af77ae7/out -L native=/Users/korykehl/dev/workspaces/nw-x/target/debug/build/lbug-7c53829992bb23df/out/build/src -L native=/Users/korykehl/dev/workspaces/nw-x/target/debug/build/lbug-7c53829992bb23df/out -L native=/Users/korykehl/dev/workspaces/nw-x/target/debug/build/cxx-afe2b6c14865889e/out -L native=/Users/korykehl/dev/workspaces/nw-x/target/debug/build/link-cplusplus-e4e0cd386310c112/out -L native=/Users/korykehl/dev/workspaces/nw-x/target/debug/build/openssl-sys-0c8fbbc8c4b6e0a7/out/openssl-build/install/lib -L native=/Users/korykehl/dev/workspaces/nw-x/target/debug/build/ring-a1433c24f165249e/out -L native=/Users/korykehl/dev/workspaces/nw-x/target/debug/build/aws-lc-sys-215f2bcb03737f48/out -L native=/Users/korykehl/dev/workspaces/nw-x/target/debug/build/libsqlite3-sys-413d1159b408846c/out`
   Compiling nestweaver-federation v7.0.0 (/private/var/folders/wy/f399vst543dbrw08w_y3wmh00000gn/T/cargo-mutants-nw-x-PD9tpz.tmp/crates/nestweaver-federation)
     Running `/Users/korykehl/.rustup/toolchains/stable-aarch64-apple-darwin/bin/rustc --crate-name nestweaver_federation --edition=2024 crates/nestweaver-federation/src/lib.rs --error-format=json --json=diagnostic-rendered-ansi,artifacts,future-incompat --crate-type lib --emit=dep-info,metadata,link -C embed-bitcode=no -C debuginfo=2 -C split-debuginfo=unpacked --check-cfg 'cfg(docsrs,test)' --check-cfg 'cfg(feature, values())' -C metadata=170796f690195f89 -C extra-filename=-19bd16addaed58e4 --out-dir /Users/korykehl/dev/workspaces/nw-x/target/debug/deps -C incremental=/Users/korykehl/dev/workspaces/nw-x/target/debug/incremental -L dependency=/Users/korykehl/dev/workspaces/nw-x/target/debug/deps --extern anyhow=/Users/korykehl/dev/workspaces/nw-x/target/debug/deps/libanyhow-64831d38ed31fe0c.rmeta --extern dirs=/Users/korykehl/dev/workspaces/nw-x/target/debug/deps/libdirs-b70caba85f76d53e.rmeta --extern glob=/Users/korykehl/dev/workspaces/nw-x/target/debug/deps/libglob-fa4fd015c322efb1.rmeta --extern nestweaver_proto=/Users/korykehl/dev/workspaces/nw-x/target/debug/deps/libnestweaver_proto-8226c9b806b67345.rmeta --extern nestweaver_schema=/Users/korykehl/dev/workspaces/nw-x/target/debug/deps/libnestweaver_schema-85f814ab3a400b43.rmeta --extern serde=/Users/korykehl/dev/workspaces/nw-x/target/debug/deps/libserde-6be3bd885dc1796f.rmeta --extern serde_json=/Users/korykehl/dev/workspaces/nw-x/target/debug/deps/libserde_json-533f344c4d340a25.rmeta --extern tokio=/Users/korykehl/dev/workspaces/nw-x/target/debug/deps/libtokio-75b377799b8d4e93.rmeta --extern toml=/Users/korykehl/dev/workspaces/nw-x/target/debug/deps/libtoml-a3e6c14f4f3c11b9.rmeta --extern tonic=/Users/korykehl/dev/workspaces/nw-x/target/debug/deps/libtonic-84a83939f0c4e330.rmeta --extern tracing=/Users/korykehl/dev/workspaces/nw-x/target/debug/deps/libtracing-4afaa3a7db9bcab2.rmeta -L native=/Users/korykehl/dev/workspaces/nw-x/target/debug/build/aws-lc-sys-215f2bcb03737f48/out -L native=/Users/korykehl/dev/workspaces/nw-x/target/debug/build/ring-a1433c24f165249e/out`
     Running `/Users/korykehl/.rustup/toolchains/stable-aarch64-apple-darwin/bin/rustc --crate-name nestweaver_mcp --edition=2024 crates/nestweaver-mcp/src/lib.rs --error-format=json --json=diagnostic-rendered-ansi,artifacts,future-incompat --crate-type lib --emit=dep-info,metadata,link -C embed-bitcode=no -C debuginfo=2 -C split-debuginfo=unpacked --cfg 'feature="daemon"' --check-cfg 'cfg(docsrs,test)' --check-cfg 'cfg(feature, values("daemon", "embed"))' -C metadata=9cb856e882abc8db -C extra-filename=-7dc490ff0c2fee5b --out-dir /Users/korykehl/dev/workspaces/nw-x/target/debug/deps -C incremental=/Users/korykehl/dev/workspaces/nw-x/target/debug/incremental -L dependency=/Users/korykehl/dev/workspaces/nw-x/target/debug/deps --extern anyhow=/Users/korykehl/dev/workspaces/nw-x/target/debug/deps/libanyhow-64831d38ed31fe0c.rmeta --extern axum=/Users/korykehl/dev/workspaces/nw-x/target/debug/deps/libaxum-9ea3eb39037e12c3.rmeta --extern dashmap=/Users/korykehl/dev/workspaces/nw-x/target/debug/deps/libdashmap-082b205d25a00b46.rmeta --extern dirs=/Users/korykehl/dev/workspaces/nw-x/target/debug/deps/libdirs-b70caba85f76d53e.rmeta --extern hyper_util=/Users/korykehl/dev/workspaces/nw-x/target/debug/deps/libhyper_util-fbbead9c23b7caa9.rmeta --extern jsonschema=/Users/korykehl/dev/workspaces/nw-x/target/debug/deps/libjsonschema-5c9c92a53d949f0b.rmeta --extern libc=/Users/korykehl/dev/workspaces/nw-x/target/debug/deps/liblibc-efbcba732f888a3d.rmeta --extern nestweaver_engine=/Users/korykehl/dev/workspaces/nw-x/target/debug/deps/libnestweaver_engine-11c6333a7f811621.rmeta --extern nestweaver_federation=/Users/korykehl/dev/workspaces/nw-x/target/debug/deps/libnestweaver_federation-19bd16addaed58e4.rmeta --extern nestweaver_proto=/Users/korykehl/dev/workspaces/nw-x/target/debug/deps/libnestweaver_proto-8226c9b806b67345.rmeta --extern nestweaver_schema=/Users/korykehl/dev/workspaces/nw-x/target/debug/deps/libnestweaver_schema-85f814ab3a400b43.rmeta --extern nestweaver_store=/Users/korykehl/dev/workspaces/nw-x/target/debug/deps/libnestweaver_store-79e252c28bc659ba.rmeta --extern serde=/Users/korykehl/dev/workspaces/nw-x/target/debug/deps/libserde-6be3bd885dc1796f.rmeta --extern serde_json=/Users/korykehl/dev/workspaces/nw-x/target/debug/deps/libserde_json-533f344c4d340a25.rmeta --extern sha2=/Users/korykehl/dev/workspaces/nw-x/target/debug/deps/libsha2-129f6766a5de7bd8.rmeta --extern subtle=/Users/korykehl/dev/workspaces/nw-x/target/debug/deps/libsubtle-2c14c157aaacba62.rmeta --extern thiserror=/Users/korykehl/dev/workspaces/nw-x/target/debug/deps/libthiserror-29a3536a50db9dbc.rmeta --extern tokio=/Users/korykehl/dev/workspaces/nw-x/target/debug/deps/libtokio-75b377799b8d4e93.rmeta --extern tokio_stream=/Users/korykehl/dev/workspaces/nw-x/target/debug/deps/libtokio_stream-83d0c8ac3d508350.rmeta --extern tonic=/Users/korykehl/dev/workspaces/nw-x/target/debug/deps/libtonic-84a83939f0c4e330.rmeta --extern tower=/Users/korykehl/dev/workspaces/nw-x/target/debug/deps/libtower-25feb7d5282c055d.rmeta --extern tracing=/Users/korykehl/dev/workspaces/nw-x/target/debug/deps/libtracing-4afaa3a7db9bcab2.rmeta --extern uuid=/Users/korykehl/dev/workspaces/nw-x/target/debug/deps/libuuid-2d23766b4fb0e6ab.rmeta -L native=/Users/korykehl/dev/workspaces/nw-x/target/debug/build/blake3-127749bcfb23fbc2/out -L native=/Users/korykehl/dev/workspaces/nw-x/target/debug/build/tree-sitter-39b3d2e2cd269c16/out -L native=/Users/korykehl/dev/workspaces/nw-x/target/debug/build/tree-sitter-bash-143f27fc69c483f0/out -L native=/Users/korykehl/dev/workspaces/nw-x/target/debug/build/tree-sitter-c-46795dc5a2f539bd/out -L native=/Users/korykehl/dev/workspaces/nw-x/target/debug/build/tree-sitter-c-sharp-3bb886feb1526c76/out -L native=/Users/korykehl/dev/workspaces/nw-x/target/debug/build/tree-sitter-cpp-3d6e2c73aae7cf28/out -L native=/Users/korykehl/dev/workspaces/nw-x/target/debug/build/tree-sitter-dart-926e1e1861be6adb/out -L native=/Users/korykehl/dev/workspaces/nw-x/target/debug/build/tree-sitter-elixir-9cb43401d1b37cee/out -L native=/Users/korykehl/dev/workspaces/nw-x/target/debug/build/tree-sitter-fortran-a8b4e4c6e334eb53/out -L native=/Users/korykehl/dev/workspaces/nw-x/target/debug/build/tree-sitter-go-8a9370e889d5aadf/out -L native=/Users/korykehl/dev/workspaces/nw-x/target/debug/build/tree-sitter-groovy-0ac1378b2790a6f7/out -L native=/Users/korykehl/dev/workspaces/nw-x/target/debug/build/tree-sitter-hcl-38b42a6e614ca3ca/out -L native=/Users/korykehl/dev/workspaces/nw-x/target/debug/build/tree-sitter-java-5cdb08c266bc8900/out -L native=/Users/korykehl/dev/workspaces/nw-x/target/debug/build/tree-sitter-javascript-8ec83748eec90cd1/out -L native=/Users/korykehl/dev/workspaces/nw-x/target/debug/build/tree-sitter-julia-299596747b4a54eb/out -L native=/Users/korykehl/dev/workspaces/nw-x/target/debug/build/tree-sitter-kotlin-93b72e297b6aad20/out -L native=/Users/korykehl/dev/workspaces/nw-x/target/debug/build/tree-sitter-lua-1cdd1faedca755e4/out -L native=/Users/korykehl/dev/workspaces/nw-x/target/debug/build/tree-sitter-objc-254238839033f6a7/out -L native=/Users/korykehl/dev/workspaces/nw-x/target/debug/build/tree-sitter-pascal-7f16d3c6f300aeac/out -L native=/Users/korykehl/dev/workspaces/nw-x/target/debug/build/tree-sitter-php-278fc7c5ed31e0b7/out -L native=/Users/korykehl/dev/workspaces/nw-x/target/debug/build/tree-sitter-powershell-7b399c081d0b1ebe/out -L native=/Users/korykehl/dev/workspaces/nw-x/target/debug/build/tree-sitter-python-fd57720a4cab0447/out -L native=/Users/korykehl/dev/workspaces/nw-x/target/debug/build/tree-sitter-ruby-4635c5ff3252cec5/out -L native=/Users/korykehl/dev/workspaces/nw-x/target/debug/build/tree-sitter-rust-dbf45214d13e8ed6/out -L native=/Users/korykehl/dev/workspaces/nw-x/target/debug/build/tree-sitter-scala-af4bb5d5073a57d7/out -L native=/Users/korykehl/dev/workspaces/nw-x/target/debug/build/tree-sitter-sequel-abc682b04dcd1310/out -L native=/Users/korykehl/dev/workspaces/nw-x/target/debug/build/tree-sitter-swift-5f0303fff5b2d6bd/out -L native=/Users/korykehl/dev/workspaces/nw-x/target/debug/build/tree-sitter-systemverilog-e937fc10f477ec81/out -L native=/Users/korykehl/dev/workspaces/nw-x/target/debug/build/tree-sitter-typescript-9a27c8180497644b/out -L native=/Users/korykehl/dev/workspaces/nw-x/target/debug/build/tree-sitter-zig-3d0eb03c9af77ae7/out -L native=/Users/korykehl/dev/workspaces/nw-x/target/debug/build/lbug-7c53829992bb23df/out/build/src -L native=/Users/korykehl/dev/workspaces/nw-x/target/debug/build/lbug-7c53829992bb23df/out -L native=/Users/korykehl/dev/workspaces/nw-x/target/debug/build/cxx-afe2b6c14865889e/out -L native=/Users/korykehl/dev/workspaces/nw-x/target/debug/build/link-cplusplus-e4e0cd386310c112/out -L native=/Users/korykehl/dev/workspaces/nw-x/target/debug/build/openssl-sys-0c8fbbc8c4b6e0a7/out/openssl-build/install/lib -L native=/Users/korykehl/dev/workspaces/nw-x/target/debug/build/ring-a1433c24f165249e/out -L native=/Users/korykehl/dev/workspaces/nw-x/target/debug/build/aws-lc-sys-215f2bcb03737f48/out -L native=/Users/korykehl/dev/workspaces/nw-x/target/debug/build/libsqlite3-sys-413d1159b408846c/out`
     Running `/Users/korykehl/.rustup/toolchains/stable-aarch64-apple-darwin/bin/rustc --crate-name nestweaver_web --edition=2024 crates/nestweaver-web/src/lib.rs --error-format=json --json=diagnostic-rendered-ansi,artifacts,future-incompat --crate-type lib --emit=dep-info,metadata,link -C embed-bitcode=no -C debuginfo=2 -C split-debuginfo=unpacked --check-cfg 'cfg(docsrs,test)' --check-cfg 'cfg(feature, values())' -C metadata=c6ac7359ffe2f006 -C extra-filename=-a2146802b159c5f2 --out-dir /Users/korykehl/dev/workspaces/nw-x/target/debug/deps -C incremental=/Users/korykehl/dev/workspaces/nw-x/target/debug/incremental -L dependency=/Users/korykehl/dev/workspaces/nw-x/target/debug/deps --extern anyhow=/Users/korykehl/dev/workspaces/nw-x/target/debug/deps/libanyhow-64831d38ed31fe0c.rmeta --extern axum=/Users/korykehl/dev/workspaces/nw-x/target/debug/deps/libaxum-9ea3eb39037e12c3.rmeta --extern futures=/Users/korykehl/dev/workspaces/nw-x/target/debug/deps/libfutures-7a3c16ce76753655.rmeta --extern nestweaver_algorithms=/Users/korykehl/dev/workspaces/nw-x/target/debug/deps/libnestweaver_algorithms-049421a5d68afce6.rmeta --extern nestweaver_engine=/Users/korykehl/dev/workspaces/nw-x/target/debug/deps/libnestweaver_engine-11c6333a7f811621.rmeta --extern nestweaver_schema=/Users/korykehl/dev/workspaces/nw-x/target/debug/deps/libnestweaver_schema-85f814ab3a400b43.rmeta --extern nestweaver_store=/Users/korykehl/dev/workspaces/nw-x/target/debug/deps/libnestweaver_store-79e252c28bc659ba.rmeta --extern open=/Users/korykehl/dev/workspaces/nw-x/target/debug/deps/libopen-8aadfde002b163a5.rmeta --extern prometheus=/Users/korykehl/dev/workspaces/nw-x/target/debug/deps/libprometheus-d62d8c6a384ad5fa.rmeta --extern rmp_serde=/Users/korykehl/dev/workspaces/nw-x/target/debug/deps/librmp_serde-982a30055768ef5c.rmeta --extern rust_embed=/Users/korykehl/dev/workspaces/nw-x/target/debug/deps/librust_embed-7271a0a34473adc2.rmeta --extern serde=/Users/korykehl/dev/workspaces/nw-x/target/debug/deps/libserde-6be3bd885dc1796f.rmeta --extern serde_json=/Users/korykehl/dev/workspaces/nw-x/target/debug/deps/libserde_json-533f344c4d340a25.rmeta --extern subtle=/Users/korykehl/dev/workspaces/nw-x/target/debug/deps/libsubtle-2c14c157aaacba62.rmeta --extern tokio=/Users/korykehl/dev/workspaces/nw-x/target/debug/deps/libtokio-75b377799b8d4e93.rmeta --extern tokio_stream=/Users/korykehl/dev/workspaces/nw-x/target/debug/deps/libtokio_stream-83d0c8ac3d508350.rmeta --extern tower_http=/Users/korykehl/dev/workspaces/nw-x/target/debug/deps/libtower_http-de13149314bd8523.rmeta --extern tracing=/Users/korykehl/dev/workspaces/nw-x/target/debug/deps/libtracing-4afaa3a7db9bcab2.rmeta --extern url=/Users/korykehl/dev/workspaces/nw-x/target/debug/deps/liburl-091872620a0fe765.rmeta --extern uuid=/Users/korykehl/dev/workspaces/nw-x/target/debug/deps/libuuid-2d23766b4fb0e6ab.rmeta -L native=/Users/korykehl/dev/workspaces/nw-x/target/debug/build/blake3-127749bcfb23fbc2/out -L native=/Users/korykehl/dev/workspaces/nw-x/target/debug/build/tree-sitter-39b3d2e2cd269c16/out -L native=/Users/korykehl/dev/workspaces/nw-x/target/debug/build/tree-sitter-bash-143f27fc69c483f0/out -L native=/Users/korykehl/dev/workspaces/nw-x/target/debug/build/tree-sitter-c-46795dc5a2f539bd/out -L native=/Users/korykehl/dev/workspaces/nw-x/target/debug/build/tree-sitter-c-sharp-3bb886feb1526c76/out -L native=/Users/korykehl/dev/workspaces/nw-x/target/debug/build/tree-sitter-cpp-3d6e2c73aae7cf28/out -L native=/Users/korykehl/dev/workspaces/nw-x/target/debug/build/tree-sitter-dart-926e1e1861be6adb/out -L native=/Users/korykehl/dev/workspaces/nw-x/target/debug/build/tree-sitter-elixir-9cb43401d1b37cee/out -L native=/Users/korykehl/dev/workspaces/nw-x/target/debug/build/tree-sitter-fortran-a8b4e4c6e334eb53/out -L native=/Users/korykehl/dev/workspaces/nw-x/target/debug/build/tree-sitter-go-8a9370e889d5aadf/out -L native=/Users/korykehl/dev/workspaces/nw-x/target/debug/build/tree-sitter-groovy-0ac1378b2790a6f7/out -L native=/Users/korykehl/dev/workspaces/nw-x/target/debug/build/tree-sitter-hcl-38b42a6e614ca3ca/out -L native=/Users/korykehl/dev/workspaces/nw-x/target/debug/build/tree-sitter-java-5cdb08c266bc8900/out -L native=/Users/korykehl/dev/workspaces/nw-x/target/debug/build/tree-sitter-javascript-8ec83748eec90cd1/out -L native=/Users/korykehl/dev/workspaces/nw-x/target/debug/build/tree-sitter-julia-299596747b4a54eb/out -L native=/Users/korykehl/dev/workspaces/nw-x/target/debug/build/tree-sitter-kotlin-93b72e297b6aad20/out -L native=/Users/korykehl/dev/workspaces/nw-x/target/debug/build/tree-sitter-lua-1cdd1faedca755e4/out -L native=/Users/korykehl/dev/workspaces/nw-x/target/debug/build/tree-sitter-objc-254238839033f6a7/out -L native=/Users/korykehl/dev/workspaces/nw-x/target/debug/build/tree-sitter-pascal-7f16d3c6f300aeac/out -L native=/Users/korykehl/dev/workspaces/nw-x/target/debug/build/tree-sitter-php-278fc7c5ed31e0b7/out -L native=/Users/korykehl/dev/workspaces/nw-x/target/debug/build/tree-sitter-powershell-7b399c081d0b1ebe/out -L native=/Users/korykehl/dev/workspaces/nw-x/target/debug/build/tree-sitter-python-fd57720a4cab0447/out -L native=/Users/korykehl/dev/workspaces/nw-x/target/debug/build/tree-sitter-ruby-4635c5ff3252cec5/out -L native=/Users/korykehl/dev/workspaces/nw-x/target/debug/build/tree-sitter-rust-dbf45214d13e8ed6/out -L native=/Users/korykehl/dev/workspaces/nw-x/target/debug/build/tree-sitter-scala-af4bb5d5073a57d7/out -L native=/Users/korykehl/dev/workspaces/nw-x/target/debug/build/tree-sitter-sequel-abc682b04dcd1310/out -L native=/Users/korykehl/dev/workspaces/nw-x/target/debug/build/tree-sitter-swift-5f0303fff5b2d6bd/out -L native=/Users/korykehl/dev/workspaces/nw-x/target/debug/build/tree-sitter-systemverilog-e937fc10f477ec81/out -L native=/Users/korykehl/dev/workspaces/nw-x/target/debug/build/tree-sitter-typescript-9a27c8180497644b/out -L native=/Users/korykehl/dev/workspaces/nw-x/target/debug/build/tree-sitter-zig-3d0eb03c9af77ae7/out -L native=/Users/korykehl/dev/workspaces/nw-x/target/debug/build/lbug-7c53829992bb23df/out/build/src -L native=/Users/korykehl/dev/workspaces/nw-x/target/debug/build/lbug-7c53829992bb23df/out -L native=/Users/korykehl/dev/workspaces/nw-x/target/debug/build/cxx-afe2b6c14865889e/out -L native=/Users/korykehl/dev/workspaces/nw-x/target/debug/build/link-cplusplus-e4e0cd386310c112/out -L native=/Users/korykehl/dev/workspaces/nw-x/target/debug/build/openssl-sys-0c8fbbc8c4b6e0a7/out/openssl-build/install/lib -L native=/Users/korykehl/dev/workspaces/nw-x/target/debug/build/ring-a1433c24f165249e/out -L native=/Users/korykehl/dev/workspaces/nw-x/target/debug/build/aws-lc-sys-215f2bcb03737f48/out -L native=/Users/korykehl/dev/workspaces/nw-x/target/debug/build/libsqlite3-sys-413d1159b408846c/out`
   Compiling nestweaver-daemon v7.0.0 (/private/var/folders/wy/f399vst543dbrw08w_y3wmh00000gn/T/cargo-mutants-nw-x-PD9tpz.tmp/crates/nestweaver-daemon)
     Running `/Users/korykehl/.rustup/toolchains/stable-aarch64-apple-darwin/bin/rustc --crate-name nestweaver_daemon --edition=2024 crates/nestweaver-daemon/src/lib.rs --error-format=json --json=diagnostic-rendered-ansi,artifacts,future-incompat --crate-type lib --emit=dep-info,metadata,link -C embed-bitcode=no -C debuginfo=2 -C split-debuginfo=unpacked --check-cfg 'cfg(docsrs,test)' --check-cfg 'cfg(feature, values("acme", "embed", "metal"))' -C metadata=8283097743239e7e -C extra-filename=-ef099a076611b955 --out-dir /Users/korykehl/dev/workspaces/nw-x/target/debug/deps -C incremental=/Users/korykehl/dev/workspaces/nw-x/target/debug/incremental -L dependency=/Users/korykehl/dev/workspaces/nw-x/target/debug/deps --extern anyhow=/Users/korykehl/dev/workspaces/nw-x/target/debug/deps/libanyhow-64831d38ed31fe0c.rmeta --extern axum=/Users/korykehl/dev/workspaces/nw-x/target/debug/deps/libaxum-9ea3eb39037e12c3.rmeta --extern dirs=/Users/korykehl/dev/workspaces/nw-x/target/debug/deps/libdirs-b70caba85f76d53e.rmeta --extern futures=/Users/korykehl/dev/workspaces/nw-x/target/debug/deps/libfutures-7a3c16ce76753655.rmeta --extern governor=/Users/korykehl/dev/workspaces/nw-x/target/debug/deps/libgovernor-14ae007c873882c8.rmeta --extern hex=/Users/korykehl/dev/workspaces/nw-x/target/debug/deps/libhex-ce021e0d3a439a1a.rmeta --extern hmac=/Users/korykehl/dev/workspaces/nw-x/target/debug/deps/libhmac-5e8c78b3310dc6da.rmeta --extern hyper_util=/Users/korykehl/dev/workspaces/nw-x/target/debug/deps/libhyper_util-fbbead9c23b7caa9.rmeta --extern libc=/Users/korykehl/dev/workspaces/nw-x/target/debug/deps/liblibc-efbcba732f888a3d.rmeta --extern nestweaver_engine=/Users/korykehl/dev/workspaces/nw-x/target/debug/deps/libnestweaver_engine-11c6333a7f811621.rmeta --extern nestweaver_mcp=/Users/korykehl/dev/workspaces/nw-x/target/debug/deps/libnestweaver_mcp-7dc490ff0c2fee5b.rmeta --extern nestweaver_parser=/Users/korykehl/dev/workspaces/nw-x/target/debug/deps/libnestweaver_parser-d0ac06111cf98dab.rmeta --extern nestweaver_proto=/Users/korykehl/dev/workspaces/nw-x/target/debug/deps/libnestweaver_proto-8226c9b806b67345.rmeta --extern nestweaver_schema=/Users/korykehl/dev/workspaces/nw-x/target/debug/deps/libnestweaver_schema-85f814ab3a400b43.rmeta --extern nestweaver_store=/Users/korykehl/dev/workspaces/nw-x/target/debug/deps/libnestweaver_store-79e252c28bc659ba.rmeta --extern nestweaver_web=/Users/korykehl/dev/workspaces/nw-x/target/debug/deps/libnestweaver_web-a2146802b159c5f2.rmeta --extern prost=/Users/korykehl/dev/workspaces/nw-x/target/debug/deps/libprost-2e75f999483b913b.rmeta --extern rmp_serde=/Users/korykehl/dev/workspaces/nw-x/target/debug/deps/librmp_serde-982a30055768ef5c.rmeta --extern rustls=/Users/korykehl/dev/workspaces/nw-x/target/debug/deps/librustls-2bea3a1816b4b643.rmeta --extern serde=/Users/korykehl/dev/workspaces/nw-x/target/debug/deps/libserde-6be3bd885dc1796f.rmeta --extern serde_json=/Users/korykehl/dev/workspaces/nw-x/target/debug/deps/libserde_json-533f344c4d340a25.rmeta --extern sha2=/Users/korykehl/dev/workspaces/nw-x/target/debug/deps/libsha2-129f6766a5de7bd8.rmeta --extern subtle=/Users/korykehl/dev/workspaces/nw-x/target/debug/deps/libsubtle-2c14c157aaacba62.rmeta --extern tokio=/Users/korykehl/dev/workspaces/nw-x/target/debug/deps/libtokio-75b377799b8d4e93.rmeta --extern tokio_rustls=/Users/korykehl/dev/workspaces/nw-x/target/debug/deps/libtokio_rustls-2b0bc394b98060d5.rmeta --extern tokio_stream=/Users/korykehl/dev/workspaces/nw-x/target/debug/deps/libtokio_stream-83d0c8ac3d508350.rmeta --extern tokio_util=/Users/korykehl/dev/workspaces/nw-x/target/debug/deps/libtokio_util-7dddb439a9b0f9b5.rmeta --extern tonic=/Users/korykehl/dev/workspaces/nw-x/target/debug/deps/libtonic-84a83939f0c4e330.rmeta --extern tower=/Users/korykehl/dev/workspaces/nw-x/target/debug/deps/libtower-25feb7d5282c055d.rmeta --extern tower_http=/Users/korykehl/dev/workspaces/nw-x/target/debug/deps/libtower_http-de13149314bd8523.rmeta --extern tracing=/Users/korykehl/dev/workspaces/nw-x/target/debug/deps/libtracing-4afaa3a7db9bcab2.rmeta --extern tracing_appender=/Users/korykehl/dev/workspaces/nw-x/target/debug/deps/libtracing_appender-931ac72b1000cffd.rmeta --extern tracing_subscriber=/Users/korykehl/dev/workspaces/nw-x/target/debug/deps/libtracing_subscriber-6cb94e3f3ead8a0c.rmeta -L native=/Users/korykehl/dev/workspaces/nw-x/target/debug/build/blake3-127749bcfb23fbc2/out -L native=/Users/korykehl/dev/workspaces/nw-x/target/debug/build/tree-sitter-39b3d2e2cd269c16/out -L native=/Users/korykehl/dev/workspaces/nw-x/target/debug/build/tree-sitter-bash-143f27fc69c483f0/out -L native=/Users/korykehl/dev/workspaces/nw-x/target/debug/build/tree-sitter-c-46795dc5a2f539bd/out -L native=/Users/korykehl/dev/workspaces/nw-x/target/debug/build/tree-sitter-c-sharp-3bb886feb1526c76/out -L native=/Users/korykehl/dev/workspaces/nw-x/target/debug/build/tree-sitter-cpp-3d6e2c73aae7cf28/out -L native=/Users/korykehl/dev/workspaces/nw-x/target/debug/build/tree-sitter-dart-926e1e1861be6adb/out -L native=/Users/korykehl/dev/workspaces/nw-x/target/debug/build/tree-sitter-elixir-9cb43401d1b37cee/out -L native=/Users/korykehl/dev/workspaces/nw-x/target/debug/build/tree-sitter-fortran-a8b4e4c6e334eb53/out -L native=/Users/korykehl/dev/workspaces/nw-x/target/debug/build/tree-sitter-go-8a9370e889d5aadf/out -L native=/Users/korykehl/dev/workspaces/nw-x/target/debug/build/tree-sitter-groovy-0ac1378b2790a6f7/out -L native=/Users/korykehl/dev/workspaces/nw-x/target/debug/build/tree-sitter-hcl-38b42a6e614ca3ca/out -L native=/Users/korykehl/dev/workspaces/nw-x/target/debug/build/tree-sitter-java-5cdb08c266bc8900/out -L native=/Users/korykehl/dev/workspaces/nw-x/target/debug/build/tree-sitter-javascript-8ec83748eec90cd1/out -L native=/Users/korykehl/dev/workspaces/nw-x/target/debug/build/tree-sitter-julia-299596747b4a54eb/out -L native=/Users/korykehl/dev/workspaces/nw-x/target/debug/build/tree-sitter-kotlin-93b72e297b6aad20/out -L native=/Users/korykehl/dev/workspaces/nw-x/target/debug/build/tree-sitter-lua-1cdd1faedca755e4/out -L native=/Users/korykehl/dev/workspaces/nw-x/target/debug/build/tree-sitter-objc-254238839033f6a7/out -L native=/Users/korykehl/dev/workspaces/nw-x/target/debug/build/tree-sitter-pascal-7f16d3c6f300aeac/out -L native=/Users/korykehl/dev/workspaces/nw-x/target/debug/build/tree-sitter-php-278fc7c5ed31e0b7/out -L native=/Users/korykehl/dev/workspaces/nw-x/target/debug/build/tree-sitter-powershell-7b399c081d0b1ebe/out -L native=/Users/korykehl/dev/workspaces/nw-x/target/debug/build/tree-sitter-python-fd57720a4cab0447/out -L native=/Users/korykehl/dev/workspaces/nw-x/target/debug/build/tree-sitter-ruby-4635c5ff3252cec5/out -L native=/Users/korykehl/dev/workspaces/nw-x/target/debug/build/tree-sitter-rust-dbf45214d13e8ed6/out -L native=/Users/korykehl/dev/workspaces/nw-x/target/debug/build/tree-sitter-scala-af4bb5d5073a57d7/out -L native=/Users/korykehl/dev/workspaces/nw-x/target/debug/build/tree-sitter-sequel-abc682b04dcd1310/out -L native=/Users/korykehl/dev/workspaces/nw-x/target/debug/build/tree-sitter-swift-5f0303fff5b2d6bd/out -L native=/Users/korykehl/dev/workspaces/nw-x/target/debug/build/tree-sitter-systemverilog-e937fc10f477ec81/out -L native=/Users/korykehl/dev/workspaces/nw-x/target/debug/build/tree-sitter-typescript-9a27c8180497644b/out -L native=/Users/korykehl/dev/workspaces/nw-x/target/debug/build/tree-sitter-zig-3d0eb03c9af77ae7/out -L native=/Users/korykehl/dev/workspaces/nw-x/target/debug/build/lbug-7c53829992bb23df/out/build/src -L native=/Users/korykehl/dev/workspaces/nw-x/target/debug/build/lbug-7c53829992bb23df/out -L native=/Users/korykehl/dev/workspaces/nw-x/target/debug/build/cxx-afe2b6c14865889e/out -L native=/Users/korykehl/dev/workspaces/nw-x/target/debug/build/link-cplusplus-e4e0cd386310c112/out -L native=/Users/korykehl/dev/workspaces/nw-x/target/debug/build/openssl-sys-0c8fbbc8c4b6e0a7/out/openssl-build/install/lib -L native=/Users/korykehl/dev/workspaces/nw-x/target/debug/build/ring-a1433c24f165249e/out -L native=/Users/korykehl/dev/workspaces/nw-x/target/debug/build/aws-lc-sys-215f2bcb03737f48/out -L native=/Users/korykehl/dev/workspaces/nw-x/target/debug/build/libsqlite3-sys-413d1159b408846c/out`
     Running `/Users/korykehl/.rustup/toolchains/stable-aarch64-apple-darwin/bin/rustc --crate-name nestweaver_daemon --edition=2024 crates/nestweaver-daemon/src/lib.rs --error-format=json --json=diagnostic-rendered-ansi,artifacts,future-incompat --emit=dep-info,link -C embed-bitcode=no -C debuginfo=2 -C split-debuginfo=unpacked --test --check-cfg 'cfg(docsrs,test)' --check-cfg 'cfg(feature, values("acme", "embed", "metal"))' -C metadata=a37691e794b81419 -C extra-filename=-9a2e6449501a9e51 --out-dir /Users/korykehl/dev/workspaces/nw-x/target/debug/deps -C incremental=/Users/korykehl/dev/workspaces/nw-x/target/debug/incremental -L dependency=/Users/korykehl/dev/workspaces/nw-x/target/debug/deps --extern anyhow=/Users/korykehl/dev/workspaces/nw-x/target/debug/deps/libanyhow-64831d38ed31fe0c.rlib --extern axum=/Users/korykehl/dev/workspaces/nw-x/target/debug/deps/libaxum-9ea3eb39037e12c3.rlib --extern candle_core=/Users/korykehl/dev/workspaces/nw-x/target/debug/deps/libcandle_core-9a3e956d7ab646ef.rlib --extern candle_nn=/Users/korykehl/dev/workspaces/nw-x/target/debug/deps/libcandle_nn-9ff26b062331252a.rlib --extern candle_transformers=/Users/korykehl/dev/workspaces/nw-x/target/debug/deps/libcandle_transformers-ededaf09d51d381b.rlib --extern dirs=/Users/korykehl/dev/workspaces/nw-x/target/debug/deps/libdirs-b70caba85f76d53e.rlib --extern futures=/Users/korykehl/dev/workspaces/nw-x/target/debug/deps/libfutures-7a3c16ce76753655.rlib --extern governor=/Users/korykehl/dev/workspaces/nw-x/target/debug/deps/libgovernor-14ae007c873882c8.rlib --extern hex=/Users/korykehl/dev/workspaces/nw-x/target/debug/deps/libhex-ce021e0d3a439a1a.rlib --extern hmac=/Users/korykehl/dev/workspaces/nw-x/target/debug/deps/libhmac-5e8c78b3310dc6da.rlib --extern hyper_util=/Users/korykehl/dev/workspaces/nw-x/target/debug/deps/libhyper_util-fbbead9c23b7caa9.rlib --extern libc=/Users/korykehl/dev/workspaces/nw-x/target/debug/deps/liblibc-efbcba732f888a3d.rlib --extern nestweaver_engine=/Users/korykehl/dev/workspaces/nw-x/target/debug/deps/libnestweaver_engine-11c6333a7f811621.rlib --extern nestweaver_mcp=/Users/korykehl/dev/workspaces/nw-x/target/debug/deps/libnestweaver_mcp-7dc490ff0c2fee5b.rlib --extern nestweaver_parser=/Users/korykehl/dev/workspaces/nw-x/target/debug/deps/libnestweaver_parser-d0ac06111cf98dab.rlib --extern nestweaver_proto=/Users/korykehl/dev/workspaces/nw-x/target/debug/deps/libnestweaver_proto-8226c9b806b67345.rlib --extern nestweaver_schema=/Users/korykehl/dev/workspaces/nw-x/target/debug/deps/libnestweaver_schema-85f814ab3a400b43.rlib --extern nestweaver_store=/Users/korykehl/dev/workspaces/nw-x/target/debug/deps/libnestweaver_store-79e252c28bc659ba.rlib --extern nestweaver_web=/Users/korykehl/dev/workspaces/nw-x/target/debug/deps/libnestweaver_web-a2146802b159c5f2.rlib --extern prost=/Users/korykehl/dev/workspaces/nw-x/target/debug/deps/libprost-2e75f999483b913b.rlib --extern rmp_serde=/Users/korykehl/dev/workspaces/nw-x/target/debug/deps/librmp_serde-982a30055768ef5c.rlib --extern rustls=/Users/korykehl/dev/workspaces/nw-x/target/debug/deps/librustls-2bea3a1816b4b643.rlib --extern serde=/Users/korykehl/dev/workspaces/nw-x/target/debug/deps/libserde-6be3bd885dc1796f.rlib --extern serde_json=/Users/korykehl/dev/workspaces/nw-x/target/debug/deps/libserde_json-533f344c4d340a25.rlib --extern sha2=/Users/korykehl/dev/workspaces/nw-x/target/debug/deps/libsha2-129f6766a5de7bd8.rlib --extern subtle=/Users/korykehl/dev/workspaces/nw-x/target/debug/deps/libsubtle-2c14c157aaacba62.rlib --extern tempfile=/Users/korykehl/dev/workspaces/nw-x/target/debug/deps/libtempfile-ddf3a3cadb9f75c3.rlib --extern tokenizers=/Users/korykehl/dev/workspaces/nw-x/target/debug/deps/libtokenizers-159b040b13093fba.rlib --extern tokio=/Users/korykehl/dev/workspaces/nw-x/target/debug/deps/libtokio-75b377799b8d4e93.rlib --extern tokio_rustls=/Users/korykehl/dev/workspaces/nw-x/target/debug/deps/libtokio_rustls-2b0bc394b98060d5.rlib --extern tokio_stream=/Users/korykehl/dev/workspaces/nw-x/target/debug/deps/libtokio_stream-83d0c8ac3d508350.rlib --extern tokio_util=/Users/korykehl/dev/workspaces/nw-x/target/debug/deps/libtokio_util-7dddb439a9b0f9b5.rlib --extern tonic=/Users/korykehl/dev/workspaces/nw-x/target/debug/deps/libtonic-84a83939f0c4e330.rlib --extern tower=/Users/korykehl/dev/workspaces/nw-x/target/debug/deps/libtower-25feb7d5282c055d.rlib --extern tower_http=/Users/korykehl/dev/workspaces/nw-x/target/debug/deps/libtower_http-de13149314bd8523.rlib --extern tracing=/Users/korykehl/dev/workspaces/nw-x/target/debug/deps/libtracing-4afaa3a7db9bcab2.rlib --extern tracing_appender=/Users/korykehl/dev/workspaces/nw-x/target/debug/deps/libtracing_appender-931ac72b1000cffd.rlib --extern tracing_subscriber=/Users/korykehl/dev/workspaces/nw-x/target/debug/deps/libtracing_subscriber-6cb94e3f3ead8a0c.rlib -L native=/Users/korykehl/dev/workspaces/nw-x/target/debug/build/esaxx-rs-8018ba1fe8dc6859/out -L native=/Users/korykehl/dev/workspaces/nw-x/target/debug/build/onig_sys-9e593e59ac7defa7/out -L native=/Users/korykehl/dev/workspaces/nw-x/target/debug/build/blake3-127749bcfb23fbc2/out -L native=/Users/korykehl/dev/workspaces/nw-x/target/debug/build/tree-sitter-39b3d2e2cd269c16/out -L native=/Users/korykehl/dev/workspaces/nw-x/target/debug/build/tree-sitter-bash-143f27fc69c483f0/out -L native=/Users/korykehl/dev/workspaces/nw-x/target/debug/build/tree-sitter-c-46795dc5a2f539bd/out -L native=/Users/korykehl/dev/workspaces/nw-x/target/debug/build/tree-sitter-c-sharp-3bb886feb1526c76/out -L native=/Users/korykehl/dev/workspaces/nw-x/target/debug/build/tree-sitter-cpp-3d6e2c73aae7cf28/out -L native=/Users/korykehl/dev/workspaces/nw-x/target/debug/build/tree-sitter-dart-926e1e1861be6adb/out -L native=/Users/korykehl/dev/workspaces/nw-x/target/debug/build/tree-sitter-elixir-9cb43401d1b37cee/out -L native=/Users/korykehl/dev/workspaces/nw-x/target/debug/build/tree-sitter-fortran-a8b4e4c6e334eb53/out -L native=/Users/korykehl/dev/workspaces/nw-x/target/debug/build/tree-sitter-go-8a9370e889d5aadf/out -L native=/Users/korykehl/dev/workspaces/nw-x/target/debug/build/tree-sitter-groovy-0ac1378b2790a6f7/out -L native=/Users/korykehl/dev/workspaces/nw-x/target/debug/build/tree-sitter-hcl-38b42a6e614ca3ca/out -L native=/Users/korykehl/dev/workspaces/nw-x/target/debug/build/tree-sitter-java-5cdb08c266bc8900/out -L native=/Users/korykehl/dev/workspaces/nw-x/target/debug/build/tree-sitter-javascript-8ec83748eec90cd1/out -L native=/Users/korykehl/dev/workspaces/nw-x/target/debug/build/tree-sitter-julia-299596747b4a54eb/out -L native=/Users/korykehl/dev/workspaces/nw-x/target/debug/build/tree-sitter-kotlin-93b72e297b6aad20/out -L native=/Users/korykehl/dev/workspaces/nw-x/target/debug/build/tree-sitter-lua-1cdd1faedca755e4/out -L native=/Users/korykehl/dev/workspaces/nw-x/target/debug/build/tree-sitter-objc-254238839033f6a7/out -L native=/Users/korykehl/dev/workspaces/nw-x/target/debug/build/tree-sitter-pascal-7f16d3c6f300aeac/out -L native=/Users/korykehl/dev/workspaces/nw-x/target/debug/build/tree-sitter-php-278fc7c5ed31e0b7/out -L native=/Users/korykehl/dev/workspaces/nw-x/target/debug/build/tree-sitter-powershell-7b399c081d0b1ebe/out -L native=/Users/korykehl/dev/workspaces/nw-x/target/debug/build/tree-sitter-python-fd57720a4cab0447/out -L native=/Users/korykehl/dev/workspaces/nw-x/target/debug/build/tree-sitter-ruby-4635c5ff3252cec5/out -L native=/Users/korykehl/dev/workspaces/nw-x/target/debug/build/tree-sitter-rust-dbf45214d13e8ed6/out -L native=/Users/korykehl/dev/workspaces/nw-x/target/debug/build/tree-sitter-scala-af4bb5d5073a57d7/out -L native=/Users/korykehl/dev/workspaces/nw-x/target/debug/build/tree-sitter-sequel-abc682b04dcd1310/out -L native=/Users/korykehl/dev/workspaces/nw-x/target/debug/build/tree-sitter-swift-5f0303fff5b2d6bd/out -L native=/Users/korykehl/dev/workspaces/nw-x/target/debug/build/tree-sitter-systemverilog-e937fc10f477ec81/out -L native=/Users/korykehl/dev/workspaces/nw-x/target/debug/build/tree-sitter-typescript-9a27c8180497644b/out -L native=/Users/korykehl/dev/workspaces/nw-x/target/debug/build/tree-sitter-zig-3d0eb03c9af77ae7/out -L native=/Users/korykehl/dev/workspaces/nw-x/target/debug/build/lbug-7c53829992bb23df/out/build/src -L native=/Users/korykehl/dev/workspaces/nw-x/target/debug/build/lbug-7c53829992bb23df/out -L native=/Users/korykehl/dev/workspaces/nw-x/target/debug/build/cxx-afe2b6c14865889e/out -L native=/Users/korykehl/dev/workspaces/nw-x/target/debug/build/link-cplusplus-e4e0cd386310c112/out -L native=/Users/korykehl/dev/workspaces/nw-x/target/debug/build/openssl-sys-0c8fbbc8c4b6e0a7/out/openssl-build/install/lib -L native=/Users/korykehl/dev/workspaces/nw-x/target/debug/build/ring-a1433c24f165249e/out -L native=/Users/korykehl/dev/workspaces/nw-x/target/debug/build/aws-lc-sys-215f2bcb03737f48/out -L native=/Users/korykehl/dev/workspaces/nw-x/target/debug/build/libsqlite3-sys-413d1159b408846c/out`
warning: methods `set_total`, `advance`, and `processed` are never used
   --> crates/nestweaver-daemon/src/server.rs:408:8
    |
367 | impl EmbedProgress {
    | ------------------ methods in this implementation
...
408 |     fn set_total(&self, total: u64) {
    |        ^^^^^^^^^
...
414 |     fn advance(&self, by: u64) {
    |        ^^^^^^^
...
420 |     fn processed(&self) -> u64 {
    |        ^^^^^^^^^
    |
    = note: `#[warn(dead_code)]` (part of `#[warn(unused)]`) on by default

warning: methods `set_total`, `advance`, `processed`, and `reports` are never used
   --> crates/nestweaver-daemon/src/server.rs:458:8
    |
457 | impl EmbedProgressGuard {
    | ----------------------- methods in this implementation
458 |     fn set_total(&self, total: u64) {
    |        ^^^^^^^^^
...
464 |     fn advance(&self, by: u64) {
    |        ^^^^^^^
...
470 |     fn processed(&self) -> u64 {
    |        ^^^^^^^^^
...
475 |     fn reports(&self) -> bool {
    |        ^^^^^^^

warning: method `processed` is never used
   --> crates/nestweaver-daemon/src/server.rs:420:8
    |
367 | impl EmbedProgress {
    | ------------------ method in this implementation
...
420 |     fn processed(&self) -> u64 {
    |        ^^^^^^^^^
    |
    = note: `#[warn(dead_code)]` (part of `#[warn(unused)]`) on by default

warning: method `processed` is never used
   --> crates/nestweaver-daemon/src/server.rs:470:8
    |
457 | impl EmbedProgressGuard {
    | ----------------------- method in this implementation
...
470 |     fn processed(&self) -> u64 {
    |        ^^^^^^^^^

warning: `nestweaver-daemon` (lib) generated 2 warnings
warning: `nestweaver-daemon` (lib test) generated 2 warnings
    Finished `test` profile [unoptimized + debuginfo] target(s) in 1m 08s
  Executable `/Users/korykehl/dev/workspaces/nw-x/target/debug/deps/nestweaver_daemon-9a2e6449501a9e51`

*** result: Success

*** /Users/korykehl/.rustup/toolchains/stable-aarch64-apple-darwin/bin/cargo test --verbose --package=nestweaver-daemon@7.0.0
       Fresh unicode-ident v1.0.24
       Fresh shlex v2.0.1
       Fresh find-msvc-tools v0.1.9
       Fresh cfg-if v1.0.4
       Fresh memchr v2.8.3
       Fresh libc v0.2.189
       Fresh bitflags v2.13.1
       Fresh equivalent v1.0.2
       Fresh itoa v1.0.18
       Fresh smallvec v1.15.2
       Fresh regex-syntax v0.8.11
       Fresh proc-macro2 v1.0.107
       Fresh jobserver v0.1.35
       Fresh foldhash v0.2.0
       Fresh allocator-api2 v0.2.21
       Fresh pin-project-lite v0.2.17
       Fresh autocfg v1.5.1
       Fresh pkg-config v0.3.33
       Fresh tree-sitter-language v0.1.7
       Fresh scopeguard v1.2.0
       Fresh quote v1.0.47
       Fresh cc v1.2.67
       Fresh lock_api v0.4.14
       Fresh fnv v1.0.7
       Fresh futures-core v0.3.34
       Fresh syn v2.0.119
       Fresh syn v3.0.0
       Fresh libm v0.2.16
       Fresh zmij v1.0.23
       Fresh stable_deref_trait v1.2.1
       Fresh futures-sink v0.3.34
       Fresh tracing-core v0.1.36
       Fresh serde_derive v1.0.229
       Fresh num-traits v0.2.19
       Fresh parking_lot_core v0.9.12
       Fresh crossbeam-utils v0.8.22
       Fresh tracing-attributes v0.1.31
       Fresh siphasher v1.0.3
       Fresh synstructure v0.13.2
       Fresh zerocopy-derive v0.8.54
       Fresh serde v1.0.229
       Fresh parking_lot v0.12.5
       Fresh tracing v0.1.44
       Fresh slab v0.4.12
       Fresh futures-channel v0.3.34
       Fresh aho-corasick v1.1.4
       Fresh fastrand v2.5.0
       Fresh zerocopy v0.8.54
       Fresh getrandom v0.3.4
       Fresh zerofrom-derive v0.1.7
       Fresh futures-macro v0.3.34
       Fresh cmake v0.1.58
       Fresh futures-task v0.3.34
       Fresh futures-io v0.3.34
       Fresh crossbeam-epoch v0.9.20
       Fresh zerofrom v0.1.8
       Fresh futures-util v0.3.34
       Fresh yoke-derive v0.8.2
       Fresh heck v0.5.0
       Fresh version_check v0.9.5
       Fresh ryu v1.0.23
       Fresh bytemuck_derive v1.11.0
       Fresh ident_case v1.0.1
       Fresh crossbeam-deque v0.8.7
       Fresh yoke v0.8.3
       Fresh byteorder v1.5.0
       Fresh strsim v0.11.1
       Fresh bytemuck v1.25.1
       Fresh thiserror-impl v2.0.20
       Fresh tokio-macros v2.7.1
       Fresh signal-hook-registry v1.4.8
       Fresh socket2 v0.6.5
       Fresh rayon-core v1.13.0
       Fresh rustversion v1.0.23
       Fresh mio v1.2.2
       Fresh typenum v1.20.1
       Fresh percent-encoding v2.3.2
       Fresh hashbrown v0.17.1
       Fresh http v1.4.2
       Fresh fs_extra v1.3.0
       Fresh core-foundation-sys v0.8.7
       Fresh dunce v1.0.5
       Fresh tokio v1.53.1
       Fresh indexmap v2.14.0
       Fresh hybrid-array v0.4.13
       Fresh rayon v1.12.0
       Fresh thiserror v2.0.20
       Fresh ppv-lite86 v0.2.21
       Fresh rand_core v0.9.5
       Fresh http-body v1.1.0
       Fresh zerovec-derive v0.11.3
       Fresh anyhow v1.0.104
       Fresh rand_chacha v0.9.0
       Fresh block-buffer v0.12.1
       Fresh crypto-common v0.2.2
       Fresh tokio-util v0.7.19
       Fresh const-oid v0.10.2
       Fresh either v1.16.0
       Fresh zerovec v0.11.6
       Fresh rand v0.9.5
       Fresh num-complex v0.4.6
       Fresh thiserror-impl v1.0.69
       Fresh displaydoc v0.2.6
       Fresh base64 v0.22.1
       Fresh tower-service v0.3.3
       Fresh zeroize v1.9.0
       Fresh thiserror v1.0.69
       Fresh serde_core v1.0.229
       Fresh prost-derive v0.14.4
       Fresh phf_shared v0.11.3
       Fresh getrandom v0.2.17
       Fresh unicase v2.9.0
       Fresh rand_core v0.10.1
       Fresh lazy_static v1.5.0
       Fresh untrusted v0.9.0
       Fresh prettyplease v0.2.37
       Fresh rustls-pki-types v1.15.0
       Fresh aws-lc-sys v0.43.0
       Fresh deranged v0.5.8
       Fresh cpufeatures v0.3.0
       Fresh powerfmt v0.2.0
       Fresh ring v0.17.14
       Fresh rand_core v0.6.4
       Fresh cmov v0.5.4
       Fresh try-lock v0.2.5
       Fresh atomic-waker v1.1.2
       Fresh time-core v0.1.9
       Fresh num-conv v0.2.2
       Fresh httparse v1.10.1
       Fresh aws-lc-rs v1.17.3
       Fresh time v0.3.55
       Fresh system-configuration-sys v0.6.0
       Fresh rand v0.8.7
       Fresh ctutils v0.4.2
       Fresh paste v1.0.15
       Fresh h2 v0.4.16
       Fresh want v0.3.1
       Fresh tinystr v0.8.3
       Fresh core-foundation v0.9.4
       Fresh itertools v0.14.0
       Fresh async-trait v0.1.92
       Fresh mime v0.3.17
       Fresh litemap v0.8.2
       Fresh tower-layer v0.3.3
       Fresh writeable v0.6.3
       Fresh httpdate v1.0.3
       Fresh minimal-lexical v0.2.1
       Fresh phf_generator v0.11.3
       Fresh system-configuration v0.7.0
       Fresh rustls-webpki v0.103.13
       Fresh nom v7.1.3
       Fresh icu_locale_core v2.2.0
       Fresh hyper v1.10.1
       Fresh zerotrie v0.2.4
       Fresh potential_utf v0.1.5
       Fresh form_urlencoded v1.2.2
       Fresh sync_wrapper v1.0.2
       Fresh vcpkg v0.2.15
       Fresh subtle v2.6.1
       Fresh ipnet v2.12.0
       Fresh utf8_iter v1.0.4
       Fresh serde_json v1.0.151
       Fresh rustls v0.23.43
       Fresh icu_provider v2.2.0
       Fresh rand_distr v0.5.1
       Fresh http-body-util v0.1.4
       Fresh hashbrown v0.16.1
       Fresh icu_collections v2.2.0
       Fresh hyper-util v0.1.20
       Fresh unicode-width v0.1.14
       Fresh new_debug_unreachable v1.0.6
       Fresh icu_normalizer_data v2.2.0
       Fresh half v2.7.1
       Fresh tower v0.5.3
       Fresh icu_properties_data v2.2.0
       Fresh phf_codegen v0.11.3
       Fresh string_cache_codegen v0.5.4
       Fresh enum-as-inner v0.6.1
       Fresh semver v1.0.28
       Fresh pulp-wasm-simd-flag v0.1.1
       Fresh reborrow v0.5.5
       Fresh dyn-stack-macros v0.1.3
       Fresh same-file v1.0.6
       Fresh mac v0.1.1
       Fresh phf_generator v0.13.1
       Fresh sysctl v0.6.0
       Fresh crunchy v0.2.4
       Fresh icu_properties v2.2.0
       Fresh crc32fast v1.5.0
       Fresh dyn-stack v0.13.2
       Fresh walkdir v2.5.0
       Fresh futf v0.1.5
       Fresh pulp v0.22.3
       Fresh rustc_version v0.4.1
       Fresh ahash v0.8.12
       Fresh icu_normalizer v2.2.0
       Fresh tokio-rustls v0.26.4
       Fresh serde_urlencoded v0.7.1
       Fresh darling_core v0.23.0
       Fresh darling_core v0.20.11
       Fresh ownedbytes v0.9.0
       Fresh raw-cpuid v11.6.0
       Fresh errno v0.3.14
       Fresh seq-macro v0.3.6
       Fresh cxxbridge-flags v1.0.138
       Fresh precomputed-hash v0.1.1
       Fresh bytes v1.12.1
       Fresh utf-8 v0.7.6
       Fresh option-ext v0.2.0
       Fresh termcolor v1.4.1
       Fresh tinyvec_macros v0.1.1
       Fresh tendril v0.4.3
       Fresh darling_macro v0.23.0
       Fresh gemm-common v0.19.0
       Fresh darling_macro v0.20.11
       Fresh rustix v1.1.4
       Fresh tantivy-common v0.11.0
       Fresh codespan-reporting v0.11.1
       Fresh hashbrown v0.15.5
       Fresh tinyvec v1.12.0
       Fresh dirs-sys v0.5.0
       Fresh string_cache v0.8.9
       Fresh idna_adapter v1.2.2
       Fresh scratch v1.0.9
       Fresh pulldown-cmark v0.13.4
       Fresh getrandom v0.4.3
       Fresh bitpacking v0.9.3
       Fresh phf_codegen v0.13.1
       Fresh phf v0.11.3
       Fresh prost v0.14.4
       Fresh num-integer v0.1.46
       Fresh memmap2 v0.9.11
       Fresh openssl-src v300.6.1+3.6.3
       Fresh regex-automata v0.4.18
       Fresh hex v0.4.3
       Fresh once_cell v1.21.4
       Fresh utf8-ranges v1.0.5
       Fresh entities v1.0.1
       Fresh fixedbitset v0.5.7
       Fresh rustc-hash v2.1.3
       Fresh tantivy-bitpacker v0.10.0
       Fresh nestweaver-schema v7.0.0 (/private/var/folders/wy/f399vst543dbrw08w_y3wmh00000gn/T/cargo-mutants-nw-x-PD9tpz.tmp/crates/nestweaver-schema)
       Fresh tempfile v3.27.0
       Fresh tantivy-fst v0.5.0
       Fresh petgraph v0.8.3
       Fresh markup5ever v0.12.1
       Fresh regex v1.13.1
       Fresh dirs v6.0.0
       Fresh unicode-normalization v0.1.25
       Fresh pulldown-cmark-to-cmark v22.0.0
       Fresh typeid v1.0.3
       Fresh cxx-build v1.0.138
       Fresh idna v1.1.0
       Fresh darling v0.20.11
       Fresh darling v0.23.0
       Fresh axum-core v0.5.6
       Fresh phf_shared v0.13.1
       Fresh serde_path_to_error v0.1.20
       Fresh murmurhash32 v0.3.1
       Fresh multimap v0.10.1
       Fresh winnow v1.0.4
       Fresh matchit v0.8.4
       Fresh unsafe-libyaml v0.2.11
       Fresh log v0.4.33
       Fresh arrayvec v0.7.8
       Fresh beef v0.5.2
       Fresh hashbrown v0.14.5
       Fresh prost-build v0.14.4
       Fresh logos-codegen v0.15.1
       Fresh axum v0.8.9
       Fresh toml_parser v1.1.3+spec-1.1.0
       Fresh tantivy-stacker v0.7.0
       Fresh bon-macros v3.9.3
       Fresh erased-serde v0.4.10
       Fresh derive_builder_core v0.20.2
       Fresh phf v0.13.1
       Fresh caseless v0.2.2
       Fresh jetscii v0.5.3
       Fresh tantivy-sstable v0.7.0
       Fresh portable-atomic v1.14.0
       Fresh num-bigint v0.4.8
       Fresh link-cplusplus v1.0.12
       Fresh uuid v1.24.1
       Fresh tonic-build v0.14.6
       Fresh tokio-stream v0.1.19
       Fresh core-foundation v0.10.1
       Fresh cxxbridge-macro v1.0.138
       Fresh security-framework-sys v2.17.0
       Fresh rmp v0.8.15
       Fresh ordered-float v5.3.0
       Fresh crossbeam-channel v0.5.16
       Fresh pin-project-internal v1.1.13
       Fresh typetag-impl v0.2.23
       Fresh toml_datetime v1.1.1+spec-1.1.0
       Fresh unicode-width v0.2.2
       Fresh finl_unicode v1.4.0
       Fresh streaming-iterator v0.1.9
       Fresh fastdivide v0.4.2
       Fresh inventory v0.3.24
       Fresh typed-arena v2.0.2
       Fresh toml_writer v1.1.2+spec-1.1.0
       Fresh bit-vec v0.8.0
       Fresh downcast-rs v2.0.2
       Fresh foldhash v0.1.5
       Fresh comrak v0.54.0
       Fresh bit-set v0.8.0
       Fresh tree-sitter v0.26.12
       Fresh typetag v0.2.23
       Fresh console v0.16.4
       Fresh tantivy-columnar v0.7.0
       Fresh pin-project v1.1.13
       Fresh tonic-prost-build v0.14.6
       Fresh cxx v1.0.138
       Fresh rmp-serde v1.3.1
       Fresh security-framework v3.7.0
       Fresh tantivy-query-grammar v0.26.0
       Fresh derive_builder_macro v0.20.2
       Fresh num-rational v0.4.2
       Fresh tree-sitter-groovy v0.1.2
       Fresh onig_sys v69.9.3
       Fresh tree-sitter-elixir v0.3.5
       Fresh bon v3.9.3
       Fresh tree-sitter-lua v0.5.0
       Fresh tree-sitter-powershell v0.26.4
       Fresh tree-sitter-objc v3.0.2
       Fresh tree-sitter-dart v0.2.0
       Fresh html5ever v0.27.0
       Fresh tree-sitter-systemverilog v0.4.0
       Fresh tree-sitter-php v0.24.2
       Fresh tree-sitter-ruby v0.23.1
       Fresh tree-sitter-bash v0.25.1
       Fresh tree-sitter-zig v1.1.2
       Fresh tree-sitter-python v0.25.0
       Fresh tree-sitter-fortran v0.6.0
       Fresh tree-sitter-cpp v0.23.4
       Fresh tree-sitter-java v0.23.5
       Fresh tree-sitter-rust v0.24.2
       Fresh tree-sitter-typescript v0.23.2
       Fresh tree-sitter-javascript v0.25.0
       Fresh tree-sitter-swift v0.7.3
       Fresh tree-sitter-julia v0.23.1
       Fresh tree-sitter-pascal v0.10.2
       Fresh tree-sitter-c-sharp v0.23.5
       Fresh rust_decimal v1.42.1
       Fresh logos-derive v0.15.1
       Fresh tree-sitter-kotlin v0.4.0 (https://github.com/fwcd/tree-sitter-kotlin?rev=c8ac3d2627240160b999a2c100de3babbdb8f419#c8ac3d26)
       Fresh tree-sitter-scala v0.26.2
       Fresh tree-sitter-go v0.25.0
       Fresh tree-sitter-sequel v0.3.11
       Fresh tree-sitter-hcl v1.1.0
       Fresh tree-sitter-c v0.24.2
       Fresh serde_yaml v0.9.34+deprecated
       Fresh url v2.5.8
       Fresh xml5ever v0.18.1
       Fresh num-iter v0.1.46
       Fresh hyper-timeout v0.5.2
       Fresh lru v0.16.4
       Fresh fs4 v0.13.1
       Fresh digest v0.11.3
       Fresh castaway v0.2.4
       Fresh arc-swap v1.9.2
       Fresh rust-stemmers v1.2.0
       Fresh sketches-ddsketch v0.4.0
       Fresh tantivy-tokenizer-api v0.7.0
       Fresh ref-cast-impl v1.0.26
       Fresh miette-derive v7.6.0
       Fresh monostate-impl v0.1.18
       Fresh serde_spanned v1.1.1
       Fresh measure_time v0.9.0
       Fresh bstr v1.13.0
       Fresh csv-core v0.1.13
       Fresh arrayref v0.3.9
       Fresh macro_rules_attribute-proc_macro v0.2.2
       Fresh unit-prefix v0.5.2
       Fresh glob v0.3.4
       Fresh levenshtein_automata v0.2.1
       Fresh htmlescape v0.3.1
       Fresh constant_time_eq v0.4.2
       Fresh lz4_flex v0.13.1
       Fresh base64 v0.13.1
       Fresh countme v3.0.1
       Fresh oneshot v0.1.13
       Fresh text-size v1.1.1
       Fresh static_assertions v1.1.0
       Fresh bumpalo v3.20.3
       Fresh census v0.4.2
       Fresh rustc-hash v1.1.0
       Fresh datasketches v0.2.0
       Fresh unicode-segmentation v1.13.3
       Fresh globset v0.4.20
       Fresh macro_rules_attribute v0.2.2
       Fresh blake3 v1.8.6
       Fresh rowan v0.16.1
       Fresh compact_str v0.9.1
       Fresh spm_precompiled v0.1.4
       Fresh nestweaver-parser v7.0.0 (/private/var/folders/wy/f399vst543dbrw08w_y3wmh00000gn/T/cargo-mutants-nw-x-PD9tpz.tmp/crates/nestweaver-parser)
       Fresh tantivy v0.26.1
       Fresh indicatif v0.18.6
       Fresh csv v1.4.0
       Fresh sha2 v0.11.0
       Fresh monostate v0.1.18
       Fresh toml v1.1.4+spec-1.1.0
       Fresh ref-cast v1.0.26
       Fresh miette v7.6.0
       Fresh tonic v0.14.6
       Fresh num v0.4.3
       Fresh tower-http v0.6.11
       Fresh markup5ever_rcdom v0.3.0
       Fresh logos v0.15.1
       Fresh lbug v0.19.1
       Fresh libsqlite3-sys v0.38.2
       Fresh onig v6.5.3
       Fresh rustls-platform-verifier v0.7.0
       Fresh nestweaver-algorithms v7.0.0 (/private/var/folders/wy/f399vst543dbrw08w_y3wmh00000gn/T/cargo-mutants-nw-x-PD9tpz.tmp/crates/nestweaver-algorithms)
       Fresh derive_builder v0.20.2
       Fresh esaxx-rs v0.1.10
       Fresh openssl-sys v0.9.117
       Fresh prost-types v0.14.4
       Fresh gemm-f32 v0.19.0
       Fresh hyper-rustls v0.27.9
       Fresh rayon-cond v0.4.0
       Fresh yasna v0.6.0
       Fresh xattr v1.6.1
       Fresh chacha20 v0.10.1
       Fresh pem v3.0.6
       Fresh dary_heap v0.3.9
       Fresh hashlink v0.12.1
       Fresh lru v0.18.2
       Fresh filetime v0.2.29
       Fresh unicode-normalization-alignments v0.1.12
       Fresh fsevent-sys v4.1.0
       Fresh notify-types v2.1.0
       Fresh encoding_rs v0.8.35
       Fresh fallible-streaming-iterator v0.1.9
       Fresh fallible-iterator v0.3.0
       Fresh borrow-or-share v0.2.4
       Fresh unicode_categories v0.1.1
       Fresh rusqlite v0.40.2
       Fresh tar v0.4.46
       Fresh reqwest v0.13.4
       Fresh fluent-uri v0.4.1
       Fresh notify v8.2.0
       Fresh nestweaver-store v7.0.0 (/private/var/folders/wy/f399vst543dbrw08w_y3wmh00000gn/T/cargo-mutants-nw-x-PD9tpz.tmp/crates/nestweaver-store)
       Fresh gemm-f16 v0.19.0
       Fresh protox-parse v0.9.0
       Fresh rand v0.10.2
       Fresh rcgen v0.14.9
       Fresh html2md v0.2.15
       Fresh fraction v0.15.4
       Fresh tonic-prost v0.14.6
       Fresh mime_guess v2.0.5
       Fresh apollo-parser v0.8.6
       Fresh nestweaver-resolver v7.0.0 (/private/var/folders/wy/f399vst543dbrw08w_y3wmh00000gn/T/cargo-mutants-nw-x-PD9tpz.tmp/crates/nestweaver-resolver)
       Fresh ignore v0.4.33
       Fresh toml_edit v0.25.13+spec-1.1.0
       Fresh serde_yaml_ng v0.10.0
       Fresh shellexpand v3.1.2
       Fresh gemm-f64 v0.19.0
       Fresh gemm-c64 v0.19.0
       Fresh gemm-c32 v0.19.0
       Fresh protobuf-support v3.7.2
       Fresh nestweaver-storage v7.0.0 (/private/var/folders/wy/f399vst543dbrw08w_y3wmh00000gn/T/cargo-mutants-nw-x-PD9tpz.tmp/crates/nestweaver-storage)
       Fresh strum_macros v0.28.0
       Fresh openapiv3 v2.2.0
       Fresh outref v0.5.2
       Fresh num-cmp v0.1.0
       Fresh micromap v0.3.0
       Fresh typed-path v0.12.3
       Fresh bytecount v0.6.9
       Fresh vsimd v0.8.0
       Fresh protobuf v3.7.2
       Fresh nestweaver-engine v7.0.0 (/private/var/folders/wy/f399vst543dbrw08w_y3wmh00000gn/T/cargo-mutants-nw-x-PD9tpz.tmp/crates/nestweaver-engine)
       Fresh rust-embed-impl v8.12.0
       Fresh gemm v0.19.0
       Fresh referencing v0.49.9
       Fresh strum v0.28.0
       Fresh nestweaver-proto v7.0.0 (/private/var/folders/wy/f399vst543dbrw08w_y3wmh00000gn/T/cargo-mutants-nw-x-PD9tpz.tmp/crates/nestweaver-proto)
       Fresh unicode-general-category v1.1.0
       Fresh uuid-simd v0.8.0
       Fresh zip v8.6.0
       Fresh jsonschema-value v0.49.9
       Fresh tokenizers v0.22.2
       Fresh fancy-regex v0.19.0
       Fresh dashmap v6.2.1
       Fresh safetensors v0.8.0
       Fresh rust-embed-utils v8.12.0
       Fresh float8 v0.7.0
       Fresh sharded-slab v0.1.7
       Fresh futures-executor v0.3.34
       Fresh matchers v0.2.0
       Fresh email_address v0.2.9
       Fresh tracing-log v0.2.0
       Fresh num_cpus v1.17.0
       Fresh jsonschema-regex v0.49.9
       Fresh thread_local v1.1.10
       Fresh nu-ansi-term v0.50.3
       Fresh data-encoding v2.11.0
       Fresh futures v0.3.34
       Fresh prometheus v0.14.0
       Fresh tracing-subscriber v0.3.23
       Fresh candle-core v0.11.0
       Fresh jsonschema v0.49.9
       Fresh rust-embed v8.12.0
       Fresh nestweaver-federation v7.0.0 (/private/var/folders/wy/f399vst543dbrw08w_y3wmh00000gn/T/cargo-mutants-nw-x-PD9tpz.tmp/crates/nestweaver-federation)
       Fresh tower-http v0.7.0
       Fresh quanta v0.12.6
       Fresh spinning_top v0.3.0
       Fresh open v5.4.1
       Fresh symlink v0.1.0
       Fresh web-time v1.1.0
       Fresh nonzero_ext v0.3.0
       Fresh futures-timer v3.0.4
       Fresh tracing-appender v0.2.5
       Fresh candle-nn v0.11.0
       Fresh nestweaver-mcp v7.0.0 (/private/var/folders/wy/f399vst543dbrw08w_y3wmh00000gn/T/cargo-mutants-nw-x-PD9tpz.tmp/crates/nestweaver-mcp)
       Fresh nestweaver-web v7.0.0 (/private/var/folders/wy/f399vst543dbrw08w_y3wmh00000gn/T/cargo-mutants-nw-x-PD9tpz.tmp/crates/nestweaver-web)
       Fresh fancy-regex v0.18.0
       Fresh hmac v0.13.0
       Fresh serde_plain v1.0.2
       Fresh daachorse v1.0.1
       Fresh governor v0.10.4
       Fresh tokenizers v0.23.1
       Fresh candle-transformers v0.11.0
warning: methods `set_total`, `advance`, and `processed` are never used
   --> crates/nestweaver-daemon/src/server.rs:408:8
    |
367 | impl EmbedProgress {
    | ------------------ methods in this implementation
...
408 |     fn set_total(&self, total: u64) {
    |        ^^^^^^^^^
...
414 |     fn advance(&self, by: u64) {
    |        ^^^^^^^
...
420 |     fn processed(&self) -> u64 {
    |        ^^^^^^^^^
    |
    = note: `#[warn(dead_code)]` (part of `#[warn(unused)]`) on by default

warning: methods `set_total`, `advance`, `processed`, and `reports` are never used
   --> crates/nestweaver-daemon/src/server.rs:458:8
    |
457 | impl EmbedProgressGuard {
    | ----------------------- methods in this implementation
458 |     fn set_total(&self, total: u64) {
    |        ^^^^^^^^^
...
464 |     fn advance(&self, by: u64) {
    |        ^^^^^^^
...
470 |     fn processed(&self) -> u64 {
    |        ^^^^^^^^^
...
475 |     fn reports(&self) -> bool {
    |        ^^^^^^^

warning: method `processed` is never used
   --> crates/nestweaver-daemon/src/server.rs:420:8
    |
367 | impl EmbedProgress {
    | ------------------ method in this implementation
...
420 |     fn processed(&self) -> u64 {
    |        ^^^^^^^^^
    |
    = note: `#[warn(dead_code)]` (part of `#[warn(unused)]`) on by default

warning: method `processed` is never used
   --> crates/nestweaver-daemon/src/server.rs:470:8
    |
457 | impl EmbedProgressGuard {
    | ----------------------- method in this implementation
...
470 |     fn processed(&self) -> u64 {
    |        ^^^^^^^^^

warning: `nestweaver-daemon` (lib) generated 2 warnings
warning: `nestweaver-daemon` (lib test) generated 2 warnings
       Fresh nestweaver-daemon v7.0.0 (/private/var/folders/wy/f399vst543dbrw08w_y3wmh00000gn/T/cargo-mutants-nw-x-PD9tpz.tmp/crates/nestweaver-daemon)
    Finished `test` profile [unoptimized + debuginfo] target(s) in 1.34s
     Running `/Users/korykehl/dev/workspaces/nw-x/target/debug/deps/nestweaver_daemon-9a2e6449501a9e51`

running 281 tests
test auth::tests::secure_eq_rejects_different ... ok
test auth::tests::no_auth_passes_all ... ok
test auth::tests::secure_eq_matches_identical ... ok
test auth::tests::no_auth_attaches_no_identity ... ok
test auth::tests::derive_identity_maps_admin_and_token ... ok
test auth::tests::missing_header_rejected ... ok
test auth::tests::admin_token_attaches_admin_identity ... ok
test auth::tests::query_token_attaches_token_identity ... ok
test auth::tests::secure_eq_rejects_different_lengths ... ok
test auth::tests::uds_admin_attaches_admin_identity ... ok
test auth::tests::valid_token_passes ... ok
test auth::tests::wrong_token_rejected ... ok
test launchd::tests::gc_verdict_spares_live_daemon_but_reaps_crash_looper ... ok
test launchd::tests::plist_omits_run_at_load_unless_start_at_login_is_set ... ok
test launchd::tests::plist_renders_low_priority_io_and_throttle_interval ... ok
test launchd::tests::plist_bakes_the_drain_ceiling_it_derived_exit_timeout_from ... ok
test launchd::tests::plist_sets_exit_timeout_from_the_drain_ceiling ... ok
test launchd::tests::is_temp_db_path_flags_temp_but_not_real_paths ... ok
test launchd::tests::plist_bakes_cpu_percent_into_environment_variables ... ok
test launchd::tests::plist_forwards_absolute_config_to_daemon_run ... ok
test launchd::tests::parse_db_path_from_plist_extracts_db_arg ... ok
test launchd::tests::plist_emits_run_at_load_when_start_at_login_is_set ... ok
test launchd::tests::plist_escapes_all_dynamic_strings_and_round_trips_db_path ... ok
test lifecycle::tests::a_daemon_boot_line_is_read_in_either_format ... ok
test lifecycle::tests::db_path_is_recovered_from_the_daemon_log_boot_line ... ok
test lifecycle::tests::bare_relative_db_path_identity_is_stable_across_creation ... ok
test lifecycle::tests::daemon_identity_survives_a_publication_cutover ... ok
test lifecycle::tests::direct_lifecycle_probe_finds_selected_slot_identity_without_opening_graph ... ok
test launchd::tests::plist_with_run_at_load_decodes_as_a_top_level_boolean ... ok
test launchd::tests::plist_with_xml_metacharacters_is_valid_and_preserves_values ... ok
test lifecycle::tests::effective_config_binding_is_private_on_unix ... ok
test lifecycle::tests::effective_config_binding_secures_or_rejects_precreated_runtime_dir ... ok
test lifecycle::tests::fallback_sock_dir_created_private ... ok
test lifecycle::tests::fallback_sock_dir_refuses_foreign_owner ... ok
test lifecycle::tests::fallback_sock_dir_tightens_permissive_mode ... ok
test lifecycle::tests::gc_fallback_root_foreign_or_symlinked_is_never_swept ... ok
test lifecycle::tests::effective_config_binding_roundtrips_configured_and_defaults ... ok
test lifecycle::tests::effective_config_binding_paths_are_isolated_per_instance ... ok
test auth::tests::admin_token_bypasses_rate_limit ... ok
test auth::tests::rate_limit_applied_to_query_token ... ok
test auth::tests::rate_limit_is_keyed_by_remote_peer_when_available ... ok
test lifecycle::tests::effective_config_binding_replacement_leaves_one_complete_record ... ok
test lifecycle::tests::instance_dir_allowlist_admits_only_the_instance_id_shape ... ok
test lifecycle::tests::instance_id_canonicalizes_parent_for_missing_db ... ok
test lifecycle::tests::instance_id_different_for_different_paths ... ok
test lifecycle::tests::instance_id_fallback_for_bare_filename ... ok
test lifecycle::tests::effective_config_binding_reports_absent_corrupt_version_and_pid_errors ... ok
test lifecycle::tests::instance_id_stable_for_same_path ... ok
test lifecycle::tests::effective_config_binding_retries_stale_temp_name_collision ... ok
test lifecycle::tests::instance_id_is_8_hex_chars ... ok
test lifecycle::tests::effective_config_binding_reader_rejects_unsafe_mode_and_oversize ... ok
test lifecycle::tests::gc_fallback_root_absent_is_clean ... ok
test lifecycle::tests::gc_reaps_orphans_under_all_three_roots_keeps_live_and_unidentified ... ok
test lifecycle::tests::gc_reports_and_skips_a_squatted_fallback_root ... ok
test lifecycle::tests::gc_state_dirs_never_touches_config_intent ... ok
test lifecycle::tests::gc_state_dirs_spares_a_directory_whose_daemon_holds_the_pidfile_lock ... ok
test lifecycle::tests::instance_label_includes_parent_dir ... ok
test lifecycle::tests::log_path_ends_with_daemon_log ... ok
test lifecycle::tests::gc_state_dirs_reports_both_proofs_for_a_healthy_instance ... ok
test lifecycle::tests::gc_state_dirs_spares_a_live_database_holder_after_the_pidfile_is_removed ... ok
test lifecycle::tests::last_successful_config_enforces_private_modes_and_fingerprint ... ok
test lifecycle::tests::last_successful_config_is_isolated_and_survives_live_binding_cleanup ... ok
test lifecycle::tests::last_successful_config_rejects_corrupt_version_oversize_and_symlink ... ok
test lifecycle::tests::last_successful_config_remove_is_idempotent ... ok
test lifecycle::tests::last_successful_config_roundtrips_with_full_path_identity ... ok
test lifecycle::tests::legacy_hash_still_reproduces_the_relative_form_it_must_clean_up ... ok
test lifecycle::tests::log_hint_names_the_dated_tracing_file_not_just_stderr ... ok
test lifecycle::tests::legacy_runtime_cleanup_removes_effective_config_binding ... ok
test lifecycle::tests::retiring_a_superseded_identity_removes_its_runtime_artifacts ... ok
test lifecycle::tests::real_db_shutdown_keeps_every_directory ... ok
test lifecycle::tests::the_superseded_slot_identity_differs_from_the_anchored_one ... ok
test lifecycle::tests::write_lock_probe_entry_point_consults_the_local_store_flag ... ok
test lifecycle::tests::runtime_dir_ignores_tmpdir ... ok
test lifecycle::tests::runtime_dir_uses_xdg_when_set ... ok
test lifecycle::tests::socket_fallback_root_honors_the_env_override ... ok
test lifecycle::tests::retiring_is_a_no_op_when_the_identity_did_not_change ... ok
test lifecycle::tests::socket_path_falls_back_to_tmp_when_over_sun_len ... ok
test lifecycle::tests::socket_path_is_under_runtime_dir ... ok
test lifecycle::tests::socket_path_under_sun_len ... ok
test lifecycle::tests::write_lock_probe_reports_free_for_missing_database ... ok
test lifecycle::tests::write_lock_probe_refuses_to_run_against_its_own_store ... ok
test safeguards::tests::depth_limit_default ... ok
test safeguards::tests::depth_limit_allows_within_cap ... ok
test safeguards::tests::depth_limit_clamps_oversize ... ok
test lifecycle::tests::write_lock_probe_reports_free_for_unlocked_database ... ok
test safeguards::tests::effective_timeout_client_cannot_exceed_hard_cap ... ok
test safeguards::tests::effective_timeout_client_can_lower ... ok
test safeguards::tests::effective_timeout_unknown_tool_hard_cap ... ok
test safeguards::tests::effective_timeout_unknown_tool_uses_defaults ... ok
test safeguards::tests::effective_timeout_uses_default ... ok
test lifecycle::tests::state_dir_ownership_falls_back_to_the_pidfile_lock_when_the_database_is_gone ... ok
test safeguards::tests::rate_limiter_allows_burst ... ok
test safeguards::tests::rate_limiter_disabled_allows_all ... ok
test safeguards::tests::rate_limiter_rejects_after_burst ... ok
test lifecycle::tests::write_lock_probe_names_the_holding_process ... ok
test safeguards::tests::result_limit_default_and_cap ... ok
test safeguards::tests::rate_limiter_independent_tokens ... ok
test server::compact_embeddings_response_tests::reclaimed_counts_what_left_the_index_not_what_reconcile_discovered ... ok
test safeguards::tests::with_safeguard_cancellable_success_leaves_flag_unset ... ok
test safeguards::tests::with_safeguard_success ... ok
test lifecycle::tests::write_lock_probe_survives_pidfile_unlink ... ok
test server::depth_clamp_tests::clamps_huge_depth_leaves_small_and_nonnumeric_alone ... ok
test server::embedding_status_tests::ready_local_status_reports_the_selected_device_without_fallback ... ok
test server::index_done_message_tests::cancelled_variant_reports_commit_and_names_repair ... ok
test server::embedding_status_tests::failed_local_external_and_dimension_states_are_actionable ... ok
test server::embedding_status_tests::loading_and_disabled_statuses_are_explicit ... ok
test server::index_done_message_tests::skipped_files_make_done_explicitly_degraded ... ok
test server::index_done_message_tests::uncancelled_variant_is_the_plain_done_line ... ok
test server::instance_id_validation_tests::effective_instance_id_uses_request_then_configured_default ... ok
test server::startup_helper_tests::a_dropped_pass_guard_clears_the_running_state ... ok
test server::startup_helper_tests::a_finished_pass_leaves_no_counters_behind_to_be_misattributed ... ok
test lifecycle::tests::temp_db_shutdown_keeps_every_directory_while_the_spawnlock_is_held ... ok
test server::instance_id_validation_tests::effective_instance_id_rejects_every_invalid_source ... ok
test server::startup_helper_tests::a_second_overlapping_pass_cannot_clobber_or_prematurely_clear_the_first ... ok
test server::startup_helper_tests::acme_bind_gate_fails_closed_without_feature ... ok
test server::startup_helper_tests::acme_bootstrap_failure_never_serves_plaintext ... ok
test server::startup_helper_tests::acme_provides_tls_reflects_build_feature ... ok
test lifecycle::tests::temp_db_shutdown_unlinks_state_runtime_and_fallback_dirs ... ok
test safeguards::tests::with_safeguard_timeout ... ok
test safeguards::tests::with_safeguard_cancellable_sets_flag_on_timeout ... ok
test server::startup_helper_tests::a_reader_never_sees_two_passes_mixed_together ... ok
test server::list_contracts_tests::list_contracts_prefers_exact_uid_and_filters_hidden_repos ... ok
test server::startup_helper_tests::a_refused_watch_leaves_no_watcher_registration ... ok
test server::startup_helper_tests::bind_addr_is_loopback_classifies_safely ... ok
test server::startup_helper_tests::begin_shutdown_drain_broadcasts_at_once_when_nothing_is_in_flight ... ok
test server::startup_helper_tests::build_repo_types_maps_vault_and_code_under_canonical_keys ... ok
test server::startup_helper_tests::cancelled_flag_trips_on_request_future_drop ... ok
test server::startup_helper_tests::claim_pidfile_lock_is_exclusive_until_released ... ok
test server::startup_helper_tests::co_located_replicas_use_distinct_working_dirs ... ok
test server::startup_helper_tests::ambiguous_liveness_failure_preserves_extensions_and_aggregates_error ... ok
test server::startup_helper_tests::a_second_shutdown_trigger_does_not_start_a_second_drain ... ok
test server::startup_helper_tests::available_search_repairs_after_unknown_preflight_projection ... ok
test server::boot_reconciliation_tests::read_only_boot_reconciliation_leaves_the_publication_untouched_on_disk ... ok
test server::startup_helper_tests::configured_unavailable_search_errors_only_after_indexed_rows_change ... ok
test server::startup_helper_tests::disabled_search_skips_projection_preflight ... ok
test server::boot_reconciliation_tests::read_write_boot_reconciliation_recovers_the_abandoned_publication ... ok
test server::startup_helper_tests::begin_shutdown_drain_keeps_listeners_up_until_the_write_finishes ... ok
test server::startup_helper_tests::code_deletion_invalidates_primed_in_memory_pagerank ... ok
test server::startup_helper_tests::embedding_state_narrows_to_embedding_only_while_a_pass_runs_on_a_ready_model ... ok
test server::startup_helper_tests::ambiguous_project_delete_reconciles_and_uses_graph_liveness_for_extensions ... ok
test server::startup_helper_tests::confirmed_project_rollback_does_not_reconcile_or_mutate_sidecars ... ok
test server::boot_reconciliation_tests::read_write_daemon_boot_recovers_the_abandoned_publication ... ok
test server::startup_helper_tests::handshake_concurrency_is_capped ... ok
test server::startup_helper_tests::actual_repo_merge_collision_reconciles_source_and_destination_state ... ok
test server::startup_helper_tests::idle_requires_no_active_work_or_indexing ... ok
test server::startup_helper_tests::confirmed_unchanged_project_error_does_not_run_reconciliation ... ok
test server::startup_helper_tests::corrupt_extension_sidecar_prevents_real_merge_mutation ... ok
test server::startup_helper_tests::is_unsafe_index_root_handles_macos_firmlink_and_case ... ok
test server::startup_helper_tests::is_unsafe_index_root_rejects_system_roots_but_allows_real_repos ... ok
test server::startup_helper_tests::boot_self_heals_graph_applied_journal_with_remaining_source_rows ... ok
test server::startup_helper_tests::duplicate_shutdown_does_not_start_a_second_drain ... ok
test server::startup_helper_tests::embedding_status_blocks_embed_rpc_until_ready ... ok
test server::startup_helper_tests::embedding_status_is_exposed_by_typed_and_json_status_rpcs ... ok
test server::startup_helper_tests::drain_with_only_indexing_active_stays_bounded_by_the_ceiling ... ok
test server::startup_helper_tests::health_check_reports_own_pid ... ok
test server::startup_helper_tests::idle_vault_watcher_releases_the_write_lease ... ok
test server::startup_helper_tests::merge_extension_prepare_failure_prevents_graph_mutation ... ok
test server::startup_helper_tests::merge_extension_finalize_failure_retries_from_durable_journal ... ok
test server::startup_helper_tests::mutating_tools_gate_uses_shared_const ... ok
test server::startup_helper_tests::indexed_search_fingerprint_ignores_non_tantivy_note_metadata ... ok
test server::startup_helper_tests::merge_extension_finalize_failure_surfaces_after_graph_and_finalizers ... ok
test server::startup_helper_tests::graph_applied_finalizer_failure_keeps_journal_for_retry ... ok
test server::startup_helper_tests::probe_remote_sha_errors_on_git_failure ... ok
test server::startup_helper_tests::mismatched_uid_merge_error_finalizes_registered_repo ... ok
test server::startup_helper_tests::drain_ceiling_reports_honestly_and_keeps_serving ... ok
test server::startup_helper_tests::production_config_loader_couples_parsed_config_to_canonical_provenance ... ok
test server::startup_helper_tests::production_startup_preserves_configured_but_writer_unavailable_state ... ok
test server::startup_helper_tests::mismatched_uid_purge_success_finalizes_registered_repo ... ok
test server::startup_helper_tests::merge_failure_finalizes_partial_repo_deletion ... ok
test server::startup_helper_tests::probe_remote_sha_returns_sha_for_existing_ref ... ok
test server::startup_helper_tests::probe_remote_sha_returns_none_for_missing_ref ... ok
test server::startup_helper_tests::missing_project_is_a_true_noop_without_finalization ... ok
test server::startup_helper_tests::merge_surfaces_search_reconciliation_failure_after_committed_mutation ... ok
test server::startup_helper_tests::merge_vault_collision_prunes_discarded_note_and_heading_embeddings ... ok
test server::startup_helper_tests::prune_stale_repos_never_deletes_remote_identity_repos ... ok
test server::startup_helper_tests::prune_stale_repos_prunes_missing_local_trees_only ... ok
test server::startup_helper_tests::node_deletion_generation_exhaustion_is_reported_while_pagerank_is_invalidated ... ok
test server::startup_helper_tests::read_only_allows_all_pure_read_rpcs ... ok
test server::startup_helper_tests::read_only_does_not_enqueue_config_repos ... ok
test server::startup_helper_tests::read_only_does_not_mount_admin_api ... ok
test server::startup_helper_tests::read_only_does_not_mount_webhook ... ok
test server::startup_helper_tests::read_only_guard_service_rejects_mutating_and_passes_reads ... ok
test server::startup_helper_tests::read_only_method_partition_is_exhaustive ... ok
test server::startup_helper_tests::read_only_rejects_all_mutating_rpcs ... ok
test server::startup_helper_tests::project_extension_cleanup_failure_is_retryable_and_survives_reopen ... ok
test server::startup_helper_tests::purge_preserves_real_mutation_error_and_appends_real_reconciliation_failure ... ok
test server::startup_helper_tests::prune_vault_failure_finalizes_earlier_repo_deletion ... ok
test server::startup_helper_tests::prune_repo_failure_finalizes_earlier_deletions_before_returning_error ... ok
test server::startup_helper_tests::prune_stale_vault_prunes_note_and_heading_embeddings ... ok
test server::startup_helper_tests::nonexistent_vault_skips_all_reconciliation_after_unknown_preflight ... ok
test server::startup_helper_tests::prune_surfaces_search_reconciliation_failure_after_other_finalizers ... ok
test server::startup_helper_tests::real_code_finalizer_persistence_failure_keeps_graph_applied_journal ... ok
test server::startup_helper_tests::purge_instance_durably_removes_deleted_project_extensions_only ... ok
test server::startup_helper_tests::purge_vault_only_instance_prunes_note_and_heading_embeddings ... ok
test server::startup_helper_tests::reconciled_retry_skips_graph_and_finalizers_then_finishes_extensions ... ok
test server::startup_helper_tests::purge_failure_finalizes_partial_repo_deletion ... ok
test server::startup_helper_tests::reconciler_stops_when_shutdown_starts ... ok
test server::startup_helper_tests::reconciler_stops_on_shutdown_broadcast ... ok
test server::startup_helper_tests::register_watcher_force_replaces_orphaned_incumbent ... ok
test server::startup_helper_tests::remove_project_aggregates_graph_and_finalizer_errors ... ok
test server::startup_helper_tests::reindex_search_holds_write_gate ... ok
test server::startup_helper_tests::remove_project_holds_write_gate ... ok
test server::startup_helper_tests::remove_project_surfaces_generation_exhaustion_after_committed_delete ... ok
test server::startup_helper_tests::reconciler_drains_the_outbox_with_no_writer_involvement ... ok
test server::startup_helper_tests::remove_repo_bulk_error_finalizes_ambiguous_partial_deletion_extensions ... ok
test server::startup_helper_tests::remove_project_persists_generation_invalidates_pagerank_and_survives_reopen ... ok
test server::startup_helper_tests::remove_null_name_project_cleans_graph_and_sidecars_durably ... ok
test server::startup_helper_tests::serve_ui_already_running_reports_actual_port ... ok
test server::startup_helper_tests::removed_project_metadata_is_absent_from_query_extensions_rpc ... ok
test server::startup_helper_tests::remove_vault_prunes_note_and_heading_embeddings ... ok
test server::startup_helper_tests::remove_project_surfaces_generation_save_and_pagerank_unlink_failures ... ok
test server::startup_helper_tests::serve_ui_foreign_busy_port_returns_port_in_use ... ok
test server::startup_helper_tests::remove_vault_targeted_extension_cleanup_preserves_unrelated_note_keys ... ok
test server::startup_helper_tests::remove_repo_late_failure_finalizes_committed_children ... ok
test server::startup_helper_tests::repo_extension_cleanup_failure_is_retryable_and_preserves_non_graph_keys_on_reopen ... ok
test server::startup_helper_tests::shutdown_sets_drained_before_draining ... ok
test server::startup_helper_tests::set_extension_holds_write_gate ... ok
test server::startup_helper_tests::shutdown_still_works_after_an_admin_api_drain ... ok
test server::startup_helper_tests::shutdown_stops_active_watcher ... ok
test server::startup_helper_tests::reconciler_write_is_counted_in_active_writes ... ok
test server::startup_helper_tests::the_daemon_owns_data_identity_unless_a_caller_names_an_instance ... ok
test server::startup_helper_tests::tls_handshake_completes_for_valid_client ... ok
test server::startup_helper_tests::tls_handshake_times_out_on_silent_client ... ok
test server::startup_helper_tests::trigram_reconcile_backoff_grows_then_caps ... ok
test server::startup_helper_tests::typed_brain_search_enforces_request_repo_visibility_and_preserves_counts ... ok
test server::startup_helper_tests::startup_recovery_automatically_finishes_a_prepared_extension_migration ... ok
test server::startup_helper_tests::status_reports_a_running_embed_pass_and_a_queued_write ... ok
test server::startup_helper_tests::startup_recovery_restores_repo_deleted_before_destination_insert ... ok
test server::startup_helper_tests::startup_recovery_uses_graph_applied_journal_for_code_sidecars ... ok
test server::startup_helper_tests::uds_config_loader_rejects_malformed_explicit_config_without_default_fallback ... ok
test server::startup_helper_tests::suggest_links_reads_the_canonical_manifest_sidecar ... ok
test server::startup_helper_tests::uds_config_loader_rejects_missing_explicit_config_without_default_fallback ... ok
test server::startup_helper_tests::startup_recovery_restores_vault_and_project_deleted_before_destination_insert ... ok
test server::startup_helper_tests::validate_bind_security_allows_loopback_plaintext ... ok
test server::startup_helper_tests::suggest_links_does_not_trust_a_legacy_only_manifest_sidecar ... ok
test server::startup_helper_tests::validate_bind_security_requires_auth_for_non_loopback ... ok
test server::startup_helper_tests::validate_bind_security_requires_tls_for_non_loopback ... ok
test server::startup_helper_tests::validate_bind_security_treats_acme_as_tls ... ok
test server::startup_helper_tests::validate_token_lengths_accepts_none ... ok
test server::startup_helper_tests::validate_token_lengths_rejects_admin_without_auth ... ok
test server::startup_helper_tests::validate_token_lengths_accepts_min_length ... ok
test server::startup_helper_tests::validate_token_lengths_rejects_equal_auth_and_admin ... ok
test server::startup_helper_tests::validate_token_lengths_rejects_short_token ... ok
test server::startup_helper_tests::validate_webhook_secret_lengths_accepts_min_length ... ok
test server::startup_helper_tests::validate_webhook_secret_lengths_accepts_none ... ok
test server::startup_helper_tests::validate_webhook_secret_lengths_rejects_short_secret ... ok
test server::startup_helper_tests::uds_admin_sees_all_repos_under_enabled_policy ... ok
test server::watch_path_allowed_tests::config_rejects_unregistered_and_vault_filter_applies ... ok
test server::watch_path_allowed_tests::config_allows_file_url_registered_repo ... ok
test server::watch_path_allowed_tests::config_repo_canonical_path_strips_file_scheme ... ok
test server::watch_path_allowed_tests::no_config_allows_explicit_safe_repo ... ok
test server::watch_path_allowed_tests::no_config_rejects_unsafe_roots ... ok
test server::startup_helper_tests::typed_remove_repo_surfaces_required_generation_persistence_failure ... ok
test server::watch_path_allowed_tests::trigram_policy_precedence_covers_every_daemon_case ... ok
test server::watch_path_allowed_tests::rejection_names_the_config_registry_and_a_pastable_remedy ... ok
test server::watcher_task_tracking_tests::tracking_keeps_live_tasks_and_reaps_finished_ones ... ok
test webhook::tests::extract_gitea_repo_url ... ok
test webhook::tests::extract_github_preferred_over_gitlab ... ok
test webhook::tests::extract_github_repo_url ... ok
test webhook::tests::extract_gitlab_repo_url ... ok
test webhook::tests::extract_missing_repo_url ... ok
test webhook::tests::verify_dual_secret_new_takes_precedence ... ok
test webhook::tests::verify_dual_secret_old_matches ... ok
test webhook::tests::verify_gitea_dual_secret_old_matches ... ok
test webhook::tests::verify_invalid_gitea_signature ... ok
test webhook::tests::verify_invalid_signature ... ok
test webhook::tests::verify_malformed_hex_rejected ... ok
test webhook::tests::verify_missing_header_rejected ... ok
test webhook::tests::verify_valid_gitea_signature ... ok
test webhook::tests::verify_valid_github_signature ... ok
test webhook::tests::webhook_rejects_internal_repo_url ... ok
test server::startup_helper_tests::sigterm_does_not_broadcast_while_a_write_is_in_flight ... ok
test server::startup_helper_tests::typed_status_reports_canonical_configured_path ... ok
test server::startup_helper_tests::writes_are_refused_once_shutdown_has_started ... ok
test server::watcher_e2e_tests::daemon_clean_shutdown_leaves_no_dirs_for_temp_db ... ok
test server::startup_helper_tests::startup_recovery_fails_closed_on_corrupt_versioned_or_mismatched_journal ... ok
test server::startup_helper_tests::vault_only_purge_failure_invalidates_live_and_persisted_pagerank ... ok
test server::startup_helper_tests::startup_recovery_uses_graph_applied_journal_for_tantivy ... ok
test server::startup_helper_tests::typed_remove_vault_surfaces_embedding_persistence_failure ... ok
test server::startup_helper_tests::unavailable_search_finalizer_keeps_graph_applied_journal_until_restart_retry ... ok
test server::watcher_e2e_tests::daemon_e2e_pid_watch_force_and_shutdown ... ok

test result: ok. 281 passed; 0 failed; 0 ignored; 0 measured; 0 filtered out; finished in 28.83s

   Doc-tests nestweaver_daemon
     Running `/Users/korykehl/.rustup/toolchains/stable-aarch64-apple-darwin/bin/rustdoc --edition=2024 --crate-type lib --color auto --crate-name nestweaver_daemon --test crates/nestweaver-daemon/src/lib.rs --test-run-directory /private/var/folders/wy/f399vst543dbrw08w_y3wmh00000gn/T/cargo-mutants-nw-x-PD9tpz.tmp/crates/nestweaver-daemon -L native=/Users/korykehl/dev/workspaces/nw-x/target/debug/build/aws-lc-sys-215f2bcb03737f48/out -L native=/Users/korykehl/dev/workspaces/nw-x/target/debug/build/blake3-127749bcfb23fbc2/out -L native=/Users/korykehl/dev/workspaces/nw-x/target/debug/build/cxx-afe2b6c14865889e/out -L native=/Users/korykehl/dev/workspaces/nw-x/target/debug/build/esaxx-rs-8018ba1fe8dc6859/out -L native=/Users/korykehl/dev/workspaces/nw-x/target/debug/build/lbug-7c53829992bb23df/out -L native=/Users/korykehl/dev/workspaces/nw-x/target/debug/build/lbug-7c53829992bb23df/out/build/src -L native=/Users/korykehl/dev/workspaces/nw-x/target/debug/build/libsqlite3-sys-413d1159b408846c/out -L native=/Users/korykehl/dev/workspaces/nw-x/target/debug/build/link-cplusplus-e4e0cd386310c112/out -L native=/Users/korykehl/dev/workspaces/nw-x/target/debug/build/onig_sys-9e593e59ac7defa7/out -L native=/Users/korykehl/dev/workspaces/nw-x/target/debug/build/openssl-sys-0c8fbbc8c4b6e0a7/out/openssl-build/install/lib -L native=/Users/korykehl/dev/workspaces/nw-x/target/debug/build/ring-a1433c24f165249e/out -L native=/Users/korykehl/dev/workspaces/nw-x/target/debug/build/tree-sitter-39b3d2e2cd269c16/out -L native=/Users/korykehl/dev/workspaces/nw-x/target/debug/build/tree-sitter-bash-143f27fc69c483f0/out -L native=/Users/korykehl/dev/workspaces/nw-x/target/debug/build/tree-sitter-c-46795dc5a2f539bd/out -L native=/Users/korykehl/dev/workspaces/nw-x/target/debug/build/tree-sitter-c-sharp-3bb886feb1526c76/out -L native=/Users/korykehl/dev/workspaces/nw-x/target/debug/build/tree-sitter-cpp-3d6e2c73aae7cf28/out -L native=/Users/korykehl/dev/workspaces/nw-x/target/debug/build/tree-sitter-dart-926e1e1861be6adb/out -L native=/Users/korykehl/dev/workspaces/nw-x/target/debug/build/tree-sitter-elixir-9cb43401d1b37cee/out -L native=/Users/korykehl/dev/workspaces/nw-x/target/debug/build/tree-sitter-fortran-a8b4e4c6e334eb53/out -L native=/Users/korykehl/dev/workspaces/nw-x/target/debug/build/tree-sitter-go-8a9370e889d5aadf/out -L native=/Users/korykehl/dev/workspaces/nw-x/target/debug/build/tree-sitter-groovy-0ac1378b2790a6f7/out -L native=/Users/korykehl/dev/workspaces/nw-x/target/debug/build/tree-sitter-hcl-38b42a6e614ca3ca/out -L native=/Users/korykehl/dev/workspaces/nw-x/target/debug/build/tree-sitter-java-5cdb08c266bc8900/out -L native=/Users/korykehl/dev/workspaces/nw-x/target/debug/build/tree-sitter-javascript-8ec83748eec90cd1/out -L native=/Users/korykehl/dev/workspaces/nw-x/target/debug/build/tree-sitter-julia-299596747b4a54eb/out -L native=/Users/korykehl/dev/workspaces/nw-x/target/debug/build/tree-sitter-kotlin-93b72e297b6aad20/out -L native=/Users/korykehl/dev/workspaces/nw-x/target/debug/build/tree-sitter-lua-1cdd1faedca755e4/out -L native=/Users/korykehl/dev/workspaces/nw-x/target/debug/build/tree-sitter-objc-254238839033f6a7/out -L native=/Users/korykehl/dev/workspaces/nw-x/target/debug/build/tree-sitter-pascal-7f16d3c6f300aeac/out -L native=/Users/korykehl/dev/workspaces/nw-x/target/debug/build/tree-sitter-php-278fc7c5ed31e0b7/out -L native=/Users/korykehl/dev/workspaces/nw-x/target/debug/build/tree-sitter-powershell-7b399c081d0b1ebe/out -L native=/Users/korykehl/dev/workspaces/nw-x/target/debug/build/tree-sitter-python-fd57720a4cab0447/out -L native=/Users/korykehl/dev/workspaces/nw-x/target/debug/build/tree-sitter-ruby-4635c5ff3252cec5/out -L native=/Users/korykehl/dev/workspaces/nw-x/target/debug/build/tree-sitter-rust-dbf45214d13e8ed6/out -L native=/Users/korykehl/dev/workspaces/nw-x/target/debug/build/tree-sitter-scala-af4bb5d5073a57d7/out -L native=/Users/korykehl/dev/workspaces/nw-x/target/debug/build/tree-sitter-sequel-abc682b04dcd1310/out -L native=/Users/korykehl/dev/workspaces/nw-x/target/debug/build/tree-sitter-swift-5f0303fff5b2d6bd/out -L native=/Users/korykehl/dev/workspaces/nw-x/target/debug/build/tree-sitter-systemverilog-e937fc10f477ec81/out -L native=/Users/korykehl/dev/workspaces/nw-x/target/debug/build/tree-sitter-typescript-9a27c8180497644b/out -L native=/Users/korykehl/dev/workspaces/nw-x/target/debug/build/tree-sitter-zig-3d0eb03c9af77ae7/out --extern anyhow=/Users/korykehl/dev/workspaces/nw-x/target/debug/deps/libanyhow-64831d38ed31fe0c.rlib --extern axum=/Users/korykehl/dev/workspaces/nw-x/target/debug/deps/libaxum-9ea3eb39037e12c3.rlib --extern candle_core=/Users/korykehl/dev/workspaces/nw-x/target/debug/deps/libcandle_core-9a3e956d7ab646ef.rlib --extern candle_nn=/Users/korykehl/dev/workspaces/nw-x/target/debug/deps/libcandle_nn-9ff26b062331252a.rlib --extern candle_transformers=/Users/korykehl/dev/workspaces/nw-x/target/debug/deps/libcandle_transformers-ededaf09d51d381b.rlib --extern dirs=/Users/korykehl/dev/workspaces/nw-x/target/debug/deps/libdirs-b70caba85f76d53e.rlib --extern futures=/Users/korykehl/dev/workspaces/nw-x/target/debug/deps/libfutures-7a3c16ce76753655.rlib --extern governor=/Users/korykehl/dev/workspaces/nw-x/target/debug/deps/libgovernor-14ae007c873882c8.rlib --extern hex=/Users/korykehl/dev/workspaces/nw-x/target/debug/deps/libhex-ce021e0d3a439a1a.rlib --extern hmac=/Users/korykehl/dev/workspaces/nw-x/target/debug/deps/libhmac-5e8c78b3310dc6da.rlib --extern hyper_util=/Users/korykehl/dev/workspaces/nw-x/target/debug/deps/libhyper_util-fbbead9c23b7caa9.rlib --extern libc=/Users/korykehl/dev/workspaces/nw-x/target/debug/deps/liblibc-efbcba732f888a3d.rlib --extern nestweaver_daemon=/Users/korykehl/dev/workspaces/nw-x/target/debug/deps/libnestweaver_daemon-ef099a076611b955.rlib --extern nestweaver_engine=/Users/korykehl/dev/workspaces/nw-x/target/debug/deps/libnestweaver_engine-11c6333a7f811621.rlib --extern nestweaver_mcp=/Users/korykehl/dev/workspaces/nw-x/target/debug/deps/libnestweaver_mcp-7dc490ff0c2fee5b.rlib --extern nestweaver_parser=/Users/korykehl/dev/workspaces/nw-x/target/debug/deps/libnestweaver_parser-d0ac06111cf98dab.rlib --extern nestweaver_proto=/Users/korykehl/dev/workspaces/nw-x/target/debug/deps/libnestweaver_proto-8226c9b806b67345.rlib --extern nestweaver_schema=/Users/korykehl/dev/workspaces/nw-x/target/debug/deps/libnestweaver_schema-85f814ab3a400b43.rlib --extern nestweaver_store=/Users/korykehl/dev/workspaces/nw-x/target/debug/deps/libnestweaver_store-79e252c28bc659ba.rlib --extern nestweaver_web=/Users/korykehl/dev/workspaces/nw-x/target/debug/deps/libnestweaver_web-a2146802b159c5f2.rlib --extern prost=/Users/korykehl/dev/workspaces/nw-x/target/debug/deps/libprost-2e75f999483b913b.rlib --extern rmp_serde=/Users/korykehl/dev/workspaces/nw-x/target/debug/deps/librmp_serde-982a30055768ef5c.rlib --extern rustls=/Users/korykehl/dev/workspaces/nw-x/target/debug/deps/librustls-2bea3a1816b4b643.rlib --extern serde=/Users/korykehl/dev/workspaces/nw-x/target/debug/deps/libserde-6be3bd885dc1796f.rlib --extern serde_json=/Users/korykehl/dev/workspaces/nw-x/target/debug/deps/libserde_json-533f344c4d340a25.rlib --extern sha2=/Users/korykehl/dev/workspaces/nw-x/target/debug/deps/libsha2-129f6766a5de7bd8.rlib --extern subtle=/Users/korykehl/dev/workspaces/nw-x/target/debug/deps/libsubtle-2c14c157aaacba62.rlib --extern tempfile=/Users/korykehl/dev/workspaces/nw-x/target/debug/deps/libtempfile-ddf3a3cadb9f75c3.rlib --extern tokenizers=/Users/korykehl/dev/workspaces/nw-x/target/debug/deps/libtokenizers-159b040b13093fba.rlib --extern tokio=/Users/korykehl/dev/workspaces/nw-x/target/debug/deps/libtokio-75b377799b8d4e93.rlib --extern tokio_rustls=/Users/korykehl/dev/workspaces/nw-x/target/debug/deps/libtokio_rustls-2b0bc394b98060d5.rlib --extern tokio_stream=/Users/korykehl/dev/workspaces/nw-x/target/debug/deps/libtokio_stream-83d0c8ac3d508350.rlib --extern tokio_util=/Users/korykehl/dev/workspaces/nw-x/target/debug/deps/libtokio_util-7dddb439a9b0f9b5.rlib --extern tonic=/Users/korykehl/dev/workspaces/nw-x/target/debug/deps/libtonic-84a83939f0c4e330.rlib --extern tower=/Users/korykehl/dev/workspaces/nw-x/target/debug/deps/libtower-25feb7d5282c055d.rlib --extern tower_http=/Users/korykehl/dev/workspaces/nw-x/target/debug/deps/libtower_http-de13149314bd8523.rlib --extern tracing=/Users/korykehl/dev/workspaces/nw-x/target/debug/deps/libtracing-4afaa3a7db9bcab2.rlib --extern tracing_appender=/Users/korykehl/dev/workspaces/nw-x/target/debug/deps/libtracing_appender-931ac72b1000cffd.rlib --extern tracing_subscriber=/Users/korykehl/dev/workspaces/nw-x/target/debug/deps/libtracing_subscriber-6cb94e3f3ead8a0c.rlib -L dependency=/Users/korykehl/dev/workspaces/nw-x/target/debug/deps -C embed-bitcode=no --check-cfg 'cfg(docsrs,test)' --check-cfg 'cfg(feature, values("acme", "embed", "metal"))' --error-format human`

running 0 tests

test result: ok. 0 passed; 0 failed; 0 ignored; 0 measured; 0 filtered out; finished in 0.00s


*** result: Success
