
*** crates/nestweaver-daemon/src/lifecycle.rs:45:5: replace effective_config_temp_path -> PathBuf with Default::default()

*** mutation diff:
--- crates/nestweaver-daemon/src/lifecycle.rs
+++ replace effective_config_temp_path -> PathBuf with Default::default()
@@ -37,21 +37,17 @@
 /// XDG/socket-fallback env vars. Defined at module level (not inside the
 /// test module) so `server.rs`'s in-process-daemon e2e tests — which resolve
 /// runtime/state paths for the daemon's whole lifetime — can serialize
 /// against the lifecycle unit tests that flip those vars.
 #[cfg(test)]
 pub(crate) static TEST_ENV_LOCK: std::sync::Mutex<()> = std::sync::Mutex::new(());
 
 fn effective_config_temp_path(parent: &Path, sequence: u64) -> PathBuf {
-    parent.join(format!(
-        ".{EFFECTIVE_CONFIG_BINDING_FILE}.{}.{}.tmp",
-        std::process::id(),
-        sequence
-    ))
+    Default::default() /* ~ changed by cargo-mutants ~ */
 }
 
 fn last_successful_config_temp_path(parent: &Path, sequence: u64) -> PathBuf {
     parent.join(format!(
         ".{LAST_SUCCESSFUL_CONFIG_FILE}.{}.{}.tmp",
         std::process::id(),
         sequence
     ))


*** /Users/korykehl/.rustup/toolchains/stable-aarch64-apple-darwin/bin/cargo test --no-run --verbose --package=nestweaver-daemon@7.0.0
    Blocking waiting for file lock on build directory
       Fresh unicode-ident v1.0.24
       Fresh shlex v2.0.1
       Fresh find-msvc-tools v0.1.9
       Fresh cfg-if v1.0.4
       Fresh memchr v2.8.3
       Fresh libc v0.2.189
       Fresh itoa v1.0.18
       Fresh bitflags v2.13.1
       Fresh equivalent v1.0.2
       Fresh smallvec v1.15.2
       Fresh regex-syntax v0.8.11
       Fresh proc-macro2 v1.0.107
       Fresh jobserver v0.1.35
       Fresh allocator-api2 v0.2.21
       Fresh foldhash v0.2.0
       Fresh autocfg v1.5.1
       Fresh pin-project-lite v0.2.17
       Fresh pkg-config v0.3.33
       Fresh tree-sitter-language v0.1.7
       Fresh quote v1.0.47
       Fresh cc v1.2.67
       Fresh scopeguard v1.2.0
       Fresh fnv v1.0.7
       Fresh futures-core v0.3.34
       Fresh syn v2.0.119
       Fresh syn v3.0.0
       Fresh libm v0.2.16
       Fresh zmij v1.0.23
       Fresh lock_api v0.4.14
       Fresh parking_lot_core v0.9.12
       Fresh stable_deref_trait v1.2.1
       Fresh futures-sink v0.3.34
       Fresh serde_derive v1.0.229
       Fresh num-traits v0.2.19
       Fresh parking_lot v0.12.5
       Fresh crossbeam-utils v0.8.22
       Fresh tracing-core v0.1.36
       Fresh tracing-attributes v0.1.31
       Fresh siphasher v1.0.3
       Fresh zerocopy-derive v0.8.54
       Fresh serde v1.0.229
       Fresh tracing v0.1.44
       Fresh synstructure v0.13.2
       Fresh slab v0.4.12
       Fresh futures-channel v0.3.34
       Fresh aho-corasick v1.1.4
       Fresh fastrand v2.5.0
       Fresh getrandom v0.3.4
       Fresh zerocopy v0.8.54
       Fresh zerofrom-derive v0.1.7
       Fresh futures-macro v0.3.34
       Fresh cmake v0.1.58
       Fresh futures-task v0.3.34
       Fresh futures-io v0.3.34
       Fresh crossbeam-epoch v0.9.20
       Fresh zerofrom v0.1.8
       Fresh futures-util v0.3.34
       Fresh yoke-derive v0.8.2
       Fresh version_check v0.9.5
       Fresh heck v0.5.0
       Fresh ryu v1.0.23
       Fresh bytemuck_derive v1.11.0
       Fresh crossbeam-deque v0.8.7
       Fresh yoke v0.8.3
       Fresh strsim v0.11.1
       Fresh byteorder v1.5.0
       Fresh ident_case v1.0.1
       Fresh bytemuck v1.25.1
       Fresh thiserror-impl v2.0.20
       Fresh tokio-macros v2.7.1
       Fresh signal-hook-registry v1.4.8
       Fresh rayon-core v1.13.0
       Fresh rustversion v1.0.23
       Fresh socket2 v0.6.5
       Fresh mio v1.2.2
       Fresh hashbrown v0.17.1
       Fresh typenum v1.20.1
       Fresh percent-encoding v2.3.2
       Fresh thiserror v2.0.20
       Fresh http v1.4.2
       Fresh dunce v1.0.5
       Fresh fs_extra v1.3.0
       Fresh hybrid-array v0.4.13
       Fresh rayon v1.12.0
       Fresh indexmap v2.14.0
       Fresh tokio v1.53.1
       Fresh core-foundation-sys v0.8.7
       Fresh ppv-lite86 v0.2.21
       Fresh rand_core v0.9.5
       Fresh http-body v1.1.0
       Fresh zerovec-derive v0.11.3
       Fresh anyhow v1.0.104
       Fresh rand_chacha v0.9.0
       Fresh tokio-util v0.7.19
       Fresh crypto-common v0.2.2
       Fresh block-buffer v0.12.1
       Fresh const-oid v0.10.2
       Fresh either v1.16.0
       Fresh zerovec v0.11.6
       Fresh rand v0.9.5
       Fresh num-complex v0.4.6
       Fresh thiserror-impl v1.0.69
       Fresh displaydoc v0.2.6
       Fresh base64 v0.22.1
       Fresh zeroize v1.9.0
       Fresh tower-service v0.3.3
       Fresh serde_core v1.0.229
       Fresh prost-derive v0.14.4
       Fresh thiserror v1.0.69
       Fresh phf_shared v0.11.3
       Fresh getrandom v0.2.17
       Fresh lazy_static v1.5.0
       Fresh unicase v2.9.0
       Fresh untrusted v0.9.0
       Fresh rand_core v0.10.1
       Fresh prettyplease v0.2.37
       Fresh rustls-pki-types v1.15.0
       Fresh aws-lc-sys v0.43.0
       Fresh deranged v0.5.8
       Fresh cpufeatures v0.3.0
       Fresh try-lock v0.2.5
       Fresh ring v0.17.14
       Fresh cmov v0.5.4
       Fresh rand_core v0.6.4
       Fresh atomic-waker v1.1.2
       Fresh powerfmt v0.2.0
       Fresh num-conv v0.2.2
       Fresh time-core v0.1.9
       Fresh aws-lc-rs v1.17.3
       Fresh want v0.3.1
       Fresh system-configuration-sys v0.6.0
       Fresh ctutils v0.4.2
       Fresh rand v0.8.7
       Fresh httparse v1.10.1
       Fresh h2 v0.4.16
       Fresh time v0.3.55
       Fresh paste v1.0.15
       Fresh tinystr v0.8.3
       Fresh core-foundation v0.9.4
       Fresh itertools v0.14.0
       Fresh async-trait v0.1.92
       Fresh litemap v0.8.2
       Fresh writeable v0.6.3
       Fresh mime v0.3.17
       Fresh minimal-lexical v0.2.1
       Fresh httpdate v1.0.3
       Fresh tower-layer v0.3.3
       Fresh phf_generator v0.11.3
       Fresh system-configuration v0.7.0
       Fresh rustls-webpki v0.103.13
       Fresh nom v7.1.3
       Fresh icu_locale_core v2.2.0
       Fresh hyper v1.10.1
       Fresh zerotrie v0.2.4
       Fresh potential_utf v0.1.5
       Fresh form_urlencoded v1.2.2
       Fresh sync_wrapper v1.0.2
       Fresh utf8_iter v1.0.4
       Fresh vcpkg v0.2.15
       Fresh ipnet v2.12.0
       Fresh subtle v2.6.1
       Fresh icu_provider v2.2.0
       Fresh serde_json v1.0.151
       Fresh icu_collections v2.2.0
       Fresh rand_distr v0.5.1
       Fresh http-body-util v0.1.4
       Fresh hashbrown v0.16.1
       Fresh hyper-util v0.1.20
       Fresh rustls v0.23.43
       Fresh unicode-width v0.1.14
       Fresh new_debug_unreachable v1.0.6
       Fresh half v2.7.1
       Fresh icu_properties_data v2.2.0
       Fresh tower v0.5.3
       Fresh icu_normalizer_data v2.2.0
       Fresh string_cache_codegen v0.5.4
       Fresh phf_codegen v0.11.3
       Fresh enum-as-inner v0.6.1
       Fresh pulp-wasm-simd-flag v0.1.1
       Fresh reborrow v0.5.5
       Fresh mac v0.1.1
       Fresh same-file v1.0.6
       Fresh semver v1.0.28
       Fresh dyn-stack-macros v0.1.3
       Fresh icu_normalizer v2.2.0
       Fresh pulp v0.22.3
       Fresh phf_generator v0.13.1
       Fresh crc32fast v1.5.0
       Fresh dyn-stack v0.13.2
       Fresh walkdir v2.5.0
       Fresh futf v0.1.5
       Fresh rustc_version v0.4.1
       Fresh crunchy v0.2.4
       Fresh sysctl v0.6.0
       Fresh tokio-rustls v0.26.4
       Fresh ahash v0.8.12
       Fresh icu_properties v2.2.0
       Fresh serde_urlencoded v0.7.1
       Fresh darling_core v0.20.11
       Fresh darling_core v0.23.0
       Fresh ownedbytes v0.9.0
       Fresh raw-cpuid v11.6.0
       Fresh errno v0.3.14
       Fresh tinyvec_macros v0.1.1
       Fresh seq-macro v0.3.6
       Fresh bytes v1.12.1
       Fresh option-ext v0.2.0
       Fresh precomputed-hash v0.1.1
       Fresh termcolor v1.4.1
       Fresh cxxbridge-flags v1.0.138
       Fresh utf-8 v0.7.6
       Fresh tantivy-common v0.11.0
       Fresh rustix v1.1.4
       Fresh hashbrown v0.15.5
       Fresh gemm-common v0.19.0
       Fresh darling_macro v0.23.0
       Fresh darling_macro v0.20.11
       Fresh string_cache v0.8.9
       Fresh codespan-reporting v0.11.1
       Fresh tendril v0.4.3
       Fresh dirs-sys v0.5.0
       Fresh tinyvec v1.12.0
       Fresh bitpacking v0.9.3
       Fresh getrandom v0.4.3
       Fresh scratch v1.0.9
       Fresh idna_adapter v1.2.2
       Fresh phf_codegen v0.13.1
       Fresh pulldown-cmark v0.13.4
       Fresh phf v0.11.3
       Fresh prost v0.14.4
       Fresh num-integer v0.1.46
       Fresh memmap2 v0.9.11
       Fresh openssl-src v300.6.1+3.6.3
       Fresh regex-automata v0.4.18
       Fresh fixedbitset v0.5.7
       Fresh once_cell v1.21.4
       Fresh rustc-hash v2.1.3
       Fresh utf8-ranges v1.0.5
       Fresh entities v1.0.1
       Fresh hex v0.4.3
       Fresh regex v1.13.1
       Fresh markup5ever v0.12.1
       Fresh petgraph v0.8.3
       Fresh tempfile v3.27.0
       Fresh nestweaver-schema v7.0.0 (/private/var/folders/wy/f399vst543dbrw08w_y3wmh00000gn/T/cargo-mutants-nw-x-PD9tpz.tmp/crates/nestweaver-schema)
       Fresh tantivy-fst v0.5.0
       Fresh pulldown-cmark-to-cmark v22.0.0
       Fresh tantivy-bitpacker v0.10.0
       Fresh typeid v1.0.3
       Fresh unicode-normalization v0.1.25
       Fresh cxx-build v1.0.138
       Fresh dirs v6.0.0
       Fresh idna v1.1.0
       Fresh darling v0.23.0
       Fresh darling v0.20.11
       Fresh axum-core v0.5.6
       Fresh phf_shared v0.13.1
       Fresh serde_path_to_error v0.1.20
       Fresh multimap v0.10.1
       Fresh beef v0.5.2
       Fresh winnow v1.0.4
       Fresh hashbrown v0.14.5
       Fresh unsafe-libyaml v0.2.11
       Fresh log v0.4.33
       Fresh murmurhash32 v0.3.1
       Fresh arrayvec v0.7.8
       Fresh matchit v0.8.4
       Fresh logos-codegen v0.15.1
       Fresh prost-build v0.14.4
       Fresh axum v0.8.9
       Fresh tantivy-stacker v0.7.0
       Fresh toml_parser v1.1.3+spec-1.1.0
       Fresh phf v0.13.1
       Fresh derive_builder_core v0.20.2
       Fresh bon-macros v3.9.3
       Fresh caseless v0.2.2
       Fresh jetscii v0.5.3
       Fresh tantivy-sstable v0.7.0
       Fresh erased-serde v0.4.10
       Fresh portable-atomic v1.14.0
       Fresh num-bigint v0.4.8
       Fresh link-cplusplus v1.0.12
       Fresh uuid v1.24.1
       Fresh tonic-build v0.14.6
       Fresh tokio-stream v0.1.19
       Fresh security-framework-sys v2.17.0
       Fresh core-foundation v0.10.1
       Fresh cxxbridge-macro v1.0.138
       Fresh crossbeam-channel v0.5.16
       Fresh ordered-float v5.3.0
       Fresh rmp v0.8.15
       Fresh pin-project-internal v1.1.13
       Fresh typetag-impl v0.2.23
       Fresh toml_datetime v1.1.1+spec-1.1.0
       Fresh streaming-iterator v0.1.9
       Fresh typed-arena v2.0.2
       Fresh unicode-width v0.2.2
       Fresh downcast-rs v2.0.2
       Fresh bit-vec v0.8.0
       Fresh fastdivide v0.4.2
       Fresh foldhash v0.1.5
       Fresh inventory v0.3.24
       Fresh toml_writer v1.1.2+spec-1.1.0
       Fresh finl_unicode v1.4.0
       Fresh tantivy-columnar v0.7.0
       Fresh bit-set v0.8.0
       Fresh typetag v0.2.23
       Fresh cxx v1.0.138
       Fresh tree-sitter v0.26.12
       Fresh console v0.16.4
       Fresh tantivy-query-grammar v0.26.0
       Fresh rmp-serde v1.3.1
       Fresh pin-project v1.1.13
       Fresh comrak v0.54.0
       Fresh tonic-prost-build v0.14.6
       Fresh security-framework v3.7.0
       Fresh num-rational v0.4.2
       Fresh bon v3.9.3
       Fresh tree-sitter-fortran v0.6.0
       Fresh onig_sys v69.9.3
       Fresh tree-sitter-java v0.23.5
       Fresh derive_builder_macro v0.20.2
       Fresh tree-sitter-powershell v0.26.4
       Fresh tree-sitter-zig v1.1.2
       Fresh html5ever v0.27.0
       Fresh tree-sitter-bash v0.25.1
       Fresh tree-sitter-rust v0.24.2
       Fresh tree-sitter-julia v0.23.1
       Fresh tree-sitter-swift v0.7.3
       Fresh tree-sitter-typescript v0.23.2
       Fresh tree-sitter-kotlin v0.4.0 (https://github.com/fwcd/tree-sitter-kotlin?rev=c8ac3d2627240160b999a2c100de3babbdb8f419#c8ac3d26)
       Fresh tree-sitter-python v0.25.0
       Fresh tree-sitter-c-sharp v0.23.5
       Fresh tree-sitter-groovy v0.1.2
       Fresh tree-sitter-ruby v0.23.1
       Fresh tree-sitter-pascal v0.10.2
       Fresh tree-sitter-go v0.25.0
       Fresh tree-sitter-php v0.24.2
       Fresh tree-sitter-scala v0.26.2
       Fresh tree-sitter-objc v3.0.2
       Fresh rust_decimal v1.42.1
       Fresh tree-sitter-c v0.24.2
       Fresh tree-sitter-cpp v0.23.4
       Fresh tree-sitter-javascript v0.25.0
       Fresh tree-sitter-hcl v1.1.0
       Fresh tree-sitter-elixir v0.3.5
       Fresh tree-sitter-dart v0.2.0
       Fresh logos-derive v0.15.1
       Fresh serde_yaml v0.9.34+deprecated
       Fresh tree-sitter-lua v0.5.0
       Fresh tree-sitter-sequel v0.3.11
       Fresh tree-sitter-systemverilog v0.4.0
       Fresh url v2.5.8
       Fresh xml5ever v0.18.1
       Fresh num-iter v0.1.46
       Fresh hyper-timeout v0.5.2
       Fresh lru v0.16.4
       Fresh fs4 v0.13.1
       Fresh digest v0.11.3
       Fresh castaway v0.2.4
       Fresh arc-swap v1.9.2
       Fresh tantivy-tokenizer-api v0.7.0
       Fresh rust-stemmers v1.2.0
       Fresh sketches-ddsketch v0.4.0
       Fresh ref-cast-impl v1.0.26
       Fresh monostate-impl v0.1.18
       Fresh miette-derive v7.6.0
       Fresh serde_spanned v1.1.1
       Fresh measure_time v0.9.0
       Fresh bstr v1.13.0
       Fresh csv-core v0.1.13
       Fresh glob v0.3.4
       Fresh unicode-segmentation v1.13.3
       Fresh macro_rules_attribute-proc_macro v0.2.2
       Fresh unit-prefix v0.5.2
       Fresh static_assertions v1.1.0
       Fresh arrayref v0.3.9
       Fresh bumpalo v3.20.3
       Fresh htmlescape v0.3.1
       Fresh census v0.4.2
       Fresh lz4_flex v0.13.1
       Fresh text-size v1.1.1
       Fresh base64 v0.13.1
       Fresh rustc-hash v1.1.0
       Fresh constant_time_eq v0.4.2
       Fresh levenshtein_automata v0.2.1
       Fresh countme v3.0.1
       Fresh datasketches v0.2.0
       Fresh oneshot v0.1.13
       Fresh csv v1.4.0
       Fresh macro_rules_attribute v0.2.2
       Fresh nestweaver-parser v7.0.0 (/private/var/folders/wy/f399vst543dbrw08w_y3wmh00000gn/T/cargo-mutants-nw-x-PD9tpz.tmp/crates/nestweaver-parser)
       Fresh rowan v0.16.1
       Fresh blake3 v1.8.6
       Fresh tantivy v0.26.1
       Fresh spm_precompiled v0.1.4
       Fresh compact_str v0.9.1
       Fresh indicatif v0.18.6
       Fresh globset v0.4.20
       Fresh monostate v0.1.18
       Fresh toml v1.1.4+spec-1.1.0
       Fresh ref-cast v1.0.26
       Fresh sha2 v0.11.0
       Fresh miette v7.6.0
       Fresh tower-http v0.6.11
       Fresh tonic v0.14.6
       Fresh logos v0.15.1
       Fresh num v0.4.3
       Fresh markup5ever_rcdom v0.3.0
       Fresh lbug v0.19.1
       Fresh libsqlite3-sys v0.38.2
       Fresh derive_builder v0.20.2
       Fresh rustls-platform-verifier v0.7.0
       Fresh onig v6.5.3
       Fresh esaxx-rs v0.1.10
       Fresh nestweaver-algorithms v7.0.0 (/private/var/folders/wy/f399vst543dbrw08w_y3wmh00000gn/T/cargo-mutants-nw-x-PD9tpz.tmp/crates/nestweaver-algorithms)
       Fresh openssl-sys v0.9.117
       Fresh prost-types v0.14.4
       Fresh gemm-f32 v0.19.0
       Fresh hyper-rustls v0.27.9
       Fresh yasna v0.6.0
       Fresh xattr v1.6.1
       Fresh rayon-cond v0.4.0
       Fresh chacha20 v0.10.1
       Fresh pem v3.0.6
       Fresh dary_heap v0.3.9
       Fresh hashlink v0.12.1
       Fresh lru v0.18.2
       Fresh fsevent-sys v4.1.0
       Fresh notify-types v2.1.0
       Fresh unicode-normalization-alignments v0.1.12
       Fresh filetime v0.2.29
       Fresh encoding_rs v0.8.35
       Fresh fallible-streaming-iterator v0.1.9
       Fresh unicode_categories v0.1.1
       Fresh borrow-or-share v0.2.4
       Fresh fallible-iterator v0.3.0
       Fresh nestweaver-store v7.0.0 (/private/var/folders/wy/f399vst543dbrw08w_y3wmh00000gn/T/cargo-mutants-nw-x-PD9tpz.tmp/crates/nestweaver-store)
       Fresh tar v0.4.46
       Fresh reqwest v0.13.4
       Fresh notify v8.2.0
       Fresh fluent-uri v0.4.1
       Fresh gemm-f16 v0.19.0
       Fresh rand v0.10.2
       Fresh protox-parse v0.9.0
       Fresh rcgen v0.14.9
       Fresh rusqlite v0.40.2
       Fresh fraction v0.15.4
       Fresh tonic-prost v0.14.6
       Fresh html2md v0.2.15
       Fresh apollo-parser v0.8.6
       Fresh ignore v0.4.33
       Fresh mime_guess v2.0.5
       Fresh nestweaver-resolver v7.0.0 (/private/var/folders/wy/f399vst543dbrw08w_y3wmh00000gn/T/cargo-mutants-nw-x-PD9tpz.tmp/crates/nestweaver-resolver)
       Fresh toml_edit v0.25.13+spec-1.1.0
       Fresh serde_yaml_ng v0.10.0
       Fresh shellexpand v3.1.2
       Fresh gemm-f64 v0.19.0
       Fresh gemm-c32 v0.19.0
       Fresh gemm-c64 v0.19.0
       Fresh protobuf-support v3.7.2
       Fresh nestweaver-storage v7.0.0 (/private/var/folders/wy/f399vst543dbrw08w_y3wmh00000gn/T/cargo-mutants-nw-x-PD9tpz.tmp/crates/nestweaver-storage)
       Fresh strum_macros v0.28.0
       Fresh openapiv3 v2.2.0
       Fresh outref v0.5.2
       Fresh typed-path v0.12.3
       Fresh micromap v0.3.0
       Fresh bytecount v0.6.9
       Fresh vsimd v0.8.0
       Fresh num-cmp v0.1.0
       Fresh strum v0.28.0
       Fresh rust-embed-impl v8.12.0
       Fresh nestweaver-engine v7.0.0 (/private/var/folders/wy/f399vst543dbrw08w_y3wmh00000gn/T/cargo-mutants-nw-x-PD9tpz.tmp/crates/nestweaver-engine)
       Fresh gemm v0.19.0
       Fresh referencing v0.49.9
       Fresh protobuf v3.7.2
       Fresh zip v8.6.0
       Fresh nestweaver-proto v7.0.0 (/private/var/folders/wy/f399vst543dbrw08w_y3wmh00000gn/T/cargo-mutants-nw-x-PD9tpz.tmp/crates/nestweaver-proto)
       Fresh uuid-simd v0.8.0
       Fresh jsonschema-value v0.49.9
       Fresh unicode-general-category v1.1.0
       Fresh tokenizers v0.22.2
       Fresh fancy-regex v0.19.0
       Fresh dashmap v6.2.1
       Fresh safetensors v0.8.0
       Fresh rust-embed-utils v8.12.0
       Fresh float8 v0.7.0
       Fresh sharded-slab v0.1.7
       Fresh futures-executor v0.3.34
       Fresh matchers v0.2.0
       Fresh email_address v0.2.9
       Fresh tracing-log v0.2.0
       Fresh num_cpus v1.17.0
       Fresh jsonschema-regex v0.49.9
       Fresh thread_local v1.1.10
       Fresh data-encoding v2.11.0
       Fresh nu-ansi-term v0.50.3
       Fresh rust-embed v8.12.0
       Fresh futures v0.3.34
       Fresh jsonschema v0.49.9
       Fresh candle-core v0.11.0
       Dirty nestweaver-mcp v7.0.0 (/private/var/folders/wy/f399vst543dbrw08w_y3wmh00000gn/T/cargo-mutants-nw-x-PD9tpz.tmp/crates/nestweaver-mcp): the rerun-if-changed instructions changed
   Compiling nestweaver-mcp v7.0.0 (/private/var/folders/wy/f399vst543dbrw08w_y3wmh00000gn/T/cargo-mutants-nw-x-PD9tpz.tmp/crates/nestweaver-mcp)
       Fresh tracing-subscriber v0.3.23
       Fresh prometheus v0.14.0
       Fresh nestweaver-federation v7.0.0 (/private/var/folders/wy/f399vst543dbrw08w_y3wmh00000gn/T/cargo-mutants-nw-x-PD9tpz.tmp/crates/nestweaver-federation)
       Fresh tower-http v0.7.0
       Fresh quanta v0.12.6
       Fresh spinning_top v0.3.0
       Fresh open v5.4.1
       Fresh symlink v0.1.0
     Running `/Users/korykehl/dev/workspaces/nw-x/target/debug/build/nestweaver-mcp-c5b8f5f759c22c60/build-script-build`
       Fresh futures-timer v3.0.4
       Fresh web-time v1.1.0
       Fresh nonzero_ext v0.3.0
       Fresh candle-nn v0.11.0
       Fresh nestweaver-web v7.0.0 (/private/var/folders/wy/f399vst543dbrw08w_y3wmh00000gn/T/cargo-mutants-nw-x-PD9tpz.tmp/crates/nestweaver-web)
       Fresh tracing-appender v0.2.5
       Fresh fancy-regex v0.18.0
       Fresh hmac v0.13.0
       Fresh serde_plain v1.0.2
       Fresh daachorse v1.0.1
       Fresh governor v0.10.4
       Fresh candle-transformers v0.11.0
       Fresh tokenizers v0.23.1
     Running `/Users/korykehl/.rustup/toolchains/stable-aarch64-apple-darwin/bin/rustc --crate-name nestweaver_mcp --edition=2024 crates/nestweaver-mcp/src/lib.rs --error-format=json --json=diagnostic-rendered-ansi,artifacts,future-incompat --crate-type lib --emit=dep-info,metadata,link -C embed-bitcode=no -C debuginfo=2 -C split-debuginfo=unpacked --cfg 'feature="daemon"' --check-cfg 'cfg(docsrs,test)' --check-cfg 'cfg(feature, values("daemon", "embed"))' -C metadata=9cb856e882abc8db -C extra-filename=-7dc490ff0c2fee5b --out-dir /Users/korykehl/dev/workspaces/nw-x/target/debug/deps -C incremental=/Users/korykehl/dev/workspaces/nw-x/target/debug/incremental -L dependency=/Users/korykehl/dev/workspaces/nw-x/target/debug/deps --extern anyhow=/Users/korykehl/dev/workspaces/nw-x/target/debug/deps/libanyhow-64831d38ed31fe0c.rmeta --extern axum=/Users/korykehl/dev/workspaces/nw-x/target/debug/deps/libaxum-9ea3eb39037e12c3.rmeta --extern dashmap=/Users/korykehl/dev/workspaces/nw-x/target/debug/deps/libdashmap-082b205d25a00b46.rmeta --extern dirs=/Users/korykehl/dev/workspaces/nw-x/target/debug/deps/libdirs-b70caba85f76d53e.rmeta --extern hyper_util=/Users/korykehl/dev/workspaces/nw-x/target/debug/deps/libhyper_util-fbbead9c23b7caa9.rmeta --extern jsonschema=/Users/korykehl/dev/workspaces/nw-x/target/debug/deps/libjsonschema-5c9c92a53d949f0b.rmeta --extern libc=/Users/korykehl/dev/workspaces/nw-x/target/debug/deps/liblibc-efbcba732f888a3d.rmeta --extern nestweaver_engine=/Users/korykehl/dev/workspaces/nw-x/target/debug/deps/libnestweaver_engine-11c6333a7f811621.rmeta --extern nestweaver_federation=/Users/korykehl/dev/workspaces/nw-x/target/debug/deps/libnestweaver_federation-19bd16addaed58e4.rmeta --extern nestweaver_proto=/Users/korykehl/dev/workspaces/nw-x/target/debug/deps/libnestweaver_proto-8226c9b806b67345.rmeta --extern nestweaver_schema=/Users/korykehl/dev/workspaces/nw-x/target/debug/deps/libnestweaver_schema-85f814ab3a400b43.rmeta --extern nestweaver_store=/Users/korykehl/dev/workspaces/nw-x/target/debug/deps/libnestweaver_store-79e252c28bc659ba.rmeta --extern serde=/Users/korykehl/dev/workspaces/nw-x/target/debug/deps/libserde-6be3bd885dc1796f.rmeta --extern serde_json=/Users/korykehl/dev/workspaces/nw-x/target/debug/deps/libserde_json-533f344c4d340a25.rmeta --extern sha2=/Users/korykehl/dev/workspaces/nw-x/target/debug/deps/libsha2-129f6766a5de7bd8.rmeta --extern subtle=/Users/korykehl/dev/workspaces/nw-x/target/debug/deps/libsubtle-2c14c157aaacba62.rmeta --extern thiserror=/Users/korykehl/dev/workspaces/nw-x/target/debug/deps/libthiserror-29a3536a50db9dbc.rmeta --extern tokio=/Users/korykehl/dev/workspaces/nw-x/target/debug/deps/libtokio-75b377799b8d4e93.rmeta --extern tokio_stream=/Users/korykehl/dev/workspaces/nw-x/target/debug/deps/libtokio_stream-83d0c8ac3d508350.rmeta --extern tonic=/Users/korykehl/dev/workspaces/nw-x/target/debug/deps/libtonic-84a83939f0c4e330.rmeta --extern tower=/Users/korykehl/dev/workspaces/nw-x/target/debug/deps/libtower-25feb7d5282c055d.rmeta --extern tracing=/Users/korykehl/dev/workspaces/nw-x/target/debug/deps/libtracing-4afaa3a7db9bcab2.rmeta --extern uuid=/Users/korykehl/dev/workspaces/nw-x/target/debug/deps/libuuid-2d23766b4fb0e6ab.rmeta -L native=/Users/korykehl/dev/workspaces/nw-x/target/debug/build/blake3-127749bcfb23fbc2/out -L native=/Users/korykehl/dev/workspaces/nw-x/target/debug/build/tree-sitter-39b3d2e2cd269c16/out -L native=/Users/korykehl/dev/workspaces/nw-x/target/debug/build/tree-sitter-bash-143f27fc69c483f0/out -L native=/Users/korykehl/dev/workspaces/nw-x/target/debug/build/tree-sitter-c-46795dc5a2f539bd/out -L native=/Users/korykehl/dev/workspaces/nw-x/target/debug/build/tree-sitter-c-sharp-3bb886feb1526c76/out -L native=/Users/korykehl/dev/workspaces/nw-x/target/debug/build/tree-sitter-cpp-3d6e2c73aae7cf28/out -L native=/Users/korykehl/dev/workspaces/nw-x/target/debug/build/tree-sitter-dart-926e1e1861be6adb/out -L native=/Users/korykehl/dev/workspaces/nw-x/target/debug/build/tree-sitter-elixir-9cb43401d1b37cee/out -L native=/Users/korykehl/dev/workspaces/nw-x/target/debug/build/tree-sitter-fortran-a8b4e4c6e334eb53/out -L native=/Users/korykehl/dev/workspaces/nw-x/target/debug/build/tree-sitter-go-8a9370e889d5aadf/out -L native=/Users/korykehl/dev/workspaces/nw-x/target/debug/build/tree-sitter-groovy-0ac1378b2790a6f7/out -L native=/Users/korykehl/dev/workspaces/nw-x/target/debug/build/tree-sitter-hcl-38b42a6e614ca3ca/out -L native=/Users/korykehl/dev/workspaces/nw-x/target/debug/build/tree-sitter-java-5cdb08c266bc8900/out -L native=/Users/korykehl/dev/workspaces/nw-x/target/debug/build/tree-sitter-javascript-8ec83748eec90cd1/out -L native=/Users/korykehl/dev/workspaces/nw-x/target/debug/build/tree-sitter-julia-299596747b4a54eb/out -L native=/Users/korykehl/dev/workspaces/nw-x/target/debug/build/tree-sitter-kotlin-93b72e297b6aad20/out -L native=/Users/korykehl/dev/workspaces/nw-x/target/debug/build/tree-sitter-lua-1cdd1faedca755e4/out -L native=/Users/korykehl/dev/workspaces/nw-x/target/debug/build/tree-sitter-objc-254238839033f6a7/out -L native=/Users/korykehl/dev/workspaces/nw-x/target/debug/build/tree-sitter-pascal-7f16d3c6f300aeac/out -L native=/Users/korykehl/dev/workspaces/nw-x/target/debug/build/tree-sitter-php-278fc7c5ed31e0b7/out -L native=/Users/korykehl/dev/workspaces/nw-x/target/debug/build/tree-sitter-powershell-7b399c081d0b1ebe/out -L native=/Users/korykehl/dev/workspaces/nw-x/target/debug/build/tree-sitter-python-fd57720a4cab0447/out -L native=/Users/korykehl/dev/workspaces/nw-x/target/debug/build/tree-sitter-ruby-4635c5ff3252cec5/out -L native=/Users/korykehl/dev/workspaces/nw-x/target/debug/build/tree-sitter-rust-dbf45214d13e8ed6/out -L native=/Users/korykehl/dev/workspaces/nw-x/target/debug/build/tree-sitter-scala-af4bb5d5073a57d7/out -L native=/Users/korykehl/dev/workspaces/nw-x/target/debug/build/tree-sitter-sequel-abc682b04dcd1310/out -L native=/Users/korykehl/dev/workspaces/nw-x/target/debug/build/tree-sitter-swift-5f0303fff5b2d6bd/out -L native=/Users/korykehl/dev/workspaces/nw-x/target/debug/build/tree-sitter-systemverilog-e937fc10f477ec81/out -L native=/Users/korykehl/dev/workspaces/nw-x/target/debug/build/tree-sitter-typescript-9a27c8180497644b/out -L native=/Users/korykehl/dev/workspaces/nw-x/target/debug/build/tree-sitter-zig-3d0eb03c9af77ae7/out -L native=/Users/korykehl/dev/workspaces/nw-x/target/debug/build/lbug-7c53829992bb23df/out/build/src -L native=/Users/korykehl/dev/workspaces/nw-x/target/debug/build/lbug-7c53829992bb23df/out -L native=/Users/korykehl/dev/workspaces/nw-x/target/debug/build/cxx-afe2b6c14865889e/out -L native=/Users/korykehl/dev/workspaces/nw-x/target/debug/build/link-cplusplus-e4e0cd386310c112/out -L native=/Users/korykehl/dev/workspaces/nw-x/target/debug/build/openssl-sys-0c8fbbc8c4b6e0a7/out/openssl-build/install/lib -L native=/Users/korykehl/dev/workspaces/nw-x/target/debug/build/ring-a1433c24f165249e/out -L native=/Users/korykehl/dev/workspaces/nw-x/target/debug/build/aws-lc-sys-215f2bcb03737f48/out -L native=/Users/korykehl/dev/workspaces/nw-x/target/debug/build/libsqlite3-sys-413d1159b408846c/out`
       Dirty nestweaver-daemon v7.0.0 (/private/var/folders/wy/f399vst543dbrw08w_y3wmh00000gn/T/cargo-mutants-nw-x-PD9tpz.tmp/crates/nestweaver-daemon): info of dependency `nestweaver-mcp` changed
   Compiling nestweaver-daemon v7.0.0 (/private/var/folders/wy/f399vst543dbrw08w_y3wmh00000gn/T/cargo-mutants-nw-x-PD9tpz.tmp/crates/nestweaver-daemon)
     Running `/Users/korykehl/.rustup/toolchains/stable-aarch64-apple-darwin/bin/rustc --crate-name nestweaver_daemon --edition=2024 crates/nestweaver-daemon/src/lib.rs --error-format=json --json=diagnostic-rendered-ansi,artifacts,future-incompat --crate-type lib --emit=dep-info,metadata,link -C embed-bitcode=no -C debuginfo=2 -C split-debuginfo=unpacked --check-cfg 'cfg(docsrs,test)' --check-cfg 'cfg(feature, values("acme", "embed", "metal"))' -C metadata=8283097743239e7e -C extra-filename=-ef099a076611b955 --out-dir /Users/korykehl/dev/workspaces/nw-x/target/debug/deps -C incremental=/Users/korykehl/dev/workspaces/nw-x/target/debug/incremental -L dependency=/Users/korykehl/dev/workspaces/nw-x/target/debug/deps --extern anyhow=/Users/korykehl/dev/workspaces/nw-x/target/debug/deps/libanyhow-64831d38ed31fe0c.rmeta --extern axum=/Users/korykehl/dev/workspaces/nw-x/target/debug/deps/libaxum-9ea3eb39037e12c3.rmeta --extern dirs=/Users/korykehl/dev/workspaces/nw-x/target/debug/deps/libdirs-b70caba85f76d53e.rmeta --extern futures=/Users/korykehl/dev/workspaces/nw-x/target/debug/deps/libfutures-7a3c16ce76753655.rmeta --extern governor=/Users/korykehl/dev/workspaces/nw-x/target/debug/deps/libgovernor-14ae007c873882c8.rmeta --extern hex=/Users/korykehl/dev/workspaces/nw-x/target/debug/deps/libhex-ce021e0d3a439a1a.rmeta --extern hmac=/Users/korykehl/dev/workspaces/nw-x/target/debug/deps/libhmac-5e8c78b3310dc6da.rmeta --extern hyper_util=/Users/korykehl/dev/workspaces/nw-x/target/debug/deps/libhyper_util-fbbead9c23b7caa9.rmeta --extern libc=/Users/korykehl/dev/workspaces/nw-x/target/debug/deps/liblibc-efbcba732f888a3d.rmeta --extern nestweaver_engine=/Users/korykehl/dev/workspaces/nw-x/target/debug/deps/libnestweaver_engine-11c6333a7f811621.rmeta --extern nestweaver_mcp=/Users/korykehl/dev/workspaces/nw-x/target/debug/deps/libnestweaver_mcp-7dc490ff0c2fee5b.rmeta --extern nestweaver_parser=/Users/korykehl/dev/workspaces/nw-x/target/debug/deps/libnestweaver_parser-d0ac06111cf98dab.rmeta --extern nestweaver_proto=/Users/korykehl/dev/workspaces/nw-x/target/debug/deps/libnestweaver_proto-8226c9b806b67345.rmeta --extern nestweaver_schema=/Users/korykehl/dev/workspaces/nw-x/target/debug/deps/libnestweaver_schema-85f814ab3a400b43.rmeta --extern nestweaver_store=/Users/korykehl/dev/workspaces/nw-x/target/debug/deps/libnestweaver_store-79e252c28bc659ba.rmeta --extern nestweaver_web=/Users/korykehl/dev/workspaces/nw-x/target/debug/deps/libnestweaver_web-a2146802b159c5f2.rmeta --extern prost=/Users/korykehl/dev/workspaces/nw-x/target/debug/deps/libprost-2e75f999483b913b.rmeta --extern rmp_serde=/Users/korykehl/dev/workspaces/nw-x/target/debug/deps/librmp_serde-982a30055768ef5c.rmeta --extern rustls=/Users/korykehl/dev/workspaces/nw-x/target/debug/deps/librustls-2bea3a1816b4b643.rmeta --extern serde=/Users/korykehl/dev/workspaces/nw-x/target/debug/deps/libserde-6be3bd885dc1796f.rmeta --extern serde_json=/Users/korykehl/dev/workspaces/nw-x/target/debug/deps/libserde_json-533f344c4d340a25.rmeta --extern sha2=/Users/korykehl/dev/workspaces/nw-x/target/debug/deps/libsha2-129f6766a5de7bd8.rmeta --extern subtle=/Users/korykehl/dev/workspaces/nw-x/target/debug/deps/libsubtle-2c14c157aaacba62.rmeta --extern tokio=/Users/korykehl/dev/workspaces/nw-x/target/debug/deps/libtokio-75b377799b8d4e93.rmeta --extern tokio_rustls=/Users/korykehl/dev/workspaces/nw-x/target/debug/deps/libtokio_rustls-2b0bc394b98060d5.rmeta --extern tokio_stream=/Users/korykehl/dev/workspaces/nw-x/target/debug/deps/libtokio_stream-83d0c8ac3d508350.rmeta --extern tokio_util=/Users/korykehl/dev/workspaces/nw-x/target/debug/deps/libtokio_util-7dddb439a9b0f9b5.rmeta --extern tonic=/Users/korykehl/dev/workspaces/nw-x/target/debug/deps/libtonic-84a83939f0c4e330.rmeta --extern tower=/Users/korykehl/dev/workspaces/nw-x/target/debug/deps/libtower-25feb7d5282c055d.rmeta --extern tower_http=/Users/korykehl/dev/workspaces/nw-x/target/debug/deps/libtower_http-de13149314bd8523.rmeta --extern tracing=/Users/korykehl/dev/workspaces/nw-x/target/debug/deps/libtracing-4afaa3a7db9bcab2.rmeta --extern tracing_appender=/Users/korykehl/dev/workspaces/nw-x/target/debug/deps/libtracing_appender-931ac72b1000cffd.rmeta --extern tracing_subscriber=/Users/korykehl/dev/workspaces/nw-x/target/debug/deps/libtracing_subscriber-6cb94e3f3ead8a0c.rmeta -L native=/Users/korykehl/dev/workspaces/nw-x/target/debug/build/blake3-127749bcfb23fbc2/out -L native=/Users/korykehl/dev/workspaces/nw-x/target/debug/build/tree-sitter-39b3d2e2cd269c16/out -L native=/Users/korykehl/dev/workspaces/nw-x/target/debug/build/tree-sitter-bash-143f27fc69c483f0/out -L native=/Users/korykehl/dev/workspaces/nw-x/target/debug/build/tree-sitter-c-46795dc5a2f539bd/out -L native=/Users/korykehl/dev/workspaces/nw-x/target/debug/build/tree-sitter-c-sharp-3bb886feb1526c76/out -L native=/Users/korykehl/dev/workspaces/nw-x/target/debug/build/tree-sitter-cpp-3d6e2c73aae7cf28/out -L native=/Users/korykehl/dev/workspaces/nw-x/target/debug/build/tree-sitter-dart-926e1e1861be6adb/out -L native=/Users/korykehl/dev/workspaces/nw-x/target/debug/build/tree-sitter-elixir-9cb43401d1b37cee/out -L native=/Users/korykehl/dev/workspaces/nw-x/target/debug/build/tree-sitter-fortran-a8b4e4c6e334eb53/out -L native=/Users/korykehl/dev/workspaces/nw-x/target/debug/build/tree-sitter-go-8a9370e889d5aadf/out -L native=/Users/korykehl/dev/workspaces/nw-x/target/debug/build/tree-sitter-groovy-0ac1378b2790a6f7/out -L native=/Users/korykehl/dev/workspaces/nw-x/target/debug/build/tree-sitter-hcl-38b42a6e614ca3ca/out -L native=/Users/korykehl/dev/workspaces/nw-x/target/debug/build/tree-sitter-java-5cdb08c266bc8900/out -L native=/Users/korykehl/dev/workspaces/nw-x/target/debug/build/tree-sitter-javascript-8ec83748eec90cd1/out -L native=/Users/korykehl/dev/workspaces/nw-x/target/debug/build/tree-sitter-julia-299596747b4a54eb/out -L native=/Users/korykehl/dev/workspaces/nw-x/target/debug/build/tree-sitter-kotlin-93b72e297b6aad20/out -L native=/Users/korykehl/dev/workspaces/nw-x/target/debug/build/tree-sitter-lua-1cdd1faedca755e4/out -L native=/Users/korykehl/dev/workspaces/nw-x/target/debug/build/tree-sitter-objc-254238839033f6a7/out -L native=/Users/korykehl/dev/workspaces/nw-x/target/debug/build/tree-sitter-pascal-7f16d3c6f300aeac/out -L native=/Users/korykehl/dev/workspaces/nw-x/target/debug/build/tree-sitter-php-278fc7c5ed31e0b7/out -L native=/Users/korykehl/dev/workspaces/nw-x/target/debug/build/tree-sitter-powershell-7b399c081d0b1ebe/out -L native=/Users/korykehl/dev/workspaces/nw-x/target/debug/build/tree-sitter-python-fd57720a4cab0447/out -L native=/Users/korykehl/dev/workspaces/nw-x/target/debug/build/tree-sitter-ruby-4635c5ff3252cec5/out -L native=/Users/korykehl/dev/workspaces/nw-x/target/debug/build/tree-sitter-rust-dbf45214d13e8ed6/out -L native=/Users/korykehl/dev/workspaces/nw-x/target/debug/build/tree-sitter-scala-af4bb5d5073a57d7/out -L native=/Users/korykehl/dev/workspaces/nw-x/target/debug/build/tree-sitter-sequel-abc682b04dcd1310/out -L native=/Users/korykehl/dev/workspaces/nw-x/target/debug/build/tree-sitter-swift-5f0303fff5b2d6bd/out -L native=/Users/korykehl/dev/workspaces/nw-x/target/debug/build/tree-sitter-systemverilog-e937fc10f477ec81/out -L native=/Users/korykehl/dev/workspaces/nw-x/target/debug/build/tree-sitter-typescript-9a27c8180497644b/out -L native=/Users/korykehl/dev/workspaces/nw-x/target/debug/build/tree-sitter-zig-3d0eb03c9af77ae7/out -L native=/Users/korykehl/dev/workspaces/nw-x/target/debug/build/lbug-7c53829992bb23df/out/build/src -L native=/Users/korykehl/dev/workspaces/nw-x/target/debug/build/lbug-7c53829992bb23df/out -L native=/Users/korykehl/dev/workspaces/nw-x/target/debug/build/cxx-afe2b6c14865889e/out -L native=/Users/korykehl/dev/workspaces/nw-x/target/debug/build/link-cplusplus-e4e0cd386310c112/out -L native=/Users/korykehl/dev/workspaces/nw-x/target/debug/build/openssl-sys-0c8fbbc8c4b6e0a7/out/openssl-build/install/lib -L native=/Users/korykehl/dev/workspaces/nw-x/target/debug/build/ring-a1433c24f165249e/out -L native=/Users/korykehl/dev/workspaces/nw-x/target/debug/build/aws-lc-sys-215f2bcb03737f48/out -L native=/Users/korykehl/dev/workspaces/nw-x/target/debug/build/libsqlite3-sys-413d1159b408846c/out`
     Running `/Users/korykehl/.rustup/toolchains/stable-aarch64-apple-darwin/bin/rustc --crate-name nestweaver_daemon --edition=2024 crates/nestweaver-daemon/src/lib.rs --error-format=json --json=diagnostic-rendered-ansi,artifacts,future-incompat --emit=dep-info,link -C embed-bitcode=no -C debuginfo=2 -C split-debuginfo=unpacked --test --check-cfg 'cfg(docsrs,test)' --check-cfg 'cfg(feature, values("acme", "embed", "metal"))' -C metadata=a37691e794b81419 -C extra-filename=-9a2e6449501a9e51 --out-dir /Users/korykehl/dev/workspaces/nw-x/target/debug/deps -C incremental=/Users/korykehl/dev/workspaces/nw-x/target/debug/incremental -L dependency=/Users/korykehl/dev/workspaces/nw-x/target/debug/deps --extern anyhow=/Users/korykehl/dev/workspaces/nw-x/target/debug/deps/libanyhow-64831d38ed31fe0c.rlib --extern axum=/Users/korykehl/dev/workspaces/nw-x/target/debug/deps/libaxum-9ea3eb39037e12c3.rlib --extern candle_core=/Users/korykehl/dev/workspaces/nw-x/target/debug/deps/libcandle_core-9a3e956d7ab646ef.rlib --extern candle_nn=/Users/korykehl/dev/workspaces/nw-x/target/debug/deps/libcandle_nn-9ff26b062331252a.rlib --extern candle_transformers=/Users/korykehl/dev/workspaces/nw-x/target/debug/deps/libcandle_transformers-ededaf09d51d381b.rlib --extern dirs=/Users/korykehl/dev/workspaces/nw-x/target/debug/deps/libdirs-b70caba85f76d53e.rlib --extern futures=/Users/korykehl/dev/workspaces/nw-x/target/debug/deps/libfutures-7a3c16ce76753655.rlib --extern governor=/Users/korykehl/dev/workspaces/nw-x/target/debug/deps/libgovernor-14ae007c873882c8.rlib --extern hex=/Users/korykehl/dev/workspaces/nw-x/target/debug/deps/libhex-ce021e0d3a439a1a.rlib --extern hmac=/Users/korykehl/dev/workspaces/nw-x/target/debug/deps/libhmac-5e8c78b3310dc6da.rlib --extern hyper_util=/Users/korykehl/dev/workspaces/nw-x/target/debug/deps/libhyper_util-fbbead9c23b7caa9.rlib --extern libc=/Users/korykehl/dev/workspaces/nw-x/target/debug/deps/liblibc-efbcba732f888a3d.rlib --extern nestweaver_engine=/Users/korykehl/dev/workspaces/nw-x/target/debug/deps/libnestweaver_engine-11c6333a7f811621.rlib --extern nestweaver_mcp=/Users/korykehl/dev/workspaces/nw-x/target/debug/deps/libnestweaver_mcp-7dc490ff0c2fee5b.rlib --extern nestweaver_parser=/Users/korykehl/dev/workspaces/nw-x/target/debug/deps/libnestweaver_parser-d0ac06111cf98dab.rlib --extern nestweaver_proto=/Users/korykehl/dev/workspaces/nw-x/target/debug/deps/libnestweaver_proto-8226c9b806b67345.rlib --extern nestweaver_schema=/Users/korykehl/dev/workspaces/nw-x/target/debug/deps/libnestweaver_schema-85f814ab3a400b43.rlib --extern nestweaver_store=/Users/korykehl/dev/workspaces/nw-x/target/debug/deps/libnestweaver_store-79e252c28bc659ba.rlib --extern nestweaver_web=/Users/korykehl/dev/workspaces/nw-x/target/debug/deps/libnestweaver_web-a2146802b159c5f2.rlib --extern prost=/Users/korykehl/dev/workspaces/nw-x/target/debug/deps/libprost-2e75f999483b913b.rlib --extern rmp_serde=/Users/korykehl/dev/workspaces/nw-x/target/debug/deps/librmp_serde-982a30055768ef5c.rlib --extern rustls=/Users/korykehl/dev/workspaces/nw-x/target/debug/deps/librustls-2bea3a1816b4b643.rlib --extern serde=/Users/korykehl/dev/workspaces/nw-x/target/debug/deps/libserde-6be3bd885dc1796f.rlib --extern serde_json=/Users/korykehl/dev/workspaces/nw-x/target/debug/deps/libserde_json-533f344c4d340a25.rlib --extern sha2=/Users/korykehl/dev/workspaces/nw-x/target/debug/deps/libsha2-129f6766a5de7bd8.rlib --extern subtle=/Users/korykehl/dev/workspaces/nw-x/target/debug/deps/libsubtle-2c14c157aaacba62.rlib --extern tempfile=/Users/korykehl/dev/workspaces/nw-x/target/debug/deps/libtempfile-ddf3a3cadb9f75c3.rlib --extern tokenizers=/Users/korykehl/dev/workspaces/nw-x/target/debug/deps/libtokenizers-159b040b13093fba.rlib --extern tokio=/Users/korykehl/dev/workspaces/nw-x/target/debug/deps/libtokio-75b377799b8d4e93.rlib --extern tokio_rustls=/Users/korykehl/dev/workspaces/nw-x/target/debug/deps/libtokio_rustls-2b0bc394b98060d5.rlib --extern tokio_stream=/Users/korykehl/dev/workspaces/nw-x/target/debug/deps/libtokio_stream-83d0c8ac3d508350.rlib --extern tokio_util=/Users/korykehl/dev/workspaces/nw-x/target/debug/deps/libtokio_util-7dddb439a9b0f9b5.rlib --extern tonic=/Users/korykehl/dev/workspaces/nw-x/target/debug/deps/libtonic-84a83939f0c4e330.rlib --extern tower=/Users/korykehl/dev/workspaces/nw-x/target/debug/deps/libtower-25feb7d5282c055d.rlib --extern tower_http=/Users/korykehl/dev/workspaces/nw-x/target/debug/deps/libtower_http-de13149314bd8523.rlib --extern tracing=/Users/korykehl/dev/workspaces/nw-x/target/debug/deps/libtracing-4afaa3a7db9bcab2.rlib --extern tracing_appender=/Users/korykehl/dev/workspaces/nw-x/target/debug/deps/libtracing_appender-931ac72b1000cffd.rlib --extern tracing_subscriber=/Users/korykehl/dev/workspaces/nw-x/target/debug/deps/libtracing_subscriber-6cb94e3f3ead8a0c.rlib -L native=/Users/korykehl/dev/workspaces/nw-x/target/debug/build/esaxx-rs-8018ba1fe8dc6859/out -L native=/Users/korykehl/dev/workspaces/nw-x/target/debug/build/onig_sys-9e593e59ac7defa7/out -L native=/Users/korykehl/dev/workspaces/nw-x/target/debug/build/blake3-127749bcfb23fbc2/out -L native=/Users/korykehl/dev/workspaces/nw-x/target/debug/build/tree-sitter-39b3d2e2cd269c16/out -L native=/Users/korykehl/dev/workspaces/nw-x/target/debug/build/tree-sitter-bash-143f27fc69c483f0/out -L native=/Users/korykehl/dev/workspaces/nw-x/target/debug/build/tree-sitter-c-46795dc5a2f539bd/out -L native=/Users/korykehl/dev/workspaces/nw-x/target/debug/build/tree-sitter-c-sharp-3bb886feb1526c76/out -L native=/Users/korykehl/dev/workspaces/nw-x/target/debug/build/tree-sitter-cpp-3d6e2c73aae7cf28/out -L native=/Users/korykehl/dev/workspaces/nw-x/target/debug/build/tree-sitter-dart-926e1e1861be6adb/out -L native=/Users/korykehl/dev/workspaces/nw-x/target/debug/build/tree-sitter-elixir-9cb43401d1b37cee/out -L native=/Users/korykehl/dev/workspaces/nw-x/target/debug/build/tree-sitter-fortran-a8b4e4c6e334eb53/out -L native=/Users/korykehl/dev/workspaces/nw-x/target/debug/build/tree-sitter-go-8a9370e889d5aadf/out -L native=/Users/korykehl/dev/workspaces/nw-x/target/debug/build/tree-sitter-groovy-0ac1378b2790a6f7/out -L native=/Users/korykehl/dev/workspaces/nw-x/target/debug/build/tree-sitter-hcl-38b42a6e614ca3ca/out -L native=/Users/korykehl/dev/workspaces/nw-x/target/debug/build/tree-sitter-java-5cdb08c266bc8900/out -L native=/Users/korykehl/dev/workspaces/nw-x/target/debug/build/tree-sitter-javascript-8ec83748eec90cd1/out -L native=/Users/korykehl/dev/workspaces/nw-x/target/debug/build/tree-sitter-julia-299596747b4a54eb/out -L native=/Users/korykehl/dev/workspaces/nw-x/target/debug/build/tree-sitter-kotlin-93b72e297b6aad20/out -L native=/Users/korykehl/dev/workspaces/nw-x/target/debug/build/tree-sitter-lua-1cdd1faedca755e4/out -L native=/Users/korykehl/dev/workspaces/nw-x/target/debug/build/tree-sitter-objc-254238839033f6a7/out -L native=/Users/korykehl/dev/workspaces/nw-x/target/debug/build/tree-sitter-pascal-7f16d3c6f300aeac/out -L native=/Users/korykehl/dev/workspaces/nw-x/target/debug/build/tree-sitter-php-278fc7c5ed31e0b7/out -L native=/Users/korykehl/dev/workspaces/nw-x/target/debug/build/tree-sitter-powershell-7b399c081d0b1ebe/out -L native=/Users/korykehl/dev/workspaces/nw-x/target/debug/build/tree-sitter-python-fd57720a4cab0447/out -L native=/Users/korykehl/dev/workspaces/nw-x/target/debug/build/tree-sitter-ruby-4635c5ff3252cec5/out -L native=/Users/korykehl/dev/workspaces/nw-x/target/debug/build/tree-sitter-rust-dbf45214d13e8ed6/out -L native=/Users/korykehl/dev/workspaces/nw-x/target/debug/build/tree-sitter-scala-af4bb5d5073a57d7/out -L native=/Users/korykehl/dev/workspaces/nw-x/target/debug/build/tree-sitter-sequel-abc682b04dcd1310/out -L native=/Users/korykehl/dev/workspaces/nw-x/target/debug/build/tree-sitter-swift-5f0303fff5b2d6bd/out -L native=/Users/korykehl/dev/workspaces/nw-x/target/debug/build/tree-sitter-systemverilog-e937fc10f477ec81/out -L native=/Users/korykehl/dev/workspaces/nw-x/target/debug/build/tree-sitter-typescript-9a27c8180497644b/out -L native=/Users/korykehl/dev/workspaces/nw-x/target/debug/build/tree-sitter-zig-3d0eb03c9af77ae7/out -L native=/Users/korykehl/dev/workspaces/nw-x/target/debug/build/lbug-7c53829992bb23df/out/build/src -L native=/Users/korykehl/dev/workspaces/nw-x/target/debug/build/lbug-7c53829992bb23df/out -L native=/Users/korykehl/dev/workspaces/nw-x/target/debug/build/cxx-afe2b6c14865889e/out -L native=/Users/korykehl/dev/workspaces/nw-x/target/debug/build/link-cplusplus-e4e0cd386310c112/out -L native=/Users/korykehl/dev/workspaces/nw-x/target/debug/build/openssl-sys-0c8fbbc8c4b6e0a7/out/openssl-build/install/lib -L native=/Users/korykehl/dev/workspaces/nw-x/target/debug/build/ring-a1433c24f165249e/out -L native=/Users/korykehl/dev/workspaces/nw-x/target/debug/build/aws-lc-sys-215f2bcb03737f48/out -L native=/Users/korykehl/dev/workspaces/nw-x/target/debug/build/libsqlite3-sys-413d1159b408846c/out`
warning: unused variable: `parent`
  --> crates/nestweaver-daemon/src/lifecycle.rs:44:31
   |
44 | fn effective_config_temp_path(parent: &Path, sequence: u64) -> PathBuf {
   |                               ^^^^^^ help: if this is intentional, prefix it with an underscore: `_parent`
   |
   = note: `#[warn(unused_variables)]` (part of `#[warn(unused)]`) on by default

warning: unused variable: `sequence`
  --> crates/nestweaver-daemon/src/lifecycle.rs:44:46
   |
44 | fn effective_config_temp_path(parent: &Path, sequence: u64) -> PathBuf {
   |                                              ^^^^^^^^ help: if this is intentional, prefix it with an underscore: `_sequence`

warning: methods `set_total`, `advance`, and `processed` are never used
   --> crates/nestweaver-daemon/src/server.rs:408:8
    |
367 | impl EmbedProgress {
    | ------------------ methods in this implementation
...
408 |     fn set_total(&self, total: u64) {
    |        ^^^^^^^^^
...
414 |     fn advance(&self, by: u64) {
    |        ^^^^^^^
...
420 |     fn processed(&self) -> u64 {
    |        ^^^^^^^^^
    |
    = note: `#[warn(dead_code)]` (part of `#[warn(unused)]`) on by default

warning: methods `set_total`, `advance`, `processed`, and `reports` are never used
   --> crates/nestweaver-daemon/src/server.rs:458:8
    |
457 | impl EmbedProgressGuard {
    | ----------------------- methods in this implementation
458 |     fn set_total(&self, total: u64) {
    |        ^^^^^^^^^
...
464 |     fn advance(&self, by: u64) {
    |        ^^^^^^^
...
470 |     fn processed(&self) -> u64 {
    |        ^^^^^^^^^
...
475 |     fn reports(&self) -> bool {
    |        ^^^^^^^

warning: method `processed` is never used
   --> crates/nestweaver-daemon/src/server.rs:420:8
    |
367 | impl EmbedProgress {
    | ------------------ method in this implementation
...
420 |     fn processed(&self) -> u64 {
    |        ^^^^^^^^^
    |
    = note: `#[warn(dead_code)]` (part of `#[warn(unused)]`) on by default

warning: method `processed` is never used
   --> crates/nestweaver-daemon/src/server.rs:470:8
    |
457 | impl EmbedProgressGuard {
    | ----------------------- method in this implementation
...
470 |     fn processed(&self) -> u64 {
    |        ^^^^^^^^^

warning: `nestweaver-daemon` (lib) generated 4 warnings (run `cargo fix --lib -p nestweaver-daemon` to apply 2 suggestions)
warning: `nestweaver-daemon` (lib test) generated 4 warnings (2 duplicates)
    Finished `test` profile [unoptimized + debuginfo] target(s) in 1m 41s
  Executable `/Users/korykehl/dev/workspaces/nw-x/target/debug/deps/nestweaver_daemon-9a2e6449501a9e51`

*** result: Success

*** /Users/korykehl/.rustup/toolchains/stable-aarch64-apple-darwin/bin/cargo test --verbose --package=nestweaver-daemon@7.0.0
    Blocking waiting for file lock on build directory
       Fresh unicode-ident v1.0.24
       Fresh find-msvc-tools v0.1.9
       Fresh shlex v2.0.1
       Fresh cfg-if v1.0.4
       Fresh memchr v2.8.3
       Fresh libc v0.2.189
       Fresh equivalent v1.0.2
       Fresh bitflags v2.13.1
       Fresh smallvec v1.15.2
       Fresh itoa v1.0.18
       Fresh regex-syntax v0.8.11
       Fresh proc-macro2 v1.0.107
       Fresh jobserver v0.1.35
       Fresh allocator-api2 v0.2.21
       Fresh foldhash v0.2.0
       Fresh autocfg v1.5.1
       Fresh pin-project-lite v0.2.17
       Fresh pkg-config v0.3.33
       Fresh tree-sitter-language v0.1.7
       Fresh quote v1.0.47
       Fresh cc v1.2.67
       Fresh scopeguard v1.2.0
       Fresh fnv v1.0.7
       Fresh futures-core v0.3.34
       Fresh syn v2.0.119
       Fresh syn v3.0.0
       Fresh libm v0.2.16
       Fresh zmij v1.0.23
       Fresh lock_api v0.4.14
       Fresh parking_lot_core v0.9.12
       Fresh stable_deref_trait v1.2.1
       Fresh futures-sink v0.3.34
       Fresh serde_derive v1.0.229
       Fresh num-traits v0.2.19
       Fresh parking_lot v0.12.5
       Fresh crossbeam-utils v0.8.22
       Fresh tracing-core v0.1.36
       Fresh tracing-attributes v0.1.31
       Fresh siphasher v1.0.3
       Fresh synstructure v0.13.2
       Fresh serde v1.0.229
       Fresh tracing v0.1.44
       Fresh zerocopy-derive v0.8.54
       Fresh slab v0.4.12
       Fresh futures-channel v0.3.34
       Fresh aho-corasick v1.1.4
       Fresh fastrand v2.5.0
       Fresh zerocopy v0.8.54
       Fresh getrandom v0.3.4
       Fresh zerofrom-derive v0.1.7
       Fresh futures-macro v0.3.34
       Fresh cmake v0.1.58
       Fresh futures-io v0.3.34
       Fresh futures-task v0.3.34
       Fresh crossbeam-epoch v0.9.20
       Fresh zerofrom v0.1.8
       Fresh futures-util v0.3.34
       Fresh yoke-derive v0.8.2
       Fresh version_check v0.9.5
       Fresh heck v0.5.0
       Fresh ryu v1.0.23
       Fresh bytemuck_derive v1.11.0
       Fresh crossbeam-deque v0.8.7
       Fresh yoke v0.8.3
       Fresh byteorder v1.5.0
       Fresh ident_case v1.0.1
       Fresh strsim v0.11.1
       Fresh bytemuck v1.25.1
       Fresh tokio-macros v2.7.1
       Fresh thiserror-impl v2.0.20
       Fresh signal-hook-registry v1.4.8
       Fresh rustversion v1.0.23
       Fresh rayon-core v1.13.0
       Fresh socket2 v0.6.5
       Fresh mio v1.2.2
       Fresh typenum v1.20.1
       Fresh percent-encoding v2.3.2
       Fresh hashbrown v0.17.1
       Fresh thiserror v2.0.20
       Fresh http v1.4.2
       Fresh core-foundation-sys v0.8.7
       Fresh fs_extra v1.3.0
       Fresh rayon v1.12.0
       Fresh hybrid-array v0.4.13
       Fresh tokio v1.53.1
       Fresh indexmap v2.14.0
       Fresh dunce v1.0.5
       Fresh ppv-lite86 v0.2.21
       Fresh rand_core v0.9.5
       Fresh http-body v1.1.0
       Fresh zerovec-derive v0.11.3
       Fresh either v1.16.0
       Fresh anyhow v1.0.104
       Fresh rand_chacha v0.9.0
       Fresh tokio-util v0.7.19
       Fresh block-buffer v0.12.1
       Fresh crypto-common v0.2.2
       Fresh const-oid v0.10.2
       Fresh zerovec v0.11.6
       Fresh rand v0.9.5
       Fresh num-complex v0.4.6
       Fresh displaydoc v0.2.6
       Fresh thiserror-impl v1.0.69
       Fresh tower-service v0.3.3
       Fresh zeroize v1.9.0
       Fresh base64 v0.22.1
       Fresh thiserror v1.0.69
       Fresh serde_core v1.0.229
       Fresh prost-derive v0.14.4
       Fresh phf_shared v0.11.3
       Fresh getrandom v0.2.17
       Fresh lazy_static v1.5.0
       Fresh unicase v2.9.0
       Fresh rand_core v0.10.1
       Fresh untrusted v0.9.0
       Fresh prettyplease v0.2.37
       Fresh aws-lc-sys v0.43.0
       Fresh rustls-pki-types v1.15.0
       Fresh deranged v0.5.8
       Fresh cpufeatures v0.3.0
       Fresh try-lock v0.2.5
       Fresh powerfmt v0.2.0
       Fresh ring v0.17.14
       Fresh rand_core v0.6.4
       Fresh cmov v0.5.4
       Fresh time-core v0.1.9
       Fresh atomic-waker v1.1.2
       Fresh num-conv v0.2.2
       Fresh httparse v1.10.1
       Fresh want v0.3.1
       Fresh aws-lc-rs v1.17.3
       Fresh time v0.3.55
       Fresh paste v1.0.15
       Fresh h2 v0.4.16
       Fresh ctutils v0.4.2
       Fresh rand v0.8.7
       Fresh system-configuration-sys v0.6.0
       Fresh tinystr v0.8.3
       Fresh core-foundation v0.9.4
       Fresh itertools v0.14.0
       Fresh async-trait v0.1.92
       Fresh mime v0.3.17
       Fresh writeable v0.6.3
       Fresh httpdate v1.0.3
       Fresh minimal-lexical v0.2.1
       Fresh litemap v0.8.2
       Fresh tower-layer v0.3.3
       Fresh phf_generator v0.11.3
       Fresh system-configuration v0.7.0
       Fresh rustls-webpki v0.103.13
       Fresh icu_locale_core v2.2.0
       Fresh nom v7.1.3
       Fresh hyper v1.10.1
       Fresh zerotrie v0.2.4
       Fresh potential_utf v0.1.5
       Fresh form_urlencoded v1.2.2
       Fresh sync_wrapper v1.0.2
       Fresh vcpkg v0.2.15
       Fresh ipnet v2.12.0
       Fresh utf8_iter v1.0.4
       Fresh subtle v2.6.1
       Fresh hyper-util v0.1.20
       Fresh serde_json v1.0.151
       Fresh icu_provider v2.2.0
       Fresh rand_distr v0.5.1
       Fresh http-body-util v0.1.4
       Fresh hashbrown v0.16.1
       Fresh icu_collections v2.2.0
       Fresh rustls v0.23.43
       Fresh unicode-width v0.1.14
       Fresh new_debug_unreachable v1.0.6
       Fresh icu_normalizer_data v2.2.0
       Fresh half v2.7.1
       Fresh tower v0.5.3
       Fresh icu_properties_data v2.2.0
       Fresh phf_codegen v0.11.3
       Fresh string_cache_codegen v0.5.4
       Fresh enum-as-inner v0.6.1
       Fresh mac v0.1.1
       Fresh dyn-stack-macros v0.1.3
       Fresh semver v1.0.28
       Fresh pulp-wasm-simd-flag v0.1.1
       Fresh reborrow v0.5.5
       Fresh same-file v1.0.6
       Fresh sysctl v0.6.0
       Fresh crunchy v0.2.4
       Fresh dyn-stack v0.13.2
       Fresh futf v0.1.5
       Fresh walkdir v2.5.0
       Fresh pulp v0.22.3
       Fresh rustc_version v0.4.1
       Fresh phf_generator v0.13.1
       Fresh crc32fast v1.5.0
       Fresh icu_properties v2.2.0
       Fresh ahash v0.8.12
       Fresh tokio-rustls v0.26.4
       Fresh icu_normalizer v2.2.0
       Fresh serde_urlencoded v0.7.1
       Fresh darling_core v0.20.11
       Fresh darling_core v0.23.0
       Fresh ownedbytes v0.9.0
       Fresh errno v0.3.14
       Fresh raw-cpuid v11.6.0
       Fresh cxxbridge-flags v1.0.138
       Fresh bytes v1.12.1
       Fresh termcolor v1.4.1
       Fresh option-ext v0.2.0
       Fresh tinyvec_macros v0.1.1
       Fresh seq-macro v0.3.6
       Fresh utf-8 v0.7.6
       Fresh precomputed-hash v0.1.1
       Fresh darling_macro v0.23.0
       Fresh tantivy-common v0.11.0
       Fresh hashbrown v0.15.5
       Fresh rustix v1.1.4
       Fresh dirs-sys v0.5.0
       Fresh gemm-common v0.19.0
       Fresh tendril v0.4.3
       Fresh tinyvec v1.12.0
       Fresh string_cache v0.8.9
       Fresh codespan-reporting v0.11.1
       Fresh darling_macro v0.20.11
       Fresh getrandom v0.4.3
       Fresh idna_adapter v1.2.2
       Fresh phf_codegen v0.13.1
       Fresh pulldown-cmark v0.13.4
       Fresh scratch v1.0.9
       Fresh bitpacking v0.9.3
       Fresh phf v0.11.3
       Fresh prost v0.14.4
       Fresh num-integer v0.1.46
       Fresh memmap2 v0.9.11
       Fresh openssl-src v300.6.1+3.6.3
       Fresh regex-automata v0.4.18
       Fresh hex v0.4.3
       Fresh once_cell v1.21.4
       Fresh utf8-ranges v1.0.5
       Fresh entities v1.0.1
       Fresh fixedbitset v0.5.7
       Fresh rustc-hash v2.1.3
       Fresh nestweaver-schema v7.0.0 (/private/var/folders/wy/f399vst543dbrw08w_y3wmh00000gn/T/cargo-mutants-nw-x-PD9tpz.tmp/crates/nestweaver-schema)
       Fresh tempfile v3.27.0
       Fresh tantivy-fst v0.5.0
       Fresh tantivy-bitpacker v0.10.0
       Fresh cxx-build v1.0.138
       Fresh petgraph v0.8.3
       Fresh markup5ever v0.12.1
       Fresh regex v1.13.1
       Fresh pulldown-cmark-to-cmark v22.0.0
       Fresh idna v1.1.0
       Fresh unicode-normalization v0.1.25
       Fresh darling v0.20.11
       Fresh typeid v1.0.3
       Fresh dirs v6.0.0
       Fresh darling v0.23.0
       Fresh axum-core v0.5.6
       Fresh phf_shared v0.13.1
       Fresh serde_path_to_error v0.1.20
       Fresh matchit v0.8.4
       Fresh multimap v0.10.1
       Fresh hashbrown v0.14.5
       Fresh beef v0.5.2
       Fresh arrayvec v0.7.8
       Fresh murmurhash32 v0.3.1
       Fresh log v0.4.33
       Fresh unsafe-libyaml v0.2.11
       Fresh winnow v1.0.4
       Fresh axum v0.8.9
       Fresh logos-codegen v0.15.1
       Fresh prost-build v0.14.4
       Fresh tantivy-stacker v0.7.0
       Fresh toml_parser v1.1.3+spec-1.1.0
       Fresh derive_builder_core v0.20.2
       Fresh phf v0.13.1
       Fresh bon-macros v3.9.3
       Fresh caseless v0.2.2
       Fresh erased-serde v0.4.10
       Fresh portable-atomic v1.14.0
       Fresh jetscii v0.5.3
       Fresh tantivy-sstable v0.7.0
       Fresh num-bigint v0.4.8
       Fresh link-cplusplus v1.0.12
       Fresh uuid v1.24.1
       Fresh tonic-build v0.14.6
       Fresh tokio-stream v0.1.19
       Fresh cxxbridge-macro v1.0.138
       Fresh core-foundation v0.10.1
       Fresh security-framework-sys v2.17.0
       Fresh crossbeam-channel v0.5.16
       Fresh rmp v0.8.15
       Fresh ordered-float v5.3.0
       Fresh pin-project-internal v1.1.13
       Fresh typetag-impl v0.2.23
       Fresh toml_datetime v1.1.1+spec-1.1.0
       Fresh downcast-rs v2.0.2
       Fresh finl_unicode v1.4.0
       Fresh typed-arena v2.0.2
       Fresh inventory v0.3.24
       Fresh foldhash v0.1.5
       Fresh bit-vec v0.8.0
       Fresh fastdivide v0.4.2
       Fresh unicode-width v0.2.2
       Fresh toml_writer v1.1.2+spec-1.1.0
       Fresh streaming-iterator v0.1.9
       Fresh console v0.16.4
       Fresh cxx v1.0.138
       Fresh typetag v0.2.23
       Fresh tantivy-columnar v0.7.0
       Fresh comrak v0.54.0
       Fresh bit-set v0.8.0
       Fresh tonic-prost-build v0.14.6
       Fresh pin-project v1.1.13
       Fresh tree-sitter v0.26.12
       Fresh security-framework v3.7.0
       Fresh tantivy-query-grammar v0.26.0
       Fresh rmp-serde v1.3.1
       Fresh num-rational v0.4.2
       Fresh tree-sitter-rust v0.24.2
       Fresh tree-sitter-julia v0.23.1
       Fresh tree-sitter-hcl v1.1.0
       Fresh tree-sitter-c-sharp v0.23.5
       Fresh bon v3.9.3
       Fresh html5ever v0.27.0
       Fresh tree-sitter-javascript v0.25.0
       Fresh derive_builder_macro v0.20.2
       Fresh tree-sitter-elixir v0.3.5
       Fresh tree-sitter-powershell v0.26.4
       Fresh tree-sitter-java v0.23.5
       Fresh tree-sitter-sequel v0.3.11
       Fresh tree-sitter-pascal v0.10.2
       Fresh tree-sitter-swift v0.7.3
       Fresh tree-sitter-zig v1.1.2
       Fresh tree-sitter-lua v0.5.0
       Fresh tree-sitter-dart v0.2.0
       Fresh tree-sitter-groovy v0.1.2
       Fresh tree-sitter-typescript v0.23.2
       Fresh onig_sys v69.9.3
       Fresh tree-sitter-cpp v0.23.4
       Fresh tree-sitter-objc v3.0.2
       Fresh tree-sitter-go v0.25.0
       Fresh tree-sitter-scala v0.26.2
       Fresh rust_decimal v1.42.1
       Fresh tree-sitter-fortran v0.6.0
       Fresh tree-sitter-ruby v0.23.1
       Fresh tree-sitter-kotlin v0.4.0 (https://github.com/fwcd/tree-sitter-kotlin?rev=c8ac3d2627240160b999a2c100de3babbdb8f419#c8ac3d26)
       Fresh tree-sitter-c v0.24.2
       Fresh tree-sitter-bash v0.25.1
       Fresh tree-sitter-python v0.25.0
       Fresh tree-sitter-php v0.24.2
       Fresh tree-sitter-systemverilog v0.4.0
       Fresh serde_yaml v0.9.34+deprecated
       Fresh logos-derive v0.15.1
       Fresh xml5ever v0.18.1
       Fresh url v2.5.8
       Fresh num-iter v0.1.46
       Fresh lru v0.16.4
       Fresh hyper-timeout v0.5.2
       Fresh fs4 v0.13.1
       Fresh digest v0.11.3
       Fresh arc-swap v1.9.2
       Fresh castaway v0.2.4
       Fresh sketches-ddsketch v0.4.0
       Fresh rust-stemmers v1.2.0
       Fresh tantivy-tokenizer-api v0.7.0
       Fresh miette-derive v7.6.0
       Fresh monostate-impl v0.1.18
       Fresh ref-cast-impl v1.0.26
       Fresh serde_spanned v1.1.1
       Fresh measure_time v0.9.0
       Fresh csv-core v0.1.13
       Fresh bstr v1.13.0
       Fresh text-size v1.1.1
       Fresh rustc-hash v1.1.0
       Fresh levenshtein_automata v0.2.1
       Fresh unit-prefix v0.5.2
       Fresh datasketches v0.2.0
       Fresh lz4_flex v0.13.1
       Fresh static_assertions v1.1.0
       Fresh glob v0.3.4
       Fresh base64 v0.13.1
       Fresh countme v3.0.1
       Fresh macro_rules_attribute-proc_macro v0.2.2
       Fresh constant_time_eq v0.4.2
       Fresh bumpalo v3.20.3
       Fresh arrayref v0.3.9
       Fresh oneshot v0.1.13
       Fresh htmlescape v0.3.1
       Fresh census v0.4.2
       Fresh unicode-segmentation v1.13.3
       Fresh compact_str v0.9.1
       Fresh csv v1.4.0
       Fresh indicatif v0.18.6
       Fresh tantivy v0.26.1
       Fresh rowan v0.16.1
       Fresh spm_precompiled v0.1.4
       Fresh nestweaver-parser v7.0.0 (/private/var/folders/wy/f399vst543dbrw08w_y3wmh00000gn/T/cargo-mutants-nw-x-PD9tpz.tmp/crates/nestweaver-parser)
       Fresh macro_rules_attribute v0.2.2
       Fresh blake3 v1.8.6
       Fresh globset v0.4.20
       Fresh miette v7.6.0
       Fresh ref-cast v1.0.26
       Fresh sha2 v0.11.0
       Fresh monostate v0.1.18
       Fresh toml v1.1.4+spec-1.1.0
       Fresh num v0.4.3
       Fresh tonic v0.14.6
       Fresh logos v0.15.1
       Fresh tower-http v0.6.11
       Fresh markup5ever_rcdom v0.3.0
       Fresh onig v6.5.3
       Fresh lbug v0.19.1
       Fresh derive_builder v0.20.2
       Fresh libsqlite3-sys v0.38.2
       Fresh rustls-platform-verifier v0.7.0
       Fresh nestweaver-algorithms v7.0.0 (/private/var/folders/wy/f399vst543dbrw08w_y3wmh00000gn/T/cargo-mutants-nw-x-PD9tpz.tmp/crates/nestweaver-algorithms)
       Fresh esaxx-rs v0.1.10
       Fresh openssl-sys v0.9.117
       Fresh prost-types v0.14.4
       Fresh gemm-f32 v0.19.0
       Fresh hyper-rustls v0.27.9
       Fresh rayon-cond v0.4.0
       Fresh yasna v0.6.0
       Fresh xattr v1.6.1
       Fresh chacha20 v0.10.1
       Fresh pem v3.0.6
       Fresh dary_heap v0.3.9
       Fresh lru v0.18.2
       Fresh hashlink v0.12.1
       Fresh unicode-normalization-alignments v0.1.12
       Fresh notify-types v2.1.0
       Fresh fsevent-sys v4.1.0
       Fresh filetime v0.2.29
       Fresh encoding_rs v0.8.35
       Fresh borrow-or-share v0.2.4
       Fresh fallible-iterator v0.3.0
       Fresh fallible-streaming-iterator v0.1.9
       Fresh unicode_categories v0.1.1
       Fresh tar v0.4.46
       Fresh reqwest v0.13.4
       Fresh notify v8.2.0
       Fresh nestweaver-store v7.0.0 (/private/var/folders/wy/f399vst543dbrw08w_y3wmh00000gn/T/cargo-mutants-nw-x-PD9tpz.tmp/crates/nestweaver-store)
       Fresh fluent-uri v0.4.1
       Fresh rand v0.10.2
       Fresh gemm-f16 v0.19.0
       Fresh rcgen v0.14.9
       Fresh rusqlite v0.40.2
       Fresh protox-parse v0.9.0
       Fresh fraction v0.15.4
       Fresh html2md v0.2.15
       Fresh tonic-prost v0.14.6
       Fresh apollo-parser v0.8.6
       Fresh mime_guess v2.0.5
       Fresh nestweaver-resolver v7.0.0 (/private/var/folders/wy/f399vst543dbrw08w_y3wmh00000gn/T/cargo-mutants-nw-x-PD9tpz.tmp/crates/nestweaver-resolver)
       Fresh ignore v0.4.33
       Fresh toml_edit v0.25.13+spec-1.1.0
       Fresh serde_yaml_ng v0.10.0
       Fresh shellexpand v3.1.2
       Fresh gemm-f64 v0.19.0
       Fresh gemm-c64 v0.19.0
       Fresh gemm-c32 v0.19.0
       Fresh protobuf-support v3.7.2
       Fresh nestweaver-storage v7.0.0 (/private/var/folders/wy/f399vst543dbrw08w_y3wmh00000gn/T/cargo-mutants-nw-x-PD9tpz.tmp/crates/nestweaver-storage)
       Fresh strum_macros v0.28.0
       Fresh openapiv3 v2.2.0
       Fresh num-cmp v0.1.0
       Fresh bytecount v0.6.9
       Fresh vsimd v0.8.0
       Fresh micromap v0.3.0
       Fresh outref v0.5.2
       Fresh typed-path v0.12.3
       Fresh rust-embed-impl v8.12.0
       Fresh gemm v0.19.0
       Fresh protobuf v3.7.2
       Fresh nestweaver-engine v7.0.0 (/private/var/folders/wy/f399vst543dbrw08w_y3wmh00000gn/T/cargo-mutants-nw-x-PD9tpz.tmp/crates/nestweaver-engine)
       Fresh jsonschema-value v0.49.9
       Fresh strum v0.28.0
       Fresh nestweaver-proto v7.0.0 (/private/var/folders/wy/f399vst543dbrw08w_y3wmh00000gn/T/cargo-mutants-nw-x-PD9tpz.tmp/crates/nestweaver-proto)
       Fresh referencing v0.49.9
       Fresh uuid-simd v0.8.0
       Fresh zip v8.6.0
       Fresh tokenizers v0.22.2
       Fresh unicode-general-category v1.1.0
       Fresh fancy-regex v0.19.0
       Fresh dashmap v6.2.1
       Fresh safetensors v0.8.0
       Fresh rust-embed-utils v8.12.0
       Fresh float8 v0.7.0
       Fresh sharded-slab v0.1.7
       Fresh futures-executor v0.3.34
       Fresh matchers v0.2.0
       Fresh email_address v0.2.9
       Fresh tracing-log v0.2.0
       Fresh jsonschema-regex v0.49.9
       Fresh num_cpus v1.17.0
       Fresh thread_local v1.1.10
       Fresh data-encoding v2.11.0
       Fresh nu-ansi-term v0.50.3
       Fresh futures v0.3.34
       Fresh rust-embed v8.12.0
       Fresh candle-core v0.11.0
       Fresh jsonschema v0.49.9
       Dirty nestweaver-mcp v7.0.0 (/private/var/folders/wy/f399vst543dbrw08w_y3wmh00000gn/T/cargo-mutants-nw-x-PD9tpz.tmp/crates/nestweaver-mcp): the rerun-if-changed instructions changed
   Compiling nestweaver-mcp v7.0.0 (/private/var/folders/wy/f399vst543dbrw08w_y3wmh00000gn/T/cargo-mutants-nw-x-PD9tpz.tmp/crates/nestweaver-mcp)
       Fresh tracing-subscriber v0.3.23
       Fresh prometheus v0.14.0
       Fresh nestweaver-federation v7.0.0 (/private/var/folders/wy/f399vst543dbrw08w_y3wmh00000gn/T/cargo-mutants-nw-x-PD9tpz.tmp/crates/nestweaver-federation)
       Fresh tower-http v0.7.0
       Fresh quanta v0.12.6
       Fresh spinning_top v0.3.0
       Fresh open v5.4.1
       Fresh web-time v1.1.0
     Running `/Users/korykehl/dev/workspaces/nw-x/target/debug/build/nestweaver-mcp-c5b8f5f759c22c60/build-script-build`
       Fresh symlink v0.1.0
       Fresh nonzero_ext v0.3.0
       Fresh futures-timer v3.0.4
       Fresh candle-nn v0.11.0
       Fresh nestweaver-web v7.0.0 (/private/var/folders/wy/f399vst543dbrw08w_y3wmh00000gn/T/cargo-mutants-nw-x-PD9tpz.tmp/crates/nestweaver-web)
       Fresh fancy-regex v0.18.0
       Fresh hmac v0.13.0
       Fresh serde_plain v1.0.2
       Fresh daachorse v1.0.1
       Fresh governor v0.10.4
       Fresh tracing-appender v0.2.5
       Fresh tokenizers v0.23.1
       Fresh candle-transformers v0.11.0
     Running `/Users/korykehl/.rustup/toolchains/stable-aarch64-apple-darwin/bin/rustc --crate-name nestweaver_mcp --edition=2024 crates/nestweaver-mcp/src/lib.rs --error-format=json --json=diagnostic-rendered-ansi,artifacts,future-incompat --crate-type lib --emit=dep-info,metadata,link -C embed-bitcode=no -C debuginfo=2 -C split-debuginfo=unpacked --cfg 'feature="daemon"' --check-cfg 'cfg(docsrs,test)' --check-cfg 'cfg(feature, values("daemon", "embed"))' -C metadata=9cb856e882abc8db -C extra-filename=-7dc490ff0c2fee5b --out-dir /Users/korykehl/dev/workspaces/nw-x/target/debug/deps -C incremental=/Users/korykehl/dev/workspaces/nw-x/target/debug/incremental -L dependency=/Users/korykehl/dev/workspaces/nw-x/target/debug/deps --extern anyhow=/Users/korykehl/dev/workspaces/nw-x/target/debug/deps/libanyhow-64831d38ed31fe0c.rmeta --extern axum=/Users/korykehl/dev/workspaces/nw-x/target/debug/deps/libaxum-9ea3eb39037e12c3.rmeta --extern dashmap=/Users/korykehl/dev/workspaces/nw-x/target/debug/deps/libdashmap-082b205d25a00b46.rmeta --extern dirs=/Users/korykehl/dev/workspaces/nw-x/target/debug/deps/libdirs-b70caba85f76d53e.rmeta --extern hyper_util=/Users/korykehl/dev/workspaces/nw-x/target/debug/deps/libhyper_util-fbbead9c23b7caa9.rmeta --extern jsonschema=/Users/korykehl/dev/workspaces/nw-x/target/debug/deps/libjsonschema-5c9c92a53d949f0b.rmeta --extern libc=/Users/korykehl/dev/workspaces/nw-x/target/debug/deps/liblibc-efbcba732f888a3d.rmeta --extern nestweaver_engine=/Users/korykehl/dev/workspaces/nw-x/target/debug/deps/libnestweaver_engine-11c6333a7f811621.rmeta --extern nestweaver_federation=/Users/korykehl/dev/workspaces/nw-x/target/debug/deps/libnestweaver_federation-19bd16addaed58e4.rmeta --extern nestweaver_proto=/Users/korykehl/dev/workspaces/nw-x/target/debug/deps/libnestweaver_proto-8226c9b806b67345.rmeta --extern nestweaver_schema=/Users/korykehl/dev/workspaces/nw-x/target/debug/deps/libnestweaver_schema-85f814ab3a400b43.rmeta --extern nestweaver_store=/Users/korykehl/dev/workspaces/nw-x/target/debug/deps/libnestweaver_store-79e252c28bc659ba.rmeta --extern serde=/Users/korykehl/dev/workspaces/nw-x/target/debug/deps/libserde-6be3bd885dc1796f.rmeta --extern serde_json=/Users/korykehl/dev/workspaces/nw-x/target/debug/deps/libserde_json-533f344c4d340a25.rmeta --extern sha2=/Users/korykehl/dev/workspaces/nw-x/target/debug/deps/libsha2-129f6766a5de7bd8.rmeta --extern subtle=/Users/korykehl/dev/workspaces/nw-x/target/debug/deps/libsubtle-2c14c157aaacba62.rmeta --extern thiserror=/Users/korykehl/dev/workspaces/nw-x/target/debug/deps/libthiserror-29a3536a50db9dbc.rmeta --extern tokio=/Users/korykehl/dev/workspaces/nw-x/target/debug/deps/libtokio-75b377799b8d4e93.rmeta --extern tokio_stream=/Users/korykehl/dev/workspaces/nw-x/target/debug/deps/libtokio_stream-83d0c8ac3d508350.rmeta --extern tonic=/Users/korykehl/dev/workspaces/nw-x/target/debug/deps/libtonic-84a83939f0c4e330.rmeta --extern tower=/Users/korykehl/dev/workspaces/nw-x/target/debug/deps/libtower-25feb7d5282c055d.rmeta --extern tracing=/Users/korykehl/dev/workspaces/nw-x/target/debug/deps/libtracing-4afaa3a7db9bcab2.rmeta --extern uuid=/Users/korykehl/dev/workspaces/nw-x/target/debug/deps/libuuid-2d23766b4fb0e6ab.rmeta -L native=/Users/korykehl/dev/workspaces/nw-x/target/debug/build/blake3-127749bcfb23fbc2/out -L native=/Users/korykehl/dev/workspaces/nw-x/target/debug/build/tree-sitter-39b3d2e2cd269c16/out -L native=/Users/korykehl/dev/workspaces/nw-x/target/debug/build/tree-sitter-bash-143f27fc69c483f0/out -L native=/Users/korykehl/dev/workspaces/nw-x/target/debug/build/tree-sitter-c-46795dc5a2f539bd/out -L native=/Users/korykehl/dev/workspaces/nw-x/target/debug/build/tree-sitter-c-sharp-3bb886feb1526c76/out -L native=/Users/korykehl/dev/workspaces/nw-x/target/debug/build/tree-sitter-cpp-3d6e2c73aae7cf28/out -L native=/Users/korykehl/dev/workspaces/nw-x/target/debug/build/tree-sitter-dart-926e1e1861be6adb/out -L native=/Users/korykehl/dev/workspaces/nw-x/target/debug/build/tree-sitter-elixir-9cb43401d1b37cee/out -L native=/Users/korykehl/dev/workspaces/nw-x/target/debug/build/tree-sitter-fortran-a8b4e4c6e334eb53/out -L native=/Users/korykehl/dev/workspaces/nw-x/target/debug/build/tree-sitter-go-8a9370e889d5aadf/out -L native=/Users/korykehl/dev/workspaces/nw-x/target/debug/build/tree-sitter-groovy-0ac1378b2790a6f7/out -L native=/Users/korykehl/dev/workspaces/nw-x/target/debug/build/tree-sitter-hcl-38b42a6e614ca3ca/out -L native=/Users/korykehl/dev/workspaces/nw-x/target/debug/build/tree-sitter-java-5cdb08c266bc8900/out -L native=/Users/korykehl/dev/workspaces/nw-x/target/debug/build/tree-sitter-javascript-8ec83748eec90cd1/out -L native=/Users/korykehl/dev/workspaces/nw-x/target/debug/build/tree-sitter-julia-299596747b4a54eb/out -L native=/Users/korykehl/dev/workspaces/nw-x/target/debug/build/tree-sitter-kotlin-93b72e297b6aad20/out -L native=/Users/korykehl/dev/workspaces/nw-x/target/debug/build/tree-sitter-lua-1cdd1faedca755e4/out -L native=/Users/korykehl/dev/workspaces/nw-x/target/debug/build/tree-sitter-objc-254238839033f6a7/out -L native=/Users/korykehl/dev/workspaces/nw-x/target/debug/build/tree-sitter-pascal-7f16d3c6f300aeac/out -L native=/Users/korykehl/dev/workspaces/nw-x/target/debug/build/tree-sitter-php-278fc7c5ed31e0b7/out -L native=/Users/korykehl/dev/workspaces/nw-x/target/debug/build/tree-sitter-powershell-7b399c081d0b1ebe/out -L native=/Users/korykehl/dev/workspaces/nw-x/target/debug/build/tree-sitter-python-fd57720a4cab0447/out -L native=/Users/korykehl/dev/workspaces/nw-x/target/debug/build/tree-sitter-ruby-4635c5ff3252cec5/out -L native=/Users/korykehl/dev/workspaces/nw-x/target/debug/build/tree-sitter-rust-dbf45214d13e8ed6/out -L native=/Users/korykehl/dev/workspaces/nw-x/target/debug/build/tree-sitter-scala-af4bb5d5073a57d7/out -L native=/Users/korykehl/dev/workspaces/nw-x/target/debug/build/tree-sitter-sequel-abc682b04dcd1310/out -L native=/Users/korykehl/dev/workspaces/nw-x/target/debug/build/tree-sitter-swift-5f0303fff5b2d6bd/out -L native=/Users/korykehl/dev/workspaces/nw-x/target/debug/build/tree-sitter-systemverilog-e937fc10f477ec81/out -L native=/Users/korykehl/dev/workspaces/nw-x/target/debug/build/tree-sitter-typescript-9a27c8180497644b/out -L native=/Users/korykehl/dev/workspaces/nw-x/target/debug/build/tree-sitter-zig-3d0eb03c9af77ae7/out -L native=/Users/korykehl/dev/workspaces/nw-x/target/debug/build/lbug-7c53829992bb23df/out/build/src -L native=/Users/korykehl/dev/workspaces/nw-x/target/debug/build/lbug-7c53829992bb23df/out -L native=/Users/korykehl/dev/workspaces/nw-x/target/debug/build/cxx-afe2b6c14865889e/out -L native=/Users/korykehl/dev/workspaces/nw-x/target/debug/build/link-cplusplus-e4e0cd386310c112/out -L native=/Users/korykehl/dev/workspaces/nw-x/target/debug/build/openssl-sys-0c8fbbc8c4b6e0a7/out/openssl-build/install/lib -L native=/Users/korykehl/dev/workspaces/nw-x/target/debug/build/ring-a1433c24f165249e/out -L native=/Users/korykehl/dev/workspaces/nw-x/target/debug/build/aws-lc-sys-215f2bcb03737f48/out -L native=/Users/korykehl/dev/workspaces/nw-x/target/debug/build/libsqlite3-sys-413d1159b408846c/out`
       Dirty nestweaver-daemon v7.0.0 (/private/var/folders/wy/f399vst543dbrw08w_y3wmh00000gn/T/cargo-mutants-nw-x-PD9tpz.tmp/crates/nestweaver-daemon): info of dependency `nestweaver-mcp` changed
   Compiling nestweaver-daemon v7.0.0 (/private/var/folders/wy/f399vst543dbrw08w_y3wmh00000gn/T/cargo-mutants-nw-x-PD9tpz.tmp/crates/nestweaver-daemon)
     Running `/Users/korykehl/.rustup/toolchains/stable-aarch64-apple-darwin/bin/rustc --crate-name nestweaver_daemon --edition=2024 crates/nestweaver-daemon/src/lib.rs --error-format=json --json=diagnostic-rendered-ansi,artifacts,future-incompat --crate-type lib --emit=dep-info,metadata,link -C embed-bitcode=no -C debuginfo=2 -C split-debuginfo=unpacked --check-cfg 'cfg(docsrs,test)' --check-cfg 'cfg(feature, values("acme", "embed", "metal"))' -C metadata=8283097743239e7e -C extra-filename=-ef099a076611b955 --out-dir /Users/korykehl/dev/workspaces/nw-x/target/debug/deps -C incremental=/Users/korykehl/dev/workspaces/nw-x/target/debug/incremental -L dependency=/Users/korykehl/dev/workspaces/nw-x/target/debug/deps --extern anyhow=/Users/korykehl/dev/workspaces/nw-x/target/debug/deps/libanyhow-64831d38ed31fe0c.rmeta --extern axum=/Users/korykehl/dev/workspaces/nw-x/target/debug/deps/libaxum-9ea3eb39037e12c3.rmeta --extern dirs=/Users/korykehl/dev/workspaces/nw-x/target/debug/deps/libdirs-b70caba85f76d53e.rmeta --extern futures=/Users/korykehl/dev/workspaces/nw-x/target/debug/deps/libfutures-7a3c16ce76753655.rmeta --extern governor=/Users/korykehl/dev/workspaces/nw-x/target/debug/deps/libgovernor-14ae007c873882c8.rmeta --extern hex=/Users/korykehl/dev/workspaces/nw-x/target/debug/deps/libhex-ce021e0d3a439a1a.rmeta --extern hmac=/Users/korykehl/dev/workspaces/nw-x/target/debug/deps/libhmac-5e8c78b3310dc6da.rmeta --extern hyper_util=/Users/korykehl/dev/workspaces/nw-x/target/debug/deps/libhyper_util-fbbead9c23b7caa9.rmeta --extern libc=/Users/korykehl/dev/workspaces/nw-x/target/debug/deps/liblibc-efbcba732f888a3d.rmeta --extern nestweaver_engine=/Users/korykehl/dev/workspaces/nw-x/target/debug/deps/libnestweaver_engine-11c6333a7f811621.rmeta --extern nestweaver_mcp=/Users/korykehl/dev/workspaces/nw-x/target/debug/deps/libnestweaver_mcp-7dc490ff0c2fee5b.rmeta --extern nestweaver_parser=/Users/korykehl/dev/workspaces/nw-x/target/debug/deps/libnestweaver_parser-d0ac06111cf98dab.rmeta --extern nestweaver_proto=/Users/korykehl/dev/workspaces/nw-x/target/debug/deps/libnestweaver_proto-8226c9b806b67345.rmeta --extern nestweaver_schema=/Users/korykehl/dev/workspaces/nw-x/target/debug/deps/libnestweaver_schema-85f814ab3a400b43.rmeta --extern nestweaver_store=/Users/korykehl/dev/workspaces/nw-x/target/debug/deps/libnestweaver_store-79e252c28bc659ba.rmeta --extern nestweaver_web=/Users/korykehl/dev/workspaces/nw-x/target/debug/deps/libnestweaver_web-a2146802b159c5f2.rmeta --extern prost=/Users/korykehl/dev/workspaces/nw-x/target/debug/deps/libprost-2e75f999483b913b.rmeta --extern rmp_serde=/Users/korykehl/dev/workspaces/nw-x/target/debug/deps/librmp_serde-982a30055768ef5c.rmeta --extern rustls=/Users/korykehl/dev/workspaces/nw-x/target/debug/deps/librustls-2bea3a1816b4b643.rmeta --extern serde=/Users/korykehl/dev/workspaces/nw-x/target/debug/deps/libserde-6be3bd885dc1796f.rmeta --extern serde_json=/Users/korykehl/dev/workspaces/nw-x/target/debug/deps/libserde_json-533f344c4d340a25.rmeta --extern sha2=/Users/korykehl/dev/workspaces/nw-x/target/debug/deps/libsha2-129f6766a5de7bd8.rmeta --extern subtle=/Users/korykehl/dev/workspaces/nw-x/target/debug/deps/libsubtle-2c14c157aaacba62.rmeta --extern tokio=/Users/korykehl/dev/workspaces/nw-x/target/debug/deps/libtokio-75b377799b8d4e93.rmeta --extern tokio_rustls=/Users/korykehl/dev/workspaces/nw-x/target/debug/deps/libtokio_rustls-2b0bc394b98060d5.rmeta --extern tokio_stream=/Users/korykehl/dev/workspaces/nw-x/target/debug/deps/libtokio_stream-83d0c8ac3d508350.rmeta --extern tokio_util=/Users/korykehl/dev/workspaces/nw-x/target/debug/deps/libtokio_util-7dddb439a9b0f9b5.rmeta --extern tonic=/Users/korykehl/dev/workspaces/nw-x/target/debug/deps/libtonic-84a83939f0c4e330.rmeta --extern tower=/Users/korykehl/dev/workspaces/nw-x/target/debug/deps/libtower-25feb7d5282c055d.rmeta --extern tower_http=/Users/korykehl/dev/workspaces/nw-x/target/debug/deps/libtower_http-de13149314bd8523.rmeta --extern tracing=/Users/korykehl/dev/workspaces/nw-x/target/debug/deps/libtracing-4afaa3a7db9bcab2.rmeta --extern tracing_appender=/Users/korykehl/dev/workspaces/nw-x/target/debug/deps/libtracing_appender-931ac72b1000cffd.rmeta --extern tracing_subscriber=/Users/korykehl/dev/workspaces/nw-x/target/debug/deps/libtracing_subscriber-6cb94e3f3ead8a0c.rmeta -L native=/Users/korykehl/dev/workspaces/nw-x/target/debug/build/blake3-127749bcfb23fbc2/out -L native=/Users/korykehl/dev/workspaces/nw-x/target/debug/build/tree-sitter-39b3d2e2cd269c16/out -L native=/Users/korykehl/dev/workspaces/nw-x/target/debug/build/tree-sitter-bash-143f27fc69c483f0/out -L native=/Users/korykehl/dev/workspaces/nw-x/target/debug/build/tree-sitter-c-46795dc5a2f539bd/out -L native=/Users/korykehl/dev/workspaces/nw-x/target/debug/build/tree-sitter-c-sharp-3bb886feb1526c76/out -L native=/Users/korykehl/dev/workspaces/nw-x/target/debug/build/tree-sitter-cpp-3d6e2c73aae7cf28/out -L native=/Users/korykehl/dev/workspaces/nw-x/target/debug/build/tree-sitter-dart-926e1e1861be6adb/out -L native=/Users/korykehl/dev/workspaces/nw-x/target/debug/build/tree-sitter-elixir-9cb43401d1b37cee/out -L native=/Users/korykehl/dev/workspaces/nw-x/target/debug/build/tree-sitter-fortran-a8b4e4c6e334eb53/out -L native=/Users/korykehl/dev/workspaces/nw-x/target/debug/build/tree-sitter-go-8a9370e889d5aadf/out -L native=/Users/korykehl/dev/workspaces/nw-x/target/debug/build/tree-sitter-groovy-0ac1378b2790a6f7/out -L native=/Users/korykehl/dev/workspaces/nw-x/target/debug/build/tree-sitter-hcl-38b42a6e614ca3ca/out -L native=/Users/korykehl/dev/workspaces/nw-x/target/debug/build/tree-sitter-java-5cdb08c266bc8900/out -L native=/Users/korykehl/dev/workspaces/nw-x/target/debug/build/tree-sitter-javascript-8ec83748eec90cd1/out -L native=/Users/korykehl/dev/workspaces/nw-x/target/debug/build/tree-sitter-julia-299596747b4a54eb/out -L native=/Users/korykehl/dev/workspaces/nw-x/target/debug/build/tree-sitter-kotlin-93b72e297b6aad20/out -L native=/Users/korykehl/dev/workspaces/nw-x/target/debug/build/tree-sitter-lua-1cdd1faedca755e4/out -L native=/Users/korykehl/dev/workspaces/nw-x/target/debug/build/tree-sitter-objc-254238839033f6a7/out -L native=/Users/korykehl/dev/workspaces/nw-x/target/debug/build/tree-sitter-pascal-7f16d3c6f300aeac/out -L native=/Users/korykehl/dev/workspaces/nw-x/target/debug/build/tree-sitter-php-278fc7c5ed31e0b7/out -L native=/Users/korykehl/dev/workspaces/nw-x/target/debug/build/tree-sitter-powershell-7b399c081d0b1ebe/out -L native=/Users/korykehl/dev/workspaces/nw-x/target/debug/build/tree-sitter-python-fd57720a4cab0447/out -L native=/Users/korykehl/dev/workspaces/nw-x/target/debug/build/tree-sitter-ruby-4635c5ff3252cec5/out -L native=/Users/korykehl/dev/workspaces/nw-x/target/debug/build/tree-sitter-rust-dbf45214d13e8ed6/out -L native=/Users/korykehl/dev/workspaces/nw-x/target/debug/build/tree-sitter-scala-af4bb5d5073a57d7/out -L native=/Users/korykehl/dev/workspaces/nw-x/target/debug/build/tree-sitter-sequel-abc682b04dcd1310/out -L native=/Users/korykehl/dev/workspaces/nw-x/target/debug/build/tree-sitter-swift-5f0303fff5b2d6bd/out -L native=/Users/korykehl/dev/workspaces/nw-x/target/debug/build/tree-sitter-systemverilog-e937fc10f477ec81/out -L native=/Users/korykehl/dev/workspaces/nw-x/target/debug/build/tree-sitter-typescript-9a27c8180497644b/out -L native=/Users/korykehl/dev/workspaces/nw-x/target/debug/build/tree-sitter-zig-3d0eb03c9af77ae7/out -L native=/Users/korykehl/dev/workspaces/nw-x/target/debug/build/lbug-7c53829992bb23df/out/build/src -L native=/Users/korykehl/dev/workspaces/nw-x/target/debug/build/lbug-7c53829992bb23df/out -L native=/Users/korykehl/dev/workspaces/nw-x/target/debug/build/cxx-afe2b6c14865889e/out -L native=/Users/korykehl/dev/workspaces/nw-x/target/debug/build/link-cplusplus-e4e0cd386310c112/out -L native=/Users/korykehl/dev/workspaces/nw-x/target/debug/build/openssl-sys-0c8fbbc8c4b6e0a7/out/openssl-build/install/lib -L native=/Users/korykehl/dev/workspaces/nw-x/target/debug/build/ring-a1433c24f165249e/out -L native=/Users/korykehl/dev/workspaces/nw-x/target/debug/build/aws-lc-sys-215f2bcb03737f48/out -L native=/Users/korykehl/dev/workspaces/nw-x/target/debug/build/libsqlite3-sys-413d1159b408846c/out`
     Running `/Users/korykehl/.rustup/toolchains/stable-aarch64-apple-darwin/bin/rustc --crate-name nestweaver_daemon --edition=2024 crates/nestweaver-daemon/src/lib.rs --error-format=json --json=diagnostic-rendered-ansi,artifacts,future-incompat --emit=dep-info,link -C embed-bitcode=no -C debuginfo=2 -C split-debuginfo=unpacked --test --check-cfg 'cfg(docsrs,test)' --check-cfg 'cfg(feature, values("acme", "embed", "metal"))' -C metadata=a37691e794b81419 -C extra-filename=-9a2e6449501a9e51 --out-dir /Users/korykehl/dev/workspaces/nw-x/target/debug/deps -C incremental=/Users/korykehl/dev/workspaces/nw-x/target/debug/incremental -L dependency=/Users/korykehl/dev/workspaces/nw-x/target/debug/deps --extern anyhow=/Users/korykehl/dev/workspaces/nw-x/target/debug/deps/libanyhow-64831d38ed31fe0c.rlib --extern axum=/Users/korykehl/dev/workspaces/nw-x/target/debug/deps/libaxum-9ea3eb39037e12c3.rlib --extern candle_core=/Users/korykehl/dev/workspaces/nw-x/target/debug/deps/libcandle_core-9a3e956d7ab646ef.rlib --extern candle_nn=/Users/korykehl/dev/workspaces/nw-x/target/debug/deps/libcandle_nn-9ff26b062331252a.rlib --extern candle_transformers=/Users/korykehl/dev/workspaces/nw-x/target/debug/deps/libcandle_transformers-ededaf09d51d381b.rlib --extern dirs=/Users/korykehl/dev/workspaces/nw-x/target/debug/deps/libdirs-b70caba85f76d53e.rlib --extern futures=/Users/korykehl/dev/workspaces/nw-x/target/debug/deps/libfutures-7a3c16ce76753655.rlib --extern governor=/Users/korykehl/dev/workspaces/nw-x/target/debug/deps/libgovernor-14ae007c873882c8.rlib --extern hex=/Users/korykehl/dev/workspaces/nw-x/target/debug/deps/libhex-ce021e0d3a439a1a.rlib --extern hmac=/Users/korykehl/dev/workspaces/nw-x/target/debug/deps/libhmac-5e8c78b3310dc6da.rlib --extern hyper_util=/Users/korykehl/dev/workspaces/nw-x/target/debug/deps/libhyper_util-fbbead9c23b7caa9.rlib --extern libc=/Users/korykehl/dev/workspaces/nw-x/target/debug/deps/liblibc-efbcba732f888a3d.rlib --extern nestweaver_engine=/Users/korykehl/dev/workspaces/nw-x/target/debug/deps/libnestweaver_engine-11c6333a7f811621.rlib --extern nestweaver_mcp=/Users/korykehl/dev/workspaces/nw-x/target/debug/deps/libnestweaver_mcp-7dc490ff0c2fee5b.rlib --extern nestweaver_parser=/Users/korykehl/dev/workspaces/nw-x/target/debug/deps/libnestweaver_parser-d0ac06111cf98dab.rlib --extern nestweaver_proto=/Users/korykehl/dev/workspaces/nw-x/target/debug/deps/libnestweaver_proto-8226c9b806b67345.rlib --extern nestweaver_schema=/Users/korykehl/dev/workspaces/nw-x/target/debug/deps/libnestweaver_schema-85f814ab3a400b43.rlib --extern nestweaver_store=/Users/korykehl/dev/workspaces/nw-x/target/debug/deps/libnestweaver_store-79e252c28bc659ba.rlib --extern nestweaver_web=/Users/korykehl/dev/workspaces/nw-x/target/debug/deps/libnestweaver_web-a2146802b159c5f2.rlib --extern prost=/Users/korykehl/dev/workspaces/nw-x/target/debug/deps/libprost-2e75f999483b913b.rlib --extern rmp_serde=/Users/korykehl/dev/workspaces/nw-x/target/debug/deps/librmp_serde-982a30055768ef5c.rlib --extern rustls=/Users/korykehl/dev/workspaces/nw-x/target/debug/deps/librustls-2bea3a1816b4b643.rlib --extern serde=/Users/korykehl/dev/workspaces/nw-x/target/debug/deps/libserde-6be3bd885dc1796f.rlib --extern serde_json=/Users/korykehl/dev/workspaces/nw-x/target/debug/deps/libserde_json-533f344c4d340a25.rlib --extern sha2=/Users/korykehl/dev/workspaces/nw-x/target/debug/deps/libsha2-129f6766a5de7bd8.rlib --extern subtle=/Users/korykehl/dev/workspaces/nw-x/target/debug/deps/libsubtle-2c14c157aaacba62.rlib --extern tempfile=/Users/korykehl/dev/workspaces/nw-x/target/debug/deps/libtempfile-ddf3a3cadb9f75c3.rlib --extern tokenizers=/Users/korykehl/dev/workspaces/nw-x/target/debug/deps/libtokenizers-159b040b13093fba.rlib --extern tokio=/Users/korykehl/dev/workspaces/nw-x/target/debug/deps/libtokio-75b377799b8d4e93.rlib --extern tokio_rustls=/Users/korykehl/dev/workspaces/nw-x/target/debug/deps/libtokio_rustls-2b0bc394b98060d5.rlib --extern tokio_stream=/Users/korykehl/dev/workspaces/nw-x/target/debug/deps/libtokio_stream-83d0c8ac3d508350.rlib --extern tokio_util=/Users/korykehl/dev/workspaces/nw-x/target/debug/deps/libtokio_util-7dddb439a9b0f9b5.rlib --extern tonic=/Users/korykehl/dev/workspaces/nw-x/target/debug/deps/libtonic-84a83939f0c4e330.rlib --extern tower=/Users/korykehl/dev/workspaces/nw-x/target/debug/deps/libtower-25feb7d5282c055d.rlib --extern tower_http=/Users/korykehl/dev/workspaces/nw-x/target/debug/deps/libtower_http-de13149314bd8523.rlib --extern tracing=/Users/korykehl/dev/workspaces/nw-x/target/debug/deps/libtracing-4afaa3a7db9bcab2.rlib --extern tracing_appender=/Users/korykehl/dev/workspaces/nw-x/target/debug/deps/libtracing_appender-931ac72b1000cffd.rlib --extern tracing_subscriber=/Users/korykehl/dev/workspaces/nw-x/target/debug/deps/libtracing_subscriber-6cb94e3f3ead8a0c.rlib -L native=/Users/korykehl/dev/workspaces/nw-x/target/debug/build/esaxx-rs-8018ba1fe8dc6859/out -L native=/Users/korykehl/dev/workspaces/nw-x/target/debug/build/onig_sys-9e593e59ac7defa7/out -L native=/Users/korykehl/dev/workspaces/nw-x/target/debug/build/blake3-127749bcfb23fbc2/out -L native=/Users/korykehl/dev/workspaces/nw-x/target/debug/build/tree-sitter-39b3d2e2cd269c16/out -L native=/Users/korykehl/dev/workspaces/nw-x/target/debug/build/tree-sitter-bash-143f27fc69c483f0/out -L native=/Users/korykehl/dev/workspaces/nw-x/target/debug/build/tree-sitter-c-46795dc5a2f539bd/out -L native=/Users/korykehl/dev/workspaces/nw-x/target/debug/build/tree-sitter-c-sharp-3bb886feb1526c76/out -L native=/Users/korykehl/dev/workspaces/nw-x/target/debug/build/tree-sitter-cpp-3d6e2c73aae7cf28/out -L native=/Users/korykehl/dev/workspaces/nw-x/target/debug/build/tree-sitter-dart-926e1e1861be6adb/out -L native=/Users/korykehl/dev/workspaces/nw-x/target/debug/build/tree-sitter-elixir-9cb43401d1b37cee/out -L native=/Users/korykehl/dev/workspaces/nw-x/target/debug/build/tree-sitter-fortran-a8b4e4c6e334eb53/out -L native=/Users/korykehl/dev/workspaces/nw-x/target/debug/build/tree-sitter-go-8a9370e889d5aadf/out -L native=/Users/korykehl/dev/workspaces/nw-x/target/debug/build/tree-sitter-groovy-0ac1378b2790a6f7/out -L native=/Users/korykehl/dev/workspaces/nw-x/target/debug/build/tree-sitter-hcl-38b42a6e614ca3ca/out -L native=/Users/korykehl/dev/workspaces/nw-x/target/debug/build/tree-sitter-java-5cdb08c266bc8900/out -L native=/Users/korykehl/dev/workspaces/nw-x/target/debug/build/tree-sitter-javascript-8ec83748eec90cd1/out -L native=/Users/korykehl/dev/workspaces/nw-x/target/debug/build/tree-sitter-julia-299596747b4a54eb/out -L native=/Users/korykehl/dev/workspaces/nw-x/target/debug/build/tree-sitter-kotlin-93b72e297b6aad20/out -L native=/Users/korykehl/dev/workspaces/nw-x/target/debug/build/tree-sitter-lua-1cdd1faedca755e4/out -L native=/Users/korykehl/dev/workspaces/nw-x/target/debug/build/tree-sitter-objc-254238839033f6a7/out -L native=/Users/korykehl/dev/workspaces/nw-x/target/debug/build/tree-sitter-pascal-7f16d3c6f300aeac/out -L native=/Users/korykehl/dev/workspaces/nw-x/target/debug/build/tree-sitter-php-278fc7c5ed31e0b7/out -L native=/Users/korykehl/dev/workspaces/nw-x/target/debug/build/tree-sitter-powershell-7b399c081d0b1ebe/out -L native=/Users/korykehl/dev/workspaces/nw-x/target/debug/build/tree-sitter-python-fd57720a4cab0447/out -L native=/Users/korykehl/dev/workspaces/nw-x/target/debug/build/tree-sitter-ruby-4635c5ff3252cec5/out -L native=/Users/korykehl/dev/workspaces/nw-x/target/debug/build/tree-sitter-rust-dbf45214d13e8ed6/out -L native=/Users/korykehl/dev/workspaces/nw-x/target/debug/build/tree-sitter-scala-af4bb5d5073a57d7/out -L native=/Users/korykehl/dev/workspaces/nw-x/target/debug/build/tree-sitter-sequel-abc682b04dcd1310/out -L native=/Users/korykehl/dev/workspaces/nw-x/target/debug/build/tree-sitter-swift-5f0303fff5b2d6bd/out -L native=/Users/korykehl/dev/workspaces/nw-x/target/debug/build/tree-sitter-systemverilog-e937fc10f477ec81/out -L native=/Users/korykehl/dev/workspaces/nw-x/target/debug/build/tree-sitter-typescript-9a27c8180497644b/out -L native=/Users/korykehl/dev/workspaces/nw-x/target/debug/build/tree-sitter-zig-3d0eb03c9af77ae7/out -L native=/Users/korykehl/dev/workspaces/nw-x/target/debug/build/lbug-7c53829992bb23df/out/build/src -L native=/Users/korykehl/dev/workspaces/nw-x/target/debug/build/lbug-7c53829992bb23df/out -L native=/Users/korykehl/dev/workspaces/nw-x/target/debug/build/cxx-afe2b6c14865889e/out -L native=/Users/korykehl/dev/workspaces/nw-x/target/debug/build/link-cplusplus-e4e0cd386310c112/out -L native=/Users/korykehl/dev/workspaces/nw-x/target/debug/build/openssl-sys-0c8fbbc8c4b6e0a7/out/openssl-build/install/lib -L native=/Users/korykehl/dev/workspaces/nw-x/target/debug/build/ring-a1433c24f165249e/out -L native=/Users/korykehl/dev/workspaces/nw-x/target/debug/build/aws-lc-sys-215f2bcb03737f48/out -L native=/Users/korykehl/dev/workspaces/nw-x/target/debug/build/libsqlite3-sys-413d1159b408846c/out`
warning: unused variable: `parent`
  --> crates/nestweaver-daemon/src/lifecycle.rs:44:31
   |
44 | fn effective_config_temp_path(parent: &Path, sequence: u64) -> PathBuf {
   |                               ^^^^^^ help: if this is intentional, prefix it with an underscore: `_parent`
   |
   = note: `#[warn(unused_variables)]` (part of `#[warn(unused)]`) on by default

warning: unused variable: `sequence`
  --> crates/nestweaver-daemon/src/lifecycle.rs:44:46
   |
44 | fn effective_config_temp_path(parent: &Path, sequence: u64) -> PathBuf {
   |                                              ^^^^^^^^ help: if this is intentional, prefix it with an underscore: `_sequence`

warning: methods `set_total`, `advance`, and `processed` are never used
   --> crates/nestweaver-daemon/src/server.rs:408:8
    |
367 | impl EmbedProgress {
    | ------------------ methods in this implementation
...
408 |     fn set_total(&self, total: u64) {
    |        ^^^^^^^^^
...
414 |     fn advance(&self, by: u64) {
    |        ^^^^^^^
...
420 |     fn processed(&self) -> u64 {
    |        ^^^^^^^^^
    |
    = note: `#[warn(dead_code)]` (part of `#[warn(unused)]`) on by default

warning: methods `set_total`, `advance`, `processed`, and `reports` are never used
   --> crates/nestweaver-daemon/src/server.rs:458:8
    |
457 | impl EmbedProgressGuard {
    | ----------------------- methods in this implementation
458 |     fn set_total(&self, total: u64) {
    |        ^^^^^^^^^
...
464 |     fn advance(&self, by: u64) {
    |        ^^^^^^^
...
470 |     fn processed(&self) -> u64 {
    |        ^^^^^^^^^
...
475 |     fn reports(&self) -> bool {
    |        ^^^^^^^

warning: method `processed` is never used
   --> crates/nestweaver-daemon/src/server.rs:420:8
    |
367 | impl EmbedProgress {
    | ------------------ method in this implementation
...
420 |     fn processed(&self) -> u64 {
    |        ^^^^^^^^^
    |
    = note: `#[warn(dead_code)]` (part of `#[warn(unused)]`) on by default

warning: method `processed` is never used
   --> crates/nestweaver-daemon/src/server.rs:470:8
    |
457 | impl EmbedProgressGuard {
    | ----------------------- method in this implementation
...
470 |     fn processed(&self) -> u64 {
    |        ^^^^^^^^^

warning: `nestweaver-daemon` (lib) generated 4 warnings (run `cargo fix --lib -p nestweaver-daemon` to apply 2 suggestions)
warning: `nestweaver-daemon` (lib test) generated 4 warnings (2 duplicates)
    Finished `test` profile [unoptimized + debuginfo] target(s) in 40.67s
     Running `/Users/korykehl/dev/workspaces/nw-x/target/debug/deps/nestweaver_daemon-9a2e6449501a9e51`

running 281 tests
test auth::tests::secure_eq_rejects_different ... ok
test auth::tests::secure_eq_rejects_different_lengths ... ok
test auth::tests::secure_eq_matches_identical ... ok
test auth::tests::no_auth_passes_all ... ok
test auth::tests::no_auth_attaches_no_identity ... ok
test auth::tests::derive_identity_maps_admin_and_token ... ok
test launchd::tests::gc_verdict_spares_live_daemon_but_reaps_crash_looper ... ok
test auth::tests::uds_admin_attaches_admin_identity ... ok
test auth::tests::missing_header_rejected ... ok
test launchd::tests::is_temp_db_path_flags_temp_but_not_real_paths ... ok
test auth::tests::valid_token_passes ... ok
test auth::tests::admin_token_attaches_admin_identity ... ok
test auth::tests::query_token_attaches_token_identity ... ok
test auth::tests::wrong_token_rejected ... ok
test launchd::tests::plist_renders_low_priority_io_and_throttle_interval ... ok
test launchd::tests::plist_bakes_the_drain_ceiling_it_derived_exit_timeout_from ... ok
test launchd::tests::plist_omits_run_at_load_unless_start_at_login_is_set ... ok
test launchd::tests::plist_sets_exit_timeout_from_the_drain_ceiling ... ok
test launchd::tests::plist_bakes_cpu_percent_into_environment_variables ... ok
test launchd::tests::plist_emits_run_at_load_when_start_at_login_is_set ... ok
test launchd::tests::parse_db_path_from_plist_extracts_db_arg ... ok
test launchd::tests::plist_forwards_absolute_config_to_daemon_run ... ok
test lifecycle::tests::db_path_is_recovered_from_the_daemon_log_boot_line ... ok
test lifecycle::tests::a_daemon_boot_line_is_read_in_either_format ... ok
test launchd::tests::plist_escapes_all_dynamic_strings_and_round_trips_db_path ... ok
test lifecycle::tests::bare_relative_db_path_identity_is_stable_across_creation ... ok
test lifecycle::tests::daemon_identity_survives_a_publication_cutover ... ok
test lifecycle::tests::direct_lifecycle_probe_finds_selected_slot_identity_without_opening_graph ... ok
test lifecycle::tests::effective_config_binding_is_private_on_unix ... FAILED
test lifecycle::tests::effective_config_binding_reader_rejects_unsafe_mode_and_oversize ... FAILED
test lifecycle::tests::effective_config_binding_paths_are_isolated_per_instance ... FAILED
test lifecycle::tests::effective_config_binding_replacement_leaves_one_complete_record ... FAILED
test lifecycle::tests::effective_config_binding_reports_absent_corrupt_version_and_pid_errors ... FAILED
test lifecycle::tests::fallback_sock_dir_created_private ... ok
test lifecycle::tests::effective_config_binding_roundtrips_configured_and_defaults ... FAILED
test lifecycle::tests::fallback_sock_dir_refuses_foreign_owner ... ok
test lifecycle::tests::effective_config_binding_secures_or_rejects_precreated_runtime_dir ... ok
test lifecycle::tests::fallback_sock_dir_tightens_permissive_mode ... ok
test lifecycle::tests::effective_config_binding_retries_stale_temp_name_collision ... FAILED
test lifecycle::tests::gc_fallback_root_foreign_or_symlinked_is_never_swept ... ok
test launchd::tests::plist_with_run_at_load_decodes_as_a_top_level_boolean ... ok
test launchd::tests::plist_with_xml_metacharacters_is_valid_and_preserves_values ... ok
test lifecycle::tests::instance_dir_allowlist_admits_only_the_instance_id_shape ... ok
test lifecycle::tests::instance_id_canonicalizes_parent_for_missing_db ... ok
test lifecycle::tests::instance_id_different_for_different_paths ... ok
test lifecycle::tests::instance_id_fallback_for_bare_filename ... ok
test lifecycle::tests::gc_fallback_root_absent_is_clean ... ok
test lifecycle::tests::instance_id_stable_for_same_path ... ok
test lifecycle::tests::gc_reaps_orphans_under_all_three_roots_keeps_live_and_unidentified ... ok
test lifecycle::tests::gc_state_dirs_never_touches_config_intent ... ok
test lifecycle::tests::gc_reports_and_skips_a_squatted_fallback_root ... ok
test lifecycle::tests::gc_state_dirs_spares_a_directory_whose_daemon_holds_the_pidfile_lock ... ok
test lifecycle::tests::gc_state_dirs_reports_both_proofs_for_a_healthy_instance ... ok
test lifecycle::tests::gc_state_dirs_spares_a_live_database_holder_after_the_pidfile_is_removed ... ok
test lifecycle::tests::last_successful_config_enforces_private_modes_and_fingerprint ... ok
test lifecycle::tests::instance_id_is_8_hex_chars ... ok
test lifecycle::tests::last_successful_config_is_isolated_and_survives_live_binding_cleanup ... ok
test lifecycle::tests::log_path_ends_with_daemon_log ... ok
test lifecycle::tests::instance_label_includes_parent_dir ... ok
test lifecycle::tests::last_successful_config_rejects_corrupt_version_oversize_and_symlink ... ok
test lifecycle::tests::last_successful_config_remove_is_idempotent ... ok
test lifecycle::tests::legacy_hash_still_reproduces_the_relative_form_it_must_clean_up ... ok
test lifecycle::tests::last_successful_config_roundtrips_with_full_path_identity ... ok
test lifecycle::tests::log_hint_names_the_dated_tracing_file_not_just_stderr ... ok
test lifecycle::tests::legacy_runtime_cleanup_removes_effective_config_binding ... FAILED
test lifecycle::tests::retiring_a_superseded_identity_removes_its_runtime_artifacts ... FAILED
test lifecycle::tests::runtime_dir_ignores_tmpdir ... ok
test lifecycle::tests::runtime_dir_uses_xdg_when_set ... ok
test lifecycle::tests::socket_fallback_root_honors_the_env_override ... ok
test lifecycle::tests::socket_path_falls_back_to_tmp_when_over_sun_len ... ok
test lifecycle::tests::socket_path_is_under_runtime_dir ... ok
test lifecycle::tests::socket_path_under_sun_len ... ok
test lifecycle::tests::retiring_is_a_no_op_when_the_identity_did_not_change ... FAILED
test lifecycle::tests::the_superseded_slot_identity_differs_from_the_anchored_one ... ok
test lifecycle::tests::real_db_shutdown_keeps_every_directory ... ok
test lifecycle::tests::write_lock_probe_reports_free_for_missing_database ... ok
test lifecycle::tests::write_lock_probe_entry_point_consults_the_local_store_flag ... ok
test lifecycle::tests::write_lock_probe_reports_free_for_unlocked_database ... ok
test lifecycle::tests::write_lock_probe_refuses_to_run_against_its_own_store ... ok
test lifecycle::tests::write_lock_probe_names_the_holding_process ... ok
test lifecycle::tests::state_dir_ownership_falls_back_to_the_pidfile_lock_when_the_database_is_gone ... ok
test safeguards::tests::depth_limit_clamps_oversize ... ok
test safeguards::tests::effective_timeout_client_can_lower ... ok
test safeguards::tests::depth_limit_allows_within_cap ... ok
test safeguards::tests::depth_limit_default ... ok
test safeguards::tests::effective_timeout_client_cannot_exceed_hard_cap ... ok
test safeguards::tests::effective_timeout_unknown_tool_hard_cap ... ok
test safeguards::tests::effective_timeout_uses_default ... ok
test safeguards::tests::effective_timeout_unknown_tool_uses_defaults ... ok
test safeguards::tests::result_limit_default_and_cap ... ok
test lifecycle::tests::write_lock_probe_survives_pidfile_unlink ... ok
test lifecycle::tests::temp_db_shutdown_unlinks_state_runtime_and_fallback_dirs ... ok
test safeguards::tests::with_safeguard_cancellable_success_leaves_flag_unset ... ok
test safeguards::tests::with_safeguard_success ... ok
test lifecycle::tests::temp_db_shutdown_keeps_every_directory_while_the_spawnlock_is_held ... ok
test safeguards::tests::with_safeguard_cancellable_sets_flag_on_timeout ... ok
test safeguards::tests::with_safeguard_timeout ... ok
test server::compact_embeddings_response_tests::reclaimed_counts_what_left_the_index_not_what_reconcile_discovered ... ok
test server::depth_clamp_tests::clamps_huge_depth_leaves_small_and_nonnumeric_alone ... ok
test server::embedding_status_tests::failed_local_external_and_dimension_states_are_actionable ... ok
test server::embedding_status_tests::loading_and_disabled_statuses_are_explicit ... ok
test server::embedding_status_tests::ready_local_status_reports_the_selected_device_without_fallback ... ok
test server::index_done_message_tests::cancelled_variant_reports_commit_and_names_repair ... ok
test server::index_done_message_tests::skipped_files_make_done_explicitly_degraded ... ok
test server::index_done_message_tests::uncancelled_variant_is_the_plain_done_line ... ok
test server::instance_id_validation_tests::effective_instance_id_rejects_every_invalid_source ... ok
test server::instance_id_validation_tests::effective_instance_id_uses_request_then_configured_default ... ok
test safeguards::tests::rate_limiter_disabled_allows_all ... ok
test safeguards::tests::rate_limiter_allows_burst ... ok
test safeguards::tests::rate_limiter_rejects_after_burst ... ok
test auth::tests::rate_limit_applied_to_query_token ... ok
test safeguards::tests::rate_limiter_independent_tokens ... ok
test auth::tests::rate_limit_is_keyed_by_remote_peer_when_available ... ok
test auth::tests::admin_token_bypasses_rate_limit ... ok
test server::startup_helper_tests::a_finished_pass_leaves_no_counters_behind_to_be_misattributed ... ok
test server::startup_helper_tests::a_dropped_pass_guard_clears_the_running_state ... ok
test server::startup_helper_tests::a_second_overlapping_pass_cannot_clobber_or_prematurely_clear_the_first ... ok
test server::startup_helper_tests::acme_bind_gate_fails_closed_without_feature ... ok
test server::startup_helper_tests::acme_provides_tls_reflects_build_feature ... ok
test server::startup_helper_tests::acme_bootstrap_failure_never_serves_plaintext ... ok
test server::startup_helper_tests::a_reader_never_sees_two_passes_mixed_together ... ok
test server::list_contracts_tests::list_contracts_prefers_exact_uid_and_filters_hidden_repos ... ok
test server::startup_helper_tests::a_refused_watch_leaves_no_watcher_registration ... ok
test server::startup_helper_tests::bind_addr_is_loopback_classifies_safely ... ok
test server::startup_helper_tests::begin_shutdown_drain_broadcasts_at_once_when_nothing_is_in_flight ... ok
test server::startup_helper_tests::build_repo_types_maps_vault_and_code_under_canonical_keys ... ok
test server::startup_helper_tests::cancelled_flag_trips_on_request_future_drop ... ok
test server::startup_helper_tests::ambiguous_liveness_failure_preserves_extensions_and_aggregates_error ... ok
test server::startup_helper_tests::co_located_replicas_use_distinct_working_dirs ... ok
test server::startup_helper_tests::claim_pidfile_lock_is_exclusive_until_released ... ok
test server::startup_helper_tests::a_second_shutdown_trigger_does_not_start_a_second_drain ... ok
test server::boot_reconciliation_tests::read_only_boot_reconciliation_leaves_the_publication_untouched_on_disk ... ok
test server::startup_helper_tests::available_search_repairs_after_unknown_preflight_projection ... ok
test server::boot_reconciliation_tests::read_write_boot_reconciliation_recovers_the_abandoned_publication ... ok
test server::startup_helper_tests::disabled_search_skips_projection_preflight ... ok
test server::startup_helper_tests::configured_unavailable_search_errors_only_after_indexed_rows_change ... ok
test server::startup_helper_tests::actual_repo_merge_collision_reconciles_source_and_destination_state ... ok
test server::startup_helper_tests::ambiguous_project_delete_reconciles_and_uses_graph_liveness_for_extensions ... ok
test server::startup_helper_tests::embedding_state_narrows_to_embedding_only_while_a_pass_runs_on_a_ready_model ... ok
test server::startup_helper_tests::code_deletion_invalidates_primed_in_memory_pagerank ... ok
test server::startup_helper_tests::confirmed_project_rollback_does_not_reconcile_or_mutate_sidecars ... ok
test server::startup_helper_tests::confirmed_unchanged_project_error_does_not_run_reconciliation ... ok
test server::startup_helper_tests::handshake_concurrency_is_capped ... ok
test server::startup_helper_tests::begin_shutdown_drain_keeps_listeners_up_until_the_write_finishes ... ok
test server::startup_helper_tests::idle_requires_no_active_work_or_indexing ... ok
test server::startup_helper_tests::corrupt_extension_sidecar_prevents_real_merge_mutation ... ok
test server::startup_helper_tests::boot_self_heals_graph_applied_journal_with_remaining_source_rows ... ok
test server::startup_helper_tests::is_unsafe_index_root_handles_macos_firmlink_and_case ... ok
test server::startup_helper_tests::is_unsafe_index_root_rejects_system_roots_but_allows_real_repos ... ok
test server::startup_helper_tests::duplicate_shutdown_does_not_start_a_second_drain ... ok
test server::startup_helper_tests::embedding_status_blocks_embed_rpc_until_ready ... ok
test server::startup_helper_tests::embedding_status_is_exposed_by_typed_and_json_status_rpcs ... ok
test server::startup_helper_tests::health_check_reports_own_pid ... ok
test server::startup_helper_tests::idle_vault_watcher_releases_the_write_lease ... ok
test server::startup_helper_tests::drain_with_only_indexing_active_stays_bounded_by_the_ceiling ... ok
test server::startup_helper_tests::indexed_search_fingerprint_ignores_non_tantivy_note_metadata ... ok
test server::startup_helper_tests::graph_applied_finalizer_failure_keeps_journal_for_retry ... ok
test server::startup_helper_tests::merge_extension_finalize_failure_retries_from_durable_journal ... ok
test server::startup_helper_tests::mutating_tools_gate_uses_shared_const ... ok
test server::startup_helper_tests::merge_extension_prepare_failure_prevents_graph_mutation ... ok
test server::startup_helper_tests::merge_extension_finalize_failure_surfaces_after_graph_and_finalizers ... ok
test server::startup_helper_tests::probe_remote_sha_errors_on_git_failure ... ok
test server::startup_helper_tests::missing_project_is_a_true_noop_without_finalization ... ok
test server::startup_helper_tests::merge_failure_finalizes_partial_repo_deletion ... ok
test server::startup_helper_tests::production_config_loader_couples_parsed_config_to_canonical_provenance ... ok
test server::startup_helper_tests::node_deletion_generation_exhaustion_is_reported_while_pagerank_is_invalidated ... ok
test server::startup_helper_tests::production_startup_preserves_configured_but_writer_unavailable_state ... ok
test server::startup_helper_tests::merge_surfaces_search_reconciliation_failure_after_committed_mutation ... ok
test server::startup_helper_tests::mismatched_uid_merge_error_finalizes_registered_repo ... ok
test server::startup_helper_tests::probe_remote_sha_returns_none_for_missing_ref ... ok
test server::startup_helper_tests::mismatched_uid_purge_success_finalizes_registered_repo ... ok
test server::startup_helper_tests::merge_vault_collision_prunes_discarded_note_and_heading_embeddings ... ok
test server::startup_helper_tests::prune_stale_repos_never_deletes_remote_identity_repos ... ok
test server::startup_helper_tests::prune_stale_repos_prunes_missing_local_trees_only ... ok
test server::startup_helper_tests::probe_remote_sha_returns_sha_for_existing_ref ... ok
test server::startup_helper_tests::project_extension_cleanup_failure_is_retryable_and_survives_reopen ... ok
test server::startup_helper_tests::drain_ceiling_reports_honestly_and_keeps_serving ... ok
test server::startup_helper_tests::read_only_allows_all_pure_read_rpcs ... ok
test server::startup_helper_tests::read_only_does_not_enqueue_config_repos ... ok
test server::startup_helper_tests::read_only_does_not_mount_admin_api ... ok
test server::startup_helper_tests::read_only_does_not_mount_webhook ... ok
test server::startup_helper_tests::read_only_guard_service_rejects_mutating_and_passes_reads ... ok
test server::startup_helper_tests::read_only_method_partition_is_exhaustive ... ok
test server::startup_helper_tests::read_only_rejects_all_mutating_rpcs ... ok
test server::startup_helper_tests::prune_vault_failure_finalizes_earlier_repo_deletion ... ok
test server::startup_helper_tests::prune_stale_vault_prunes_note_and_heading_embeddings ... ok
test server::startup_helper_tests::prune_surfaces_search_reconciliation_failure_after_other_finalizers ... ok
test server::startup_helper_tests::nonexistent_vault_skips_all_reconciliation_after_unknown_preflight ... ok
test server::startup_helper_tests::purge_preserves_real_mutation_error_and_appends_real_reconciliation_failure ... ok
test server::startup_helper_tests::prune_repo_failure_finalizes_earlier_deletions_before_returning_error ... ok
test server::startup_helper_tests::purge_instance_durably_removes_deleted_project_extensions_only ... ok
test server::startup_helper_tests::purge_failure_finalizes_partial_repo_deletion ... ok
test server::startup_helper_tests::reconciler_stops_on_shutdown_broadcast ... ok
test server::startup_helper_tests::reconciler_stops_when_shutdown_starts ... ok
test server::startup_helper_tests::purge_vault_only_instance_prunes_note_and_heading_embeddings ... ok
test server::startup_helper_tests::register_watcher_force_replaces_orphaned_incumbent ... ok
test server::startup_helper_tests::reconciled_retry_skips_graph_and_finalizers_then_finishes_extensions ... ok
test server::startup_helper_tests::real_code_finalizer_persistence_failure_keeps_graph_applied_journal ... ok
test server::startup_helper_tests::reindex_search_holds_write_gate ... ok
test server::startup_helper_tests::reconciler_drains_the_outbox_with_no_writer_involvement ... ok
test server::boot_reconciliation_tests::read_write_daemon_boot_recovers_the_abandoned_publication ... FAILED
test server::startup_helper_tests::remove_project_aggregates_graph_and_finalizer_errors ... ok
test server::startup_helper_tests::remove_project_surfaces_generation_exhaustion_after_committed_delete ... ok
test server::startup_helper_tests::remove_repo_bulk_error_finalizes_ambiguous_partial_deletion_extensions ... ok
test server::startup_helper_tests::remove_project_holds_write_gate ... ok
test server::startup_helper_tests::remove_project_persists_generation_invalidates_pagerank_and_survives_reopen ... ok
test server::startup_helper_tests::remove_null_name_project_cleans_graph_and_sidecars_durably ... ok
test server::startup_helper_tests::removed_project_metadata_is_absent_from_query_extensions_rpc ... ok
test server::startup_helper_tests::remove_vault_targeted_extension_cleanup_preserves_unrelated_note_keys ... ok
test server::startup_helper_tests::remove_project_surfaces_generation_save_and_pagerank_unlink_failures ... ok
test server::startup_helper_tests::remove_vault_prunes_note_and_heading_embeddings ... ok
test server::startup_helper_tests::serve_ui_already_running_reports_actual_port ... ok
test server::startup_helper_tests::serve_ui_foreign_busy_port_returns_port_in_use ... ok
test server::startup_helper_tests::repo_extension_cleanup_failure_is_retryable_and_preserves_non_graph_keys_on_reopen ... ok
test server::startup_helper_tests::shutdown_sets_drained_before_draining ... ok
test server::startup_helper_tests::remove_repo_late_failure_finalizes_committed_children ... ok
test server::startup_helper_tests::reconciler_write_is_counted_in_active_writes ... ok
test server::startup_helper_tests::set_extension_holds_write_gate ... ok
test server::startup_helper_tests::shutdown_still_works_after_an_admin_api_drain ... ok
test server::startup_helper_tests::shutdown_stops_active_watcher ... ok
test server::startup_helper_tests::the_daemon_owns_data_identity_unless_a_caller_names_an_instance ... ok
test server::startup_helper_tests::tls_handshake_completes_for_valid_client ... ok
test server::startup_helper_tests::tls_handshake_times_out_on_silent_client ... ok
test server::startup_helper_tests::trigram_reconcile_backoff_grows_then_caps ... ok
test server::startup_helper_tests::typed_brain_search_enforces_request_repo_visibility_and_preserves_counts ... ok
test server::startup_helper_tests::startup_recovery_automatically_finishes_a_prepared_extension_migration ... ok
test server::startup_helper_tests::status_reports_a_running_embed_pass_and_a_queued_write ... ok
test server::startup_helper_tests::startup_recovery_restores_repo_deleted_before_destination_insert ... ok
test server::startup_helper_tests::startup_recovery_uses_graph_applied_journal_for_code_sidecars ... ok
test server::startup_helper_tests::startup_recovery_restores_vault_and_project_deleted_before_destination_insert ... ok
test server::startup_helper_tests::uds_config_loader_rejects_missing_explicit_config_without_default_fallback ... ok
test server::startup_helper_tests::uds_config_loader_rejects_malformed_explicit_config_without_default_fallback ... ok
test server::startup_helper_tests::validate_bind_security_allows_loopback_plaintext ... ok
test server::startup_helper_tests::validate_bind_security_requires_auth_for_non_loopback ... ok
test server::startup_helper_tests::suggest_links_reads_the_canonical_manifest_sidecar ... ok
test server::startup_helper_tests::validate_bind_security_requires_tls_for_non_loopback ... ok
test server::startup_helper_tests::validate_bind_security_treats_acme_as_tls ... ok
test server::startup_helper_tests::uds_admin_sees_all_repos_under_enabled_policy ... ok
test server::startup_helper_tests::validate_token_lengths_accepts_min_length ... ok
test server::startup_helper_tests::validate_token_lengths_accepts_none ... ok
test server::startup_helper_tests::validate_token_lengths_rejects_admin_without_auth ... ok
test server::startup_helper_tests::suggest_links_does_not_trust_a_legacy_only_manifest_sidecar ... ok
test server::startup_helper_tests::validate_token_lengths_rejects_equal_auth_and_admin ... ok
test server::startup_helper_tests::validate_token_lengths_rejects_short_token ... ok
test server::startup_helper_tests::validate_webhook_secret_lengths_accepts_min_length ... ok
test server::startup_helper_tests::validate_webhook_secret_lengths_accepts_none ... ok
test server::startup_helper_tests::validate_webhook_secret_lengths_rejects_short_secret ... ok
test server::watch_path_allowed_tests::config_allows_file_url_registered_repo ... ok
test server::watch_path_allowed_tests::config_rejects_unregistered_and_vault_filter_applies ... ok
test server::watch_path_allowed_tests::config_repo_canonical_path_strips_file_scheme ... ok
test server::watch_path_allowed_tests::no_config_allows_explicit_safe_repo ... ok
test server::watch_path_allowed_tests::no_config_rejects_unsafe_roots ... ok
test server::watch_path_allowed_tests::trigram_policy_precedence_covers_every_daemon_case ... ok
test server::watch_path_allowed_tests::rejection_names_the_config_registry_and_a_pastable_remedy ... ok
test server::startup_helper_tests::typed_remove_repo_surfaces_required_generation_persistence_failure ... ok
test server::watcher_task_tracking_tests::tracking_keeps_live_tasks_and_reaps_finished_ones ... ok
test webhook::tests::extract_gitea_repo_url ... ok
test webhook::tests::extract_github_preferred_over_gitlab ... ok
test webhook::tests::extract_github_repo_url ... ok
test webhook::tests::extract_gitlab_repo_url ... ok
test webhook::tests::extract_missing_repo_url ... ok
test webhook::tests::verify_dual_secret_new_takes_precedence ... ok
test webhook::tests::verify_dual_secret_old_matches ... ok
test webhook::tests::verify_gitea_dual_secret_old_matches ... ok
test webhook::tests::verify_invalid_gitea_signature ... ok
test webhook::tests::verify_invalid_signature ... ok
test webhook::tests::verify_malformed_hex_rejected ... ok
test webhook::tests::verify_missing_header_rejected ... ok
test webhook::tests::verify_valid_gitea_signature ... ok
test webhook::tests::verify_valid_github_signature ... ok
test webhook::tests::webhook_rejects_internal_repo_url ... ok
test server::startup_helper_tests::typed_status_reports_canonical_configured_path ... ok
test server::startup_helper_tests::sigterm_does_not_broadcast_while_a_write_is_in_flight ... ok
test server::startup_helper_tests::writes_are_refused_once_shutdown_has_started ... ok
test server::startup_helper_tests::typed_remove_vault_surfaces_embedding_persistence_failure ... ok
test server::startup_helper_tests::vault_only_purge_failure_invalidates_live_and_persisted_pagerank ... ok
test server::startup_helper_tests::startup_recovery_fails_closed_on_corrupt_versioned_or_mismatched_journal ... ok
test server::startup_helper_tests::startup_recovery_uses_graph_applied_journal_for_tantivy ... ok
test server::startup_helper_tests::unavailable_search_finalizer_keeps_graph_applied_journal_until_restart_retry ... ok
test server::watcher_e2e_tests::daemon_clean_shutdown_leaves_no_dirs_for_temp_db ... FAILED
test server::watcher_e2e_tests::daemon_e2e_pid_watch_force_and_shutdown ... FAILED

failures:

---- lifecycle::tests::effective_config_binding_is_private_on_unix stdout ----

thread 'lifecycle::tests::effective_config_binding_is_private_on_unix' (27497239) panicked at crates/nestweaver-daemon/src/lifecycle.rs:3329:69:
called `Result::unwrap()` on an `Err` value: Write { path: "/var/folders/wy/f399vst543dbrw08w_y3wmh00000gn/T/.tmpGtqvA1/nestweaver/permissions/effective-config.json", source: Os { code: 2, kind: NotFound, message: "No such file or directory" } }
note: run with `RUST_BACKTRACE=1` environment variable to display a backtrace

---- lifecycle::tests::effective_config_binding_reader_rejects_unsafe_mode_and_oversize stdout ----

thread 'lifecycle::tests::effective_config_binding_reader_rejects_unsafe_mode_and_oversize' (27497241) panicked at crates/nestweaver-daemon/src/lifecycle.rs:3381:64:
called `Result::unwrap()` on an `Err` value: Write { path: "/var/folders/wy/f399vst543dbrw08w_y3wmh00000gn/T/.tmpI0WChE/nestweaver/unsafe/effective-config.json", source: Os { code: 2, kind: NotFound, message: "No such file or directory" } }

---- lifecycle::tests::effective_config_binding_paths_are_isolated_per_instance stdout ----

thread 'lifecycle::tests::effective_config_binding_paths_are_isolated_per_instance' (27497240) panicked at crates/nestweaver-daemon/src/lifecycle.rs:3185:74:
called `Result::unwrap()` on an `Err` value: Write { path: "/var/folders/wy/f399vst543dbrw08w_y3wmh00000gn/T/.tmpAn2pJc/nestweaver/instance-a/effective-config.json", source: Os { code: 2, kind: NotFound, message: "No such file or directory" } }

---- lifecycle::tests::effective_config_binding_replacement_leaves_one_complete_record stdout ----

thread 'lifecycle::tests::effective_config_binding_replacement_leaves_one_complete_record' (27497268) panicked at crates/nestweaver-daemon/src/lifecycle.rs:3280:69:
called `Result::unwrap()` on an `Err` value: Write { path: "/var/folders/wy/f399vst543dbrw08w_y3wmh00000gn/T/.tmpBKoQWf/nestweaver/replace/effective-config.json", source: Os { code: 2, kind: NotFound, message: "No such file or directory" } }

---- lifecycle::tests::effective_config_binding_reports_absent_corrupt_version_and_pid_errors stdout ----

thread 'lifecycle::tests::effective_config_binding_reports_absent_corrupt_version_and_pid_errors' (27497271) panicked at crates/nestweaver-daemon/src/lifecycle.rs:3235:64:
called `Result::unwrap()` on an `Err` value: Write { path: "/var/folders/wy/f399vst543dbrw08w_y3wmh00000gn/T/.tmpjKn60M/nestweaver/errors/effective-config.json", source: Os { code: 2, kind: NotFound, message: "No such file or directory" } }

---- lifecycle::tests::effective_config_binding_roundtrips_configured_and_defaults stdout ----

thread 'lifecycle::tests::effective_config_binding_roundtrips_configured_and_defaults' (27497273) panicked at crates/nestweaver-daemon/src/lifecycle.rs:3208:70:
called `Result::unwrap()` on an `Err` value: Write { path: "/var/folders/wy/f399vst543dbrw08w_y3wmh00000gn/T/.tmp0ZDGy6/nestweaver/roundtrip/effective-config.json", source: Os { code: 2, kind: NotFound, message: "No such file or directory" } }

---- lifecycle::tests::effective_config_binding_retries_stale_temp_name_collision stdout ----

thread 'lifecycle::tests::effective_config_binding_retries_stale_temp_name_collision' (27497272) panicked at crates/nestweaver-daemon/src/lifecycle.rs:3306:72:
called `Result::unwrap()` on an `Err` value: Os { code: 2, kind: NotFound, message: "No such file or directory" }

---- lifecycle::tests::legacy_runtime_cleanup_removes_effective_config_binding stdout ----

thread 'lifecycle::tests::legacy_runtime_cleanup_removes_effective_config_binding' (27497347) panicked at crates/nestweaver-daemon/src/lifecycle.rs:3419:63:
called `Result::unwrap()` on an `Err` value: Write { path: "/var/folders/wy/f399vst543dbrw08w_y3wmh00000gn/T/.tmp5O0YfS/nestweaver/9da0b182/effective-config.json", source: Os { code: 2, kind: NotFound, message: "No such file or directory" } }

---- lifecycle::tests::retiring_a_superseded_identity_removes_its_runtime_artifacts stdout ----

thread 'lifecycle::tests::retiring_a_superseded_identity_removes_its_runtime_artifacts' (27497368) panicked at crates/nestweaver-daemon/src/lifecycle.rs:3442:62:
called `Result::unwrap()` on an `Err` value: Write { path: "/var/folders/wy/f399vst543dbrw08w_y3wmh00000gn/T/.tmp9kUqDo/nestweaver/aaaabbbb/effective-config.json", source: Os { code: 2, kind: NotFound, message: "No such file or directory" } }

---- lifecycle::tests::retiring_is_a_no_op_when_the_identity_did_not_change stdout ----

thread 'lifecycle::tests::retiring_is_a_no_op_when_the_identity_did_not_change' (27497369) panicked at crates/nestweaver-daemon/src/lifecycle.rs:3468:58:
called `Result::unwrap()` on an `Err` value: Write { path: "/var/folders/wy/f399vst543dbrw08w_y3wmh00000gn/T/.tmpiKF8XR/nestweaver/eeeeffff/effective-config.json", source: Os { code: 2, kind: NotFound, message: "No such file or directory" } }

---- server::boot_reconciliation_tests::read_write_daemon_boot_recovers_the_abandoned_publication stdout ----
[daemon] starting for /private/var/folders/wy/f399vst543dbrw08w_y3wmh00000gn/T/.tmpXQ5WnA/brain.lbug (instance .tmpXQ5WnA-8ef99abb)

thread 'server::boot_reconciliation_tests::read_write_daemon_boot_recovers_the_abandoned_publication' (27497413) panicked at crates/nestweaver-daemon/src/server.rs:19283:33:
daemon socket did not come up within 10s

---- server::watcher_e2e_tests::daemon_clean_shutdown_leaves_no_dirs_for_temp_db stdout ----
[daemon] starting for /private/var/folders/wy/f399vst543dbrw08w_y3wmh00000gn/T/.tmprCIztT/brain.lbug (instance .tmprCIztT-faa90aa0)

thread 'server::watcher_e2e_tests::daemon_clean_shutdown_leaves_no_dirs_for_temp_db' (27499328) panicked at crates/nestweaver-daemon/src/server.rs:19936:33:
daemon socket did not come up within 10s

---- server::watcher_e2e_tests::daemon_e2e_pid_watch_force_and_shutdown stdout ----
[daemon] starting for /private/var/folders/wy/f399vst543dbrw08w_y3wmh00000gn/T/.tmpxdIcF9/brain.lbug (instance .tmpxdIcF9-92425b5b)

thread 'server::watcher_e2e_tests::daemon_e2e_pid_watch_force_and_shutdown' (27499333) panicked at crates/nestweaver-daemon/src/server.rs:19702:33:
daemon socket did not come up within 10s


failures:
    lifecycle::tests::effective_config_binding_is_private_on_unix
    lifecycle::tests::effective_config_binding_paths_are_isolated_per_instance
    lifecycle::tests::effective_config_binding_reader_rejects_unsafe_mode_and_oversize
    lifecycle::tests::effective_config_binding_replacement_leaves_one_complete_record
    lifecycle::tests::effective_config_binding_reports_absent_corrupt_version_and_pid_errors
    lifecycle::tests::effective_config_binding_retries_stale_temp_name_collision
    lifecycle::tests::effective_config_binding_roundtrips_configured_and_defaults
    lifecycle::tests::legacy_runtime_cleanup_removes_effective_config_binding
    lifecycle::tests::retiring_a_superseded_identity_removes_its_runtime_artifacts
    lifecycle::tests::retiring_is_a_no_op_when_the_identity_did_not_change
    server::boot_reconciliation_tests::read_write_daemon_boot_recovers_the_abandoned_publication
    server::watcher_e2e_tests::daemon_clean_shutdown_leaves_no_dirs_for_temp_db
    server::watcher_e2e_tests::daemon_e2e_pid_watch_force_and_shutdown

test result: FAILED. 268 passed; 13 failed; 0 ignored; 0 measured; 0 filtered out; finished in 38.28s

error: test failed, to rerun pass `-p nestweaver-daemon --lib`

*** result: Failure(101)
